<edmx:Edmx
    xmlns:edmx="http://schemas.microsoft.com/ado/2007/06/edmx"
    xmlns:m="http://schemas.microsoft.com/ado/2007/08/dataservices/metadata"
    xmlns:sap="http://www.sap.com/Protocols/SAPData" Version="1.0">
    <edmx:Reference
        xmlns:edmx="http://docs.oasis-open.org/odata/ns/edmx" Uri="./IWFND/CATALOGSERVICE;v=2/Vocabularies(TechnicalName='%2FIWBEP%2FVOC_COMMON',Version='0001',SAP__Origin='')/$value">
        <edmx:Include Namespace="com.sap.vocabularies.Common.v1" Alias="Common"/>
    </edmx:Reference>
    <edmx:Reference
        xmlns:edmx="http://docs.oasis-open.org/odata/ns/edmx" Uri="./IWFND/CATALOGSERVICE;v=2/Vocabularies(TechnicalName='%2FIWBEP%2FVOC_CAPABILITIES',Version='0001',SAP__Origin='')/$value">
        <edmx:Include Namespace="Org.OData.Capabilities.V1" Alias="Capabilities"/>
    </edmx:Reference>
    <edmx:Reference
        xmlns:edmx="http://docs.oasis-open.org/odata/ns/edmx" Uri="./IWFND/CATALOGSERVICE;v=2/Vocabularies(TechnicalName='%2FIWBEP%2FVOC_COMMUNICATION',Version='0001',SAP__Origin='')/$value">
        <edmx:Include Namespace="com.sap.vocabularies.Communication.v1" Alias="Communication"/>
    </edmx:Reference>
    <edmx:Reference
        xmlns:edmx="http://docs.oasis-open.org/odata/ns/edmx" Uri="./IWFND/CATALOGSERVICE;v=2/Vocabularies(TechnicalName='%2FIWBEP%2FVOC_AGGREGATION',Version='0001',SAP__Origin='')/$value">
        <edmx:Include Namespace="Org.OData.Aggregation.V1" Alias="Aggregation"/>
    </edmx:Reference>
    <edmx:Reference
        xmlns:edmx="http://docs.oasis-open.org/odata/ns/edmx" Uri="./IWFND/CATALOGSERVICE;v=2/Vocabularies(TechnicalName='%2FIWBEP%2FVOC_PERSONALDATA',Version='0001',SAP__Origin='')/$value">
        <edmx:Include Namespace="com.sap.vocabularies.PersonalData.v1" Alias="PersonalData"/>
    </edmx:Reference>
    <edmx:Reference
        xmlns:edmx="http://docs.oasis-open.org/odata/ns/edmx" Uri="./IWFND/CATALOGSERVICE;v=2/Vocabularies(TechnicalName='%2FIWBEP%2FVOC_VALIDATION',Version='0001',SAP__Origin='')/$value">
        <edmx:Include Namespace="Org.OData.Validation.V1" Alias="Validation"/>
    </edmx:Reference>
    <edmx:Reference
        xmlns:edmx="http://docs.oasis-open.org/odata/ns/edmx" Uri="./IWFND/CATALOGSERVICE;v=2/Vocabularies(TechnicalName='%2FIWBEP%2FVOC_ANALYTICS',Version='0001',SAP__Origin='')/$value">
        <edmx:Include Namespace="com.sap.vocabularies.Analytics.v1" Alias="Analytics"/>
    </edmx:Reference>
    <edmx:Reference
        xmlns:edmx="http://docs.oasis-open.org/odata/ns/edmx" Uri="./IWFND/CATALOGSERVICE;v=2/Vocabularies(TechnicalName='%2FIWBEP%2FVOC_MEASURES',Version='0001',SAP__Origin='')/$value">
        <edmx:Include Namespace="Org.OData.Measures.V1" Alias="Measures"/>
    </edmx:Reference>
    <edmx:Reference
        xmlns:edmx="http://docs.oasis-open.org/odata/ns/edmx" Uri="./IWFND/CATALOGSERVICE;v=2/Vocabularies(TechnicalName='%2FIWBEP%2FVOC_UI',Version='0001',SAP__Origin='')/$value">
        <edmx:Include Namespace="com.sap.vocabularies.UI.v1" Alias="UI"/>
    </edmx:Reference>
    <edmx:DataServices m:DataServiceVersion="2.0">
        <Schema
            xmlns="http://schemas.microsoft.com/ado/2008/09/edm" Namespace="cds_zptp_asbuildmbom_ser" xml:lang="en" sap:schema-version="1">
            <EntityType Name="I_MaterialVHType" sap:label="Material Value Help" sap:value-list="true" sap:content-version="1">
                <Key>
                    <PropertyRef Name="Material"/>
                </Key>
                <Property Name="Material" Type="Edm.String" Nullable="false" MaxLength="40" sap:display-format="UpperCase" sap:text="Material_Text" sap:label="Material" sap:quickinfo="Material Number"/>
                <Property Name="Material_Text" Type="Edm.String" MaxLength="40" sap:label="Material Description" sap:creatable="false" sap:updatable="false"/>
                <Property Name="MaterialType" Type="Edm.String" MaxLength="4" sap:display-format="UpperCase" sap:label="Material type"/>
                <Property Name="MaterialGroup" Type="Edm.String" MaxLength="9" sap:display-format="UpperCase" sap:label="Material Group"/>
                <Property Name="MaterialBaseUnit" Type="Edm.String" MaxLength="3" sap:label="Base Unit of Measure" sap:semantics="unit-of-measure"/>
                <Property Name="MaterialGrossWeight" Type="Edm.Decimal" Precision="13" Scale="3" sap:unit="MaterialWeightUnit" sap:label="Gross weight"/>
                <Property Name="MaterialNetWeight" Type="Edm.Decimal" Precision="13" Scale="3" sap:unit="MaterialWeightUnit" sap:label="Net weight"/>
                <Property Name="MaterialWeightUnit" Type="Edm.String" MaxLength="3" sap:label="Weight unit" sap:quickinfo="Weight Unit" sap:semantics="unit-of-measure"/>
                <Property Name="MaterialManufacturerNumber" Type="Edm.String" MaxLength="10" sap:display-format="UpperCase" sap:label="Manufacturer" sap:quickinfo="Manufacturer number"/>
                <Property Name="MaterialManufacturerPartNumber" Type="Edm.String" MaxLength="40" sap:display-format="UpperCase" sap:label="Mfr Part Number" sap:quickinfo="Manufacturer Part Number"/>
                <Property Name="AuthorizationGroup" Type="Edm.String" MaxLength="4" sap:display-format="UpperCase" sap:label="Authorization Group"/>
                <Property Name="IsBatchManagementRequired" Type="Edm.Boolean" sap:display-format="UpperCase" sap:label="Batch Management" sap:quickinfo="Batch Management Requirement Indicator"/>
            </EntityType>
            <EntityType Name="AsBuildMBOMType" sap:label="As Build MBOM" sap:content-version="1">
                <Key>
                    <PropertyRef Name="vehicleordernumber"/>
                    <PropertyRef Name="vin"/>
                    <PropertyRef Name="material"/>
                </Key>
                <Property Name="vehicleordernumber" Type="Edm.String" Nullable="false" MaxLength="10" sap:display-format="UpperCase" sap:label="Vehicle Order Number" sap:quickinfo="Internal Vehicle Number"/>
                <Property Name="vin" Type="Edm.String" Nullable="false" MaxLength="35" sap:label="VIN" sap:quickinfo="Vehicle Identification Number (Vehicle Identification No.)" sap:value-list="standard"/>
                <Property Name="material" Type="Edm.String" Nullable="false" MaxLength="40" sap:display-format="UpperCase" sap:label="Material" sap:quickinfo="Material Number" sap:value-list="standard"/>
                <Property Name="handoverdate" Type="Edm.DateTime" Precision="0" sap:display-format="Date" sap:label="Handover Date"/>
                <Property Name="handovertime" Type="Edm.Time" Precision="0" sap:label="Handover Time"/>
                <Property Name="versionnumber" Type="Edm.String" MaxLength="4" sap:display-format="NonNegative" sap:label="Version Number"/>
                <Property Name="eco" Type="Edm.String" MaxLength="18" sap:display-format="UpperCase" sap:label="ECO"/>
                <Property Name="quantity" Type="Edm.Decimal" Precision="13" Scale="3" sap:unit="uom" sap:label="Quantity"/>
                <Property Name="uom" Type="Edm.String" MaxLength="3" sap:label="Base Unit of Measure" sap:semantics="unit-of-measure"/>
                <Property Name="suppliercode" Type="Edm.String" MaxLength="10" sap:display-format="UpperCase" sap:label="Supplier" sap:quickinfo="Account Number of Vendor or Creditor"/>
                <Property Name="suppliername" Type="Edm.String" MaxLength="35" sap:label="Supplier Name" sap:quickinfo="Name 1"/>
                <Property Name="purchaseorder" Type="Edm.String" MaxLength="10" sap:display-format="UpperCase" sap:label="Purchasing Document" sap:quickinfo="Purchasing Document Number"/>
                <Property Name="purchaseorderitem" Type="Edm.String" MaxLength="5" sap:display-format="NonNegative" sap:label="Item" sap:quickinfo="Item Number of Purchasing Document"/>
                <Property Name="poquantity" Type="Edm.Decimal" Precision="13" Scale="3" sap:unit="pouom" sap:label="Purchase Order Quantity" sap:quickinfo="Input Quantity"/>
                <Property Name="pouom" Type="Edm.String" MaxLength="3" sap:label="Purchase Order Unit" sap:quickinfo="Base Unit of Measure" sap:semantics="unit-of-measure"/>
                <Property Name="difference" Type="Edm.Decimal" Precision="13" Scale="3" sap:unit="differenceuom" sap:label="Difference"/>
                <Property Name="differenceuom" Type="Edm.String" MaxLength="3" sap:label="Difference Unit" sap:quickinfo="Base Unit of Measure" sap:semantics="unit-of-measure"/>
                <Property Name="sign" Type="Edm.String" MaxLength="1" sap:display-format="UpperCase" sap:label="Sign"/>
                <Property Name="erdat" Type="Edm.DateTime" Precision="0" sap:display-format="Date" sap:label="Created on" sap:quickinfo="Date on which the record was created"/>
                <Property Name="ernam" Type="Edm.String" MaxLength="12" sap:display-format="UpperCase" sap:label="Created by" sap:quickinfo="Name of Person who Created the Object"/>
                <Property Name="aedat" Type="Edm.DateTime" Precision="0" sap:display-format="Date" sap:label="Changed On" sap:quickinfo="Date of Last Change"/>
                <Property Name="aenam" Type="Edm.String" MaxLength="12" sap:display-format="UpperCase" sap:label="Changed by" sap:quickinfo="Name of person who changed object"/>
            </EntityType>
            <EntityType Name="ZVMS_VIN_VHType" sap:label="Value help for VINs" sap:value-list="true" sap:content-version="1">
                <Key>
                    <PropertyRef Name="vhvin"/>
                    <PropertyRef Name="vguid"/>
                </Key>
                <Property Name="vhvin" Type="Edm.String" Nullable="false" MaxLength="35" sap:label="VIN" sap:quickinfo="Vehicle Identification Number (Vehicle Identification No.)"/>
                <Property Name="vguid" Type="Edm.Guid" Nullable="false" sap:label="Vehicle GUID" sap:quickinfo="Vehicle GUID (Globally Unique IDentifier)"/>
                <Property Name="Equnr" Type="Edm.String" MaxLength="18" sap:display-format="UpperCase" sap:label="Equipment" sap:quickinfo="Equipment Number"/>
            </EntityType>
            <EntityContainer Name="cds_zptp_asbuildmbom_ser_Entities" m:IsDefaultEntityContainer="true" sap:message-scope-supported="true" sap:supported-formats="atom json xlsx">
                <EntitySet Name="I_MaterialVH" EntityType="cds_zptp_asbuildmbom_ser.I_MaterialVHType" sap:creatable="false" sap:updatable="false" sap:deletable="false" sap:searchable="true" sap:content-version="1"/>
                <EntitySet Name="AsBuildMBOM" EntityType="cds_zptp_asbuildmbom_ser.AsBuildMBOMType" sap:creatable="false" sap:updatable="false" sap:deletable="false" sap:searchable="true" sap:content-version="1"/>
                <EntitySet Name="ZVMS_VIN_VH" EntityType="cds_zptp_asbuildmbom_ser.ZVMS_VIN_VHType" sap:creatable="false" sap:updatable="false" sap:deletable="false" sap:searchable="true" sap:content-version="1"/>
                <FunctionImport Name="PostDifference" ReturnType="cds_zptp_asbuildmbom_ser.AsBuildMBOMType" EntitySet="AsBuildMBOM" m:HttpMethod="POST" sap:action-for="cds_zptp_asbuildmbom_ser.AsBuildMBOMType">
                    <Parameter Name="vehicleordernumber" Type="Edm.String" Mode="In" MaxLength="10"/>
                    <Parameter Name="vin" Type="Edm.String" Mode="In" MaxLength="35"/>
                    <Parameter Name="material" Type="Edm.String" Mode="In" MaxLength="40"/>
                </FunctionImport>
            </EntityContainer>
            <Annotations
                xmlns="http://docs.oasis-open.org/odata/ns/edm" Target="cds_zptp_asbuildmbom_ser.AsBuildMBOMType/vin">
                <Annotation Term="Common.ValueList">
                    <Record>
                        <PropertyValue Property="Label" String="VIN"/>
                        <PropertyValue Property="CollectionPath" String="ZVMS_VIN_VH"/>
                        <PropertyValue Property="SearchSupported" Bool="true"/>
                        <PropertyValue Property="Parameters">
                            <Collection>
                                <Record Type="Common.ValueListParameterInOut">
                                    <PropertyValue Property="LocalDataProperty" PropertyPath="vin"/>
                                    <PropertyValue Property="ValueListProperty" String="vhvin"/>
                                </Record>
                                <Record Type="Common.ValueListParameterDisplayOnly">
                                    <PropertyValue Property="ValueListProperty" String="vguid"/>
                                </Record>
                                <Record Type="Common.ValueListParameterDisplayOnly">
                                    <PropertyValue Property="ValueListProperty" String="Equnr"/>
                                </Record>
                            </Collection>
                        </PropertyValue>
                    </Record>
                </Annotation>
            </Annotations>
            <Annotations
                xmlns="http://docs.oasis-open.org/odata/ns/edm" Target="cds_zptp_asbuildmbom_ser.AsBuildMBOMType/material">
                <Annotation Term="Common.ValueList">
                    <Record>
                        <PropertyValue Property="Label" String="Material"/>
                        <PropertyValue Property="CollectionPath" String="I_MaterialVH"/>
                        <PropertyValue Property="SearchSupported" Bool="true"/>
                        <PropertyValue Property="Parameters">
                            <Collection>
                                <Record Type="Common.ValueListParameterInOut">
                                    <PropertyValue Property="LocalDataProperty" PropertyPath="material"/>
                                    <PropertyValue Property="ValueListProperty" String="Material"/>
                                </Record>
                                <Record Type="Common.ValueListParameterDisplayOnly">
                                    <PropertyValue Property="ValueListProperty" String="Material_Text"/>
                                </Record>
                                <Record Type="Common.ValueListParameterDisplayOnly">
                                    <PropertyValue Property="ValueListProperty" String="MaterialType"/>
                                </Record>
                                <Record Type="Common.ValueListParameterDisplayOnly">
                                    <PropertyValue Property="ValueListProperty" String="MaterialGroup"/>
                                </Record>
                                <Record Type="Common.ValueListParameterDisplayOnly">
                                    <PropertyValue Property="ValueListProperty" String="MaterialBaseUnit"/>
                                </Record>
                                <Record Type="Common.ValueListParameterDisplayOnly">
                                    <PropertyValue Property="ValueListProperty" String="MaterialGrossWeight"/>
                                </Record>
                                <Record Type="Common.ValueListParameterDisplayOnly">
                                    <PropertyValue Property="ValueListProperty" String="MaterialNetWeight"/>
                                </Record>
                                <Record Type="Common.ValueListParameterDisplayOnly">
                                    <PropertyValue Property="ValueListProperty" String="MaterialWeightUnit"/>
                                </Record>
                                <Record Type="Common.ValueListParameterDisplayOnly">
                                    <PropertyValue Property="ValueListProperty" String="MaterialManufacturerNumber"/>
                                </Record>
                                <Record Type="Common.ValueListParameterDisplayOnly">
                                    <PropertyValue Property="ValueListProperty" String="MaterialManufacturerPartNumber"/>
                                </Record>
                                <Record Type="Common.ValueListParameterDisplayOnly">
                                    <PropertyValue Property="ValueListProperty" String="AuthorizationGroup"/>
                                </Record>
                                <Record Type="Common.ValueListParameterDisplayOnly">
                                    <PropertyValue Property="ValueListProperty" String="IsBatchManagementRequired"/>
                                </Record>
                            </Collection>
                        </PropertyValue>
                    </Record>
                </Annotation>
            </Annotations>
            <Annotations
                xmlns="http://docs.oasis-open.org/odata/ns/edm" Target="cds_zptp_asbuildmbom_ser.cds_zptp_asbuildmbom_ser_Entities">
                <Annotation Term="Common.ApplyMultiUnitBehaviorForSortingAndFiltering" Bool="true"/>
                <Annotation Term="Aggregation.ApplySupported">
                    <Record>
                        <PropertyValue Property="Transformations">
                            <Collection>
                                <String>aggregate</String>
                                <String>groupby</String>
                                <String>filter</String>
                            </Collection>
                        </PropertyValue>
                        <PropertyValue Property="Rollup" EnumMember="None"/>
                    </Record>
                </Annotation>
            </Annotations>
            <Annotations
                xmlns="http://docs.oasis-open.org/odata/ns/edm" Target="cds_zptp_asbuildmbom_ser.I_MaterialVHType/MaterialGrossWeight"/>
                <Annotations
                    xmlns="http://docs.oasis-open.org/odata/ns/edm" Target="cds_zptp_asbuildmbom_ser.I_MaterialVHType/MaterialNetWeight"/>
                    <atom:link
                        xmlns:atom="http://www.w3.org/2005/Atom" rel="self" href="./sap/ZPTP_SB_ASBUILDMBOM/$metadata"/>
                        <atom:link
                            xmlns:atom="http://www.w3.org/2005/Atom" rel="latest-version" href="./sap/ZPTP_SB_ASBUILDMBOM/$metadata"/>
                        </Schema>
                    </edmx:DataServices>
                </edmx:Edmx>