<edmx:Edmx xmlns:edmx="http://docs.oasis-open.org/odata/ns/edmx" Version="4.0">
	<edmx:Reference Uri="../../catalogservice;v=2/Vocabularies(TechnicalName='%2FIWBEP%2FVOC_COMMON',Version='0001',SAP__Origin='')/$value">
		<edmx:Include Namespace="com.sap.vocabularies.Common.v1" Alias="Common"/>
	</edmx:Reference>
	<edmx:Reference Uri="../../catalogservice;v=2/Vocabularies(TechnicalName='%2FIWBEP%2FVOC_UI',Version='0001',SAP__Origin='')/$value">
		<edmx:Include Namespace="com.sap.vocabularies.UI.v1" Alias="UI"/>
	</edmx:Reference>
	<edmx:Reference
		Uri="../../catalogservice;v=2/Vocabularies(TechnicalName='%2FIWBEP%2FVOC_COMMUNICATION',Version='0001',SAP__Origin='')/$value">
		<edmx:Include Namespace="com.sap.vocabularies.Communication.v1" Alias="Communication"/>
	</edmx:Reference>
	<edmx:Reference
		Uri="../../catalogservice;v=2/Vocabularies(TechnicalName='%2FIWBEP%2FVOC_PERSONALDATA',Version='0001',SAP__Origin='')/$value">
		<edmx:Include Namespace="com.sap.vocabularies.PersonalData.v1" Alias="PersonalData"/>
	</edmx:Reference>
	<edmx:Reference Uri="../../catalogservice;v=2/Vocabularies(TechnicalName='%2FIWBEP%2FVOC_VALIDATION',Version='0001',SAP__Origin='')/$value">
		<edmx:Include Namespace="Org.OData.Validation.V1" Alias="Validation"/>
	</edmx:Reference>
	<edmx:Reference Uri="../../catalogservice;v=2/Vocabularies(TechnicalName='%2FIWBEP%2FVOC_ANALYTICS',Version='0001',SAP__Origin='')/$value">
		<edmx:Include Namespace="com.sap.vocabularies.Analytics.v1" Alias="Analytics"/>
	</edmx:Reference>
	<edmx:Reference Uri="../../../sap/zptp_sb_asbuildmbom/$metadata">
		<edmx:Include Namespace="ZPTP_SB_ASBUILDMBOM" Alias="SAP"/>
	</edmx:Reference>
	<edmx:Reference Uri="http://docs.oasis-open.org/odata/odata-data-aggregation-ext/v4.0/cs02/vocabularies/Org.OData.Aggregation.V1.xml">
		<edmx:Include Alias="Aggregation" Namespace="Org.OData.Aggregation.V1"/>
	</edmx:Reference>
	<edmx:Reference Uri="http://docs.oasis-open.org/odata/odata/v4.0/errata03/os/complete/vocabularies/Org.OData.Capabilities.V1.xml">
		<edmx:Include Alias="Capabilities" Namespace="Org.OData.Capabilities.V1"/>
	</edmx:Reference>
	<edmx:Reference Uri="http://docs.oasis-open.org/odata/odata/v4.0/errata03/os/complete/vocabularies/Org.OData.Core.V1.xml">
		<edmx:Include Alias="Core" Namespace="Org.OData.Core.V1"/>
	</edmx:Reference>
	<edmx:Reference Uri="http://docs.oasis-open.org/odata/odata/v4.0/errata03/os/complete/vocabularies/Org.OData.Measures.V1.xml">
		<edmx:Include Alias="CQP" Namespace="Org.OData.Measures.V1"/>
	</edmx:Reference>
	<edmx:DataServices>
		<Schema xmlns="http://docs.oasis-open.org/odata/ns/edm" Namespace="zptp_sb_asbuildmbom_van.v1">
			<Annotations Target="cds_zptp_asbuildmbom_ser.AsBuildMBOMType">
				<Annotation Term="UI.Facets">
					<Collection>
						<Record Type="UI.ReferenceFacet">
							<PropertyValue Property="Label" String="As Build MBOM"/>
							<PropertyValue Property="ID" String="MBOM"/>
							<PropertyValue Property="Target" AnnotationPath="@UI.Identification"/>
						</Record>
					</Collection>
				</Annotation>
				<Annotation Term="UI.HeaderInfo">
					<Record>
						<PropertyValue Property="TypeName" String="As Build MBOM"/>
						<PropertyValue Property="TypeNamePlural" String="As Build MBOM"/>
						<PropertyValue Property="Title">
							<Record Type="UI.DataField">
								<PropertyValue Property="Label" String="As Build MBOM"/>
								<PropertyValue Property="Value" Path="vehicleordernumber"/>
							</Record>
						</PropertyValue>
					</Record>
				</Annotation>
				<Annotation Term="UI.Identification">
					<Collection>
						<Record Type="UI.DataField">
							<PropertyValue Property="Label" String="Vehicle Order Number"/>
							<PropertyValue Property="Value" Path="vehicleordernumber"/>
						</Record>
						<Record Type="UI.DataField">
							<PropertyValue Property="Label" String="VIN"/>
							<PropertyValue Property="Value" Path="vin"/>
						</Record>
						<Record Type="UI.DataField">
							<PropertyValue Property="Value" Path="material"/>
						</Record>
						<Record Type="UI.DataField">
							<PropertyValue Property="Value" Path="quantity"/>
						</Record>
						<Record Type="UI.DataField">
							<PropertyValue Property="Value" Path="suppliercode"/>
						</Record>
						<Record Type="UI.DataField">
							<PropertyValue Property="Value" Path="suppliername"/>
						</Record>
						<Record Type="UI.DataField">
							<PropertyValue Property="Value" Path="purchaseorder"/>
						</Record>
						<Record Type="UI.DataField">
							<PropertyValue Property="Value" Path="poquantity"/>
						</Record>
						<Record Type="UI.DataField">
							<PropertyValue Property="Value" Path="difference"/>
						</Record>
						<Record Type="UI.DataField">
							<PropertyValue Property="Value" Path="sign"/>
						</Record>
					</Collection>
				</Annotation>
				<Annotation Term="UI.LineItem">
					<Collection>
						<Record Type="UI.DataField">
							<PropertyValue Property="Value" Path="vehicleordernumber"/>
						</Record>
						<Record Type="UI.DataField">
							<PropertyValue Property="Value" Path="vin"/>
						</Record>
						<Record Type="UI.DataField">
							<PropertyValue Property="Value" Path="material"/>
						</Record>
						<Record Type="UI.DataField">
							<PropertyValue Property="Value" Path="quantity"/>
						</Record>
						<Record Type="UI.DataField">
							<PropertyValue Property="Value" Path="suppliercode"/>
						</Record>
						<Record Type="UI.DataField">
							<PropertyValue Property="Value" Path="suppliername"/>
						</Record>
						<Record Type="UI.DataField">
							<PropertyValue Property="Value" Path="purchaseorder"/>
						</Record>
						<Record Type="UI.DataField">
							<PropertyValue Property="Value" Path="poquantity"/>
						</Record>
						<Record Type="UI.DataField">
							<PropertyValue Property="Value" Path="difference"/>
						</Record>
						<Record Type="UI.DataField">
							<PropertyValue Property="Value" Path="sign"/>
						</Record>
						<Record Type="UI.DataFieldForAction">
							<PropertyValue Property="Label" String="Post Difference"/>
							<PropertyValue Property="Action" String="cds_zptp_asbuildmbom_ser.cds_zptp_asbuildmbom_ser_Entities/PostDifference"/>
							<PropertyValue Property="InvocationGrouping" EnumMember="UI.OperationGroupingType/Isolated"/>
						</Record>
					</Collection>
				</Annotation>
				<Annotation Term="UI.PresentationVariant">
					<Record>
						<PropertyValue Property="SortOrder">
							<Collection>
								<Record Type="Common.SortOrderType">
									<PropertyValue Property="Property" PropertyPath="vehicleordernumber"/>
									<PropertyValue Property="Descending" Bool="false"/>
								</Record>
							</Collection>
						</PropertyValue>
					</Record>
				</Annotation>
				<Annotation Term="UI.SelectionFields">
					<Collection>
						<PropertyPath>vehicleordernumber</PropertyPath>
						<PropertyPath>vin</PropertyPath>
						<PropertyPath>material</PropertyPath>
					</Collection>
				</Annotation>
			</Annotations>
		</Schema>
	</edmx:DataServices>
</edmx:Edmx>