<core:FragmentDefinition xmlns="sap.m" xmlns:core="sap.ui.core">
	<ActionSheet showCancelButton="true" placement="Top">
		<!--Organization Administartion-->
		<Button text="{i18n>createOrgUnit}" press="onPressActionButton" visible="{visibleModel>/OrgMaint}" type="Emphasized"/>
		<Button text="{i18n>createOrgUnitTitle}" press="onPressActionButton" visible="{visibleModel>/OrgMaint}" type="Emphasized"/>
		<Button text="{i18n>abolishOrgUnit}" press="onPressActionButton" visible="{visibleModel>/OrgMaint}" type="Emphasized"/>
		<Button text="{i18n>createPosition}" press="onPressActionButton" visible="{visibleModel>/OrgMaint}" type="Emphasized"/>
		<Button text="{i18n>transferOrgUnit}" press="onPressActionButton" visible="{visibleModel>/OrgMaint}" type="Emphasized"/>
		
			<!--Position Administartion-->
		<Button text="{i18n>issueVacan}" press="onPressActionButton" visible="{visibleModel>/PositionMaint}" type="Emphasized"/>
		<Button text="{i18n>fillPos}" press="onPressActionButton" visible="{visibleModel>/PositionMaint}" type="Emphasized"/>
		<Button text="{i18n>assignFunding}" press="onPressActionButton" visible="{visibleModel>/PositionMaint}" type="Emphasized"/>
		<Button text="{i18n>chngePosWorkTime}" press="onPressActionButton" visible="{visibleModel>/PositionMaint}" type="Emphasized"/>
		<Button text="{i18n>extendFunding}" press="onPressActionButton" visible="{visibleModel>/PositionMaint}" type="Emphasized"/>
		<Button text="{i18n>upDowngradePos}" press="onPressActionButton" visible="{visibleModel>/PositionMaint}" type="Emphasized"/>
		<Button text="{i18n>chngePosTitle}" press="onPressActionButton" visible="{visibleModel>/PositionMaint}" type="Emphasized"/>
		<Button text="{i18n>transferPosToAnotherOrg}" press="onPressActionButton" visible="{visibleModel>/PositionMaint}" type="Emphasized"/>
		<Button text="{i18n>chngePosTyp}" press="onPressActionButton" visible="{visibleModel>/PositionMaint}" type="Emphasized"/>
		<Button text="{i18n>abolishPos}" press="onPressActionButton" visible="{visibleModel>/PositionMaint}" type="Emphasized"/>
				<!--Personnel CHange Request-->
		<Button text="{i18n>transferEmp}" press="onPressActionButton" visible="{visibleModel>/posMaint}" type="Emphasized"/>
		<Button text="{i18n>extendEmp}" press="onPressActionButton" visible="{visibleModel>/posMaint}" type="Emphasized"/>
		<Button text="{i18n>PromOrDem}" press="onPressActionButton" visible="{visibleModel>/posMaint}" type="Emphasized"/>
		<Button text="{i18n>speAllo}" press="onPressActionButton" visible="{visibleModel>/posMaint}" type="Emphasized"/>
		<Button text="{i18n>chngeEmpCat}" press="onPressActionButton" visible="{visibleModel>/posMaint}" type="Emphasized"/>
		<Button text="{i18n>chngeEmpConTyp}" press="onPressActionButton" visible="{visibleModel>/posMaint}" type="Emphasized"/>
		<Button text="{i18n>extendTemDuty}" press="onPressActionButton" visible="{visibleModel>/posMaint}" type="Emphasized"/>
	</ActionSheet>
</core:FragmentDefinition>