<core:FragmentDefinition xmlns="sap.m" xmlns:core="sap.ui.core" xmlns:f="sap.ui.layout.form" xmlns:l="sap.ui.layout">
	<f:SimpleForm layout="ResponsiveGridLayout" editable="true" emptySpanL="6" columnsL="2" busy="{visibleModel>/formBusy}">
		<Label></Label>
		<Text>
			<layoutData>
				<l:GridData span="XL4 L3 M4 S12"/>
			</layoutData>
		</Text>
		<Label text="{i18n>propsedDate}" design="Bold">
			<layoutData>
				<l:GridData span="XL4 L2 M4 S12"/>
			</layoutData>
		</Label>
		<DatePicker value="{visibleModel>/effectiveDate}" displayFormat="MM/dd/yyyy" width="60%" valueFormat="MM/dd/yyyy" valueState="{visibleModel>/valueStateEffDate}">
			<layoutData>
				<l:GridData span="XL4 L3 M4 S12"/>
			</layoutData>
		</DatePicker>
		<Label text="Org. Unit of Position" design="Bold"/>
		<Text text="{positionFormModel>/OrgUnit}">
			<layoutData>
				<l:GridData span="XL4 L3 M4 S12"/>
			</layoutData>
		</Text>
		<Label text="{i18n>posNumber}" design="Bold"></Label>
		<Text text="{positionFormModel>/PosId}">
			<layoutData>
				<l:GridData span="XL4 L3 M4 S12"/>
			</layoutData>
		</Text>
		<Label text="{i18n>job}" design="Bold"/>
		<Text text="{positionFormModel>/Job}">
			<layoutData>
				<l:GridData span="XL4 L3 M4 S12"/>
			</layoutData>
		</Text>
		<Label text="{i18n>posTitle}" design="Bold"></Label>
		<Text text="{positionFormModel>/PosText}">
			<layoutData>
				<l:GridData span="XL4 L3 M4 S12"/>
			</layoutData>
		</Text>
		<Label text="{i18n>posGrade}" design="Bold"/>
		<Text text="{positionFormModel>/PosGrade}">
			<layoutData>
				<l:GridData span="XL4 L3 M4 S12"/>
			</layoutData>
		</Text>
		<Label text="{i18n>posFundNTE}" design="Bold"/>
		<Text text="{positionFormModel>/Nte}">
			<layoutData>
				<l:GridData span="XL4 L3 M4 S12"/>
			</layoutData>
		</Text>
		<DatePicker value="{visibleModel>/fundingNteNew}" displayFormat="MM/dd/yyyy" width="60%" valueFormat="MM/dd/yyyy" valueState="{visibleModel>/valueStateNteDate}">
			<layoutData>
				<l:GridData span="XL4 L3 M4 S12"/>
			</layoutData>
		</DatePicker>
		<Label text="{i18n>workSchedule}" design="Bold"/>
		<Text text="{positionFormModel>/Workschedule}">
			<layoutData>
				<l:GridData span="XL4 L3 M4 S12"/>
			</layoutData>
		</Text>
		<Label text="{i18n>costCenter}" design="Bold"/>
		<Text text="{positionFormModel>/Costcenter}">
			<layoutData>
				<l:GridData span="XL4 L3 M4 S12"/>
			</layoutData>
		</Text>
		<Label text="{i18n>personnelArea}" design="Bold"/>
		<Text text="{positionFormModel>/Parea}">
			<layoutData>
				<l:GridData span="XL4 L3 M4 S12"/>
			</layoutData>
		</Text>
		<Input value="{visibleModel>/personelArea}" showValueHelp="true" valueHelpOnly="true" valueHelpRequest="onLoadPersonalArea" name="personnelArea">
			<layoutData>
				<l:GridData span="XL4 L3 M4 S12"/>
			</layoutData>
		</Input>
		<!--<ComboBox selectedKey="{visibleModel>/personelArea}" items="{path: 'pAreaModel>/'}" loadItems="onLoadPersonalArea">-->
		<!--	<layoutData>-->
		<!--		<l:GridData span="XL4 L3 M4 S12"/>-->
		<!--	</layoutData>-->
		<!--	<core:Item key="{pAreaModel>Parea}" text="{pAreaModel>Ptext}"/>-->
		<!--</ComboBox>-->
		<Label text="{i18n>persnlSubArea}" design="Bold"/>
		<Text text="{positionFormModel>/Psarea}">
			<layoutData>
				<l:GridData span="XL4 L3 M4 S12"/>
			</layoutData>
		</Text>
		<Input value="{visibleModel>/personelSubArea}" showValueHelp="true" valueHelpOnly="true" valueHelpRequest="onLoadPersonalSubArea" name="personnelSubArea">
			<layoutData>
				<l:GridData span="XL4 L3 M4 S12"/>
			</layoutData>
		</Input>
		<Label text="{i18n>intrnlOrder}" design="Bold"/>
		<Text text="{positionFormModel>/InternalOrder}">
			<layoutData>
				<l:GridData span="XL4 L4 M4 S12"/>
			</layoutData>
		</Text>
		<Input value="{visibleModel>/internalOrder}" showValueHelp="true" valueHelpOnly="true" valueHelpRequest="onLoadInternalOrder" name="internalOrder">
			<layoutData>
				<l:GridData span="XL4 L2 M4 S12"/>
			</layoutData>
		</Input>
		<Label text="{i18n>wbs}" design="Bold"/>
		<Text text="{positionFormModel>/Wbs}">
			<layoutData>
				<l:GridData span="XL4 L3 M4 S12"/>
			</layoutData>
		</Text>
		<Input value="{visibleModel>/wbs}" showValueHelp="true" valueHelpOnly="true" valueHelpRequest="onLoadWBS" name="wbsElement">
			<layoutData>
				<l:GridData span="XL4 L3 M4 S12"/>
			</layoutData>
		</Input>
		<!--<ComboBox selectedKey="{visibleModel>/wbs}" items="{wbsModel>/}" loadItems="onLoadWBS">-->
		<!--	<layoutData>-->
		<!--		<l:GridData span="XL4 L3 M4 S12"/>-->
		<!--	</layoutData>-->
		<!--	<core:Item key="{wbsModel>Wbs}" text="{wbsModel>Wbs}"/>-->
		<!--</ComboBox>-->
		<Label text="{i18n>remarks}" design="Bold"></Label>
		<TextArea value="{visibleModel>/remarks}" rows="7" maxLength="500">
			<layoutData>
				<l:GridData span="XL6 L6 M6 S12"/>
			</layoutData>
		</TextArea>
	</f:SimpleForm>
</core:FragmentDefinition>