<core:FragmentDefinition xmlns="sap.m" xmlns:core="sap.ui.core" xmlns:f="sap.ui.layout.form" xmlns:l="sap.ui.layout" >
	<f:SimpleForm layout="ResponsiveGridLayout" editable="true" emptySpanL="6" columnsL="2" busy="{visibleModel>/formBusy}">
	<!--<core:Title text="Header Fields" class="formHeaderTitle"/>-->
		<Label text="Proposed Action" design="Bold"></Label>
		<Select selectedKey="{visibleModel>/proposedAction}">
			<core:Item key="" text=""/>
			<core:Item key="Appointment (01)" text="Appointment (01)"/>
			<core:Item key="Re-Appointment (11)" text="Re-Appointment (11)"/>
			<core:Item key="Re-Assignment (06)" text="Re-Assignment (06)"/>
			<core:Item key="Temporary Duty (TDY) (22)" text="Temporary Duty (TDY) (22)"/>
			<layoutData>
				<l:GridData span="XL4 L3 M4 S12"/>
			</layoutData>
		</Select>
		<Label text="{i18n>propsedDate}" design="Bold">
			<layoutData>
				<l:GridData span="XL3 L2 M2 S4"/>
			</layoutData>
		</Label>
		<DatePicker value="{visibleModel>/effectiveDate}" displayFormat="MM/dd/yyyy" valueFormat="MM/dd/yyyy">
			<layoutData>
				<l:GridData span="XL3 L2 M2 S4"/>
			</layoutData>
		</DatePicker>
		<Label text="Action Reason" design="Bold"></Label>
		<Select selectedKey="{visibleModel>/actionReason}">
			<core:Item key="" text=""/>
			<layoutData>
				<l:GridData span="XL4 L3 M4 S12"/>
			</layoutData>
		</Select>
		<Label text="{i18n>posNumber}" design="Bold"></Label>
		<Text text="{positionFormModel>/PosId}">
			<layoutData>
				<l:GridData span="XL4 L3 M4 S12"/>
			</layoutData>
		</Text>
		<Label text="{i18n>job}" design="Bold"/>
		<Text text="{positionFormModel>/Job}">
			<layoutData>
				<l:GridData span="XL4 L3 M4 S12"/>
			</layoutData>
		</Text>
		<Label text="Position Text/Title" design="Bold"></Label>
		<Text text="{positionFormModel>/PosText}">
			<layoutData>
				<l:GridData span="XL4 L3 M4 S12"/>
			</layoutData>
		</Text>
		<Label text="{i18n>orgUnit}" design="Bold"/>
		<Text text="{positionFormModel>/OrgUnit}">
			<layoutData>
				<l:GridData span="XL4 L3 M4 S12"/>
			</layoutData>
		</Text>
		<Label text="{i18n>employeeGrp}" design="Bold"/>
		<Text text="{positionFormModel>/Eegrp}">
			<layoutData>
				<l:GridData span="XL4 L3 M4 S12"/>
			</layoutData>
		</Text>
		<Label text="{i18n>employeeSubGrp}" design="Bold"/>
		<Text text="{positionFormModel>/Eesgrp}">
			<layoutData>
				<l:GridData span="XL4 L3 M4 S12"/>
			</layoutData>
		</Text>
		<Label text="{i18n>posGrade}" design="Bold"/>
		<Text text="{positionFormModel>/PosGrade}">
			<layoutData>
				<l:GridData span="XL4 L3 M4 S12"/>
			</layoutData>
		</Text>
		<Label text="{i18n>workSchedule} Percentage" design="Bold"/>
		<Text text="{positionFormModel>/Workschedule}">
			<layoutData>
				<l:GridData span="XL4 L3 M4 S12"/>
			</layoutData>
		</Text>
		<Label text="{i18n>countryActDS}" design="Bold"/>
		<Text text="">
			<layoutData>
				<l:GridData span="XL4 L3 M4 S12"/>
			</layoutData>
		</Text>
		<Label text="{i18n>actDutyStation}" design="Bold"/>
		<Text text="{positionFormModel>/Parea}">
			<layoutData>
				<l:GridData span="XL4 L3 M4 S12"/>
			</layoutData>
		</Text>
		<Label text="{i18n>posType}" design="Bold"/>
		<Text text="{positionFormModel>/PosType}">
			<layoutData>
				<l:GridData span="XL4 L3 M4 S12"/>
			</layoutData>
		</Text>
		<Label text="{i18n>fundNTE}" design="Bold"/>
		<Text text="{positionFormModel>/Nte}">
			<layoutData>
				<l:GridData span="XL4 L3 M4 S12"/>
			</layoutData>
		</Text>
		<Label text="{i18n>daily}" design="Bold"/>
		<Input value="{visibleModel>/daily}">
			<layoutData>
				<l:GridData span="XL4 L2 M4 S12"/>
			</layoutData>
		</Input>
		<Label text="{i18n>monthly}" design="Bold"/>
		<Input value="{visibleModel>/monthly}">
			<layoutData>
				<l:GridData span="XL4 L2 M4 S12"/>
			</layoutData>
		</Input>
		<Label text="{i18n>pensioner}" design="Bold"/>
		<Input value="{visibleModel>/unPensioner}">
			<layoutData>
				<l:GridData span="XL4 L2 M4 S12"/>
			</layoutData>
		</Input>
		<Label text="{i18n>tdy}" design="Bold"/>
		<DatePicker value="{visibleModel>/TDYNte}" displayFormat="MM/dd/yyyy" valueFormat="MM/dd/yyyy">
			<layoutData>
				<l:GridData span="XL4 L2 M4 S12"/>
			</layoutData>
		</DatePicker>
		<Label text="{i18n>remarks}" design="Bold"></Label>
		<TextArea value="{visibleModel>/remarks}" rows="7" maxLength="500">
			<layoutData>
				<l:GridData span="XL6 L6 M6 S12"/>
			</layoutData></TextArea>
	</f:SimpleForm>
</core:FragmentDefinition>