<core:FragmentDefinition xmlns="sap.m" xmlns:core="sap.ui.core" xmlns:f="sap.ui.layout.form" xmlns:l="sap.ui.layout">
	<f:SimpleForm layout="ResponsiveGridLayout" editable="true" emptySpanL="6" columnsL="2" class="form" busy="{visibleModel>/formBusy}">
		<Label text="Vacancy Type" required="true" labelFor="vacancyType" design="Bold"></Label>
		<Select forceSelection="false" selectedKey="{visibleModel>/vacancyType}" valueState="{visibleModel>/valueStateVT}">
			<core:Item key="Create Vacancy (Regular Staff)" text="Create Vacancy (Regular Staff)"/>
			<core:Item key="Create Vacancy (TDY)" text="Create Vacancy (TDY)"/>
			<layoutData>
				<l:GridData span="XL4 L3 M4 S12"/>
			</layoutData>
		</Select>
		<Label text="{i18n>propsedDate}" required="true" design="Bold">
			<layoutData>
				<l:GridData span="XL4 L3 M4 S12"/>
			</layoutData>
		</Label>
		<DatePicker value="{visibleModel>/effectiveDate}" displayFormat="MM/dd/yyyy" width="60%" valueFormat="MM/dd/yyyy" valueState="{visibleModel>/valueStateEffDate}"/>
		<Label text="Contract Duration" design="Bold">
		</Label>
		<Select forceSelection="false" selectedKey="{visibleModel>/contractDura}" valueState="{visibleModel>/valueStateVT}">
			<core:Item key="1 Year" text="1 Years"/>
			<core:Item key="2 Years" text="2 Years"/>
			<layoutData>
				<l:GridData span="XL4 L3 M4 S12"/>
			</layoutData>
		</Select>
		<Label text="Employee Group" design="Bold"/>
		<Text text="{positionFormModel>/Eegrp}">
			<layoutData>
				<l:GridData span="XL4 L3 M4 S12"/>
			</layoutData>
		</Text>
		
		<Label text="Employee Subgroup" design="Bold"/>
		<Text text="{positionFormModel>/Eesgrp}">
			<layoutData>
				<l:GridData span="XL4 L3 M4 S12"/>
			</layoutData>
		</Text>
		<Label text="{i18n>posGrade}" design="Bold"/>
		<Text text="{positionFormModel>/PosGrade}">
			<layoutData>
				<l:GridData span="XL4 L3 M4 S12"/>
			</layoutData>
		</Text>
		<Label text="{i18n>job}" design="Bold"/>
		<Text text="{positionFormModel>/Job}">
			<layoutData>
				<l:GridData span="XL4 L3 M4 S12"/>
			</layoutData>
		</Text>
		<Label text="Funding NTE" design="Bold"/>
		<Text text="{positionFormModel>/Nte}">
			<layoutData>
				<l:GridData span="XL4 L3 M4 S12"/>
			</layoutData>
		</Text>
		<Label text="{i18n>workSchedule}" design="Bold"/>
		<Text text="{positionFormModel>/Workschedule}">
			<layoutData>
				<l:GridData span="XL4 L3 M4 S12"/>
			</layoutData>
		</Text>
		<Label text="Actual Duty Station" design="Bold"/>
		<Text text="{positionFormModel>/Parea}">
			<layoutData>
				<l:GridData span="XL4 L3 M4 S12"/>
			</layoutData>
		</Text>
		<Label text="{i18n>orgUnit}" design="Bold"/>
		<Text text="{positionFormModel>/OrgUnit}">
			<layoutData>
				<l:GridData span="XL4 L3 M4 S12"/>
			</layoutData>
		</Text>
		<Label text="{i18n>posNumber}" design="Bold"/>
		<Text text="{positionFormModel>/PosId}"></Text>
		<Label text="{i18n>posTitle}" design="Bold"/>
		<Text text="{positionFormModel>/PosText}">
			<layoutData>
				<l:GridData span="XL4 L3 M4 S12"/>
			</layoutData>
		</Text>
		<Label text="{i18n>posType}" design="Bold"/>
		<Text text="{positionFormModel>/PosType}">
			<layoutData>
				<l:GridData span="XL4 L3 M4 S12"/>
			</layoutData>
		</Text>
		<Label text="Specific" design="Bold"></Label>
		<TextArea rows="7" value="{visibleModel>/specific}" maxLength="500">
			<layoutData>
				<l:GridData span="XL6 L6 M6 S12"/>
			</layoutData>
		</TextArea>
		<Label text="{i18n>remarks}" design="Bold"></Label>
		<TextArea rows="7" value="{visibleModel>/remarks}" maxLength="500">
			<layoutData>
				<l:GridData span="XL6 L6 M6 S12"/>
			</layoutData>
		</TextArea>
		<Label text=""/>
		<CheckBox text="{i18n>toBeAdvert}" selected="{visibleModel>/toBeAdvertised}"></CheckBox>
	</f:SimpleForm>
</core:FragmentDefinition>