{
  "routes": [
    {
      "path": "/resources",
      "target": {
        "type": "service",
        "name": "sapui5",
        "entryPath": "/resources"
      },
      "description": "SAPUI5 Resources"
    },
    {
      "path": "/test-resources",
      "target": {
        "type": "service",
        "name": "sapui5",
        "entryPath": "/test-resources"
      },
      "description": "SAPUI5 Test Resources"
    },
    {
      "path": "/resources",
      "target": {
        "type": "service",
        "name": "sapui5",
        "entryPath": "/resources"
      },
      "description": "SAPUI5 Resources"
    },
    {
      "path": "/test-resources",
      "target": {
        "type": "service",
        "name": "sapui5",
        "entryPath": "/test-resources"
      },
      "description": "SAPUI5 Test Resources"
    },
    {
      "path": "/sap/opu/odata",
      "target": {
        "type": "destination",
        "name": "HD3",
        "entryPath": "/sap/opu/odata"
      },
      "description": "PSS Landscape Gateway"
    },
    {
      "path": "/sap/bc/ui2",
      "target": {
        "type": "destination",
        "name": "HD3",
        "entryPath": "/sap/bc/ui2"
      },
      "description": "HD3"
    },
    {
      "path": "/sap/bc/ui5_ui5",
      "target": {
        "type": "destination",
        "name": "HD3",
        "entryPath": "/sap/bc/ui5_ui5"
      },
      "description": "PSS Landscape Gateway"
    }
  ],
  "welcomeFile": "/index.html",
  "sendWelcomeFileRedirect": true
}