<core:FragmentDefinition xmlns="sap.m" xmlns:core="sap.ui.core">
	<Dialog id="EngRosterDialogue" title="{i18n>rosterTitle}" class="sapUiSizeCompact dialog">
		<IconTabBar id="idEngRosterIconTabBar" select="engHandleIconTabBarSelect" class="clsITBarCls">
			<items>
				<IconTabFilter text="{i18n>rosterNoTabText}" key="{i18n>rosterNoTabText}">
					<Toolbar class="toolbarBottomBorderCls">
						<SearchField width="100%" class="sapUiSmallMargin searchFieldCls" liveChange="onEngRosterLiveChangeSearch" id="dialoguEngRosterNoDescSearch"
							placeholder="{i18n>rosterNoPlaceHolder}" search="onEngRosterSearch"/>
					</Toolbar>
					<Table id="engRosterNoDescTabTable" items="{path:'engRosterNoDescModelData>/results'}" includeItemInSelection="true" class="tableCls"
						visible="false" growing="true" growingThreshold="20" growingScrollToLoad="true">
						<columns>
							<Column width="18%">
								<Label text="{i18n>rosterNoColumnLabel}" design="Bold"/>
							</Column>
							<Column width="18%">
								<VBox>
									<Label text="{i18n>rosterColumnLabel}" design="Bold"/>
									<Label text="{i18n>descColumnLabel}" design="Bold"/>
								</VBox>
							</Column>
							<Column>
								<Label text="{i18n>unionColumnLabel}" design="Bold"/>
							</Column>
							<Column>
								<Label text="{i18n>rrCodeColumnLabel}" design="Bold"/>
							</Column>
							<Column width="15%">
								<Label text="{i18n>regionColumnLabel}" design="Bold"/>
							</Column>
							<Column width="15%">
								<Label text="{i18n>divColumnLabel}" design="Bold"/>
							</Column>
							<Column>
								<Label text="{i18n>distColumnLabel}" design="Bold"/>
							</Column>
							<Column visible="false">
								<Label text="{i18n>statusColumnLabel}" design="Bold"/>
							</Column>
						</columns>
						<items>
							<ColumnListItem press="onEngRosterDataSubmit" type="Active">
								<cells>
									<Text text="{engRosterNoDescModelData>RosterNo}" class="textColor"/>
									<Text text="{engRosterNoDescModelData>RostDesc}" class="textColor"/>
									<Text text="{engRosterNoDescModelData>Union}" class="textColor"/>
									<Text text="{engRosterNoDescModelData>RRCode}" class="textColor"/>
									<Text text="{engRosterNoDescModelData>Region}" class="textColor"/>
									<Text text="{engRosterNoDescModelData>Division}" class="textColor"/>
									<Text text="{engRosterNoDescModelData>District}" class="textColor"/>
									<Text text="{engRosterNoDescModelData>Status}" class="textColor"/>
								</cells>
							</ColumnListItem>
						</items>
					</Table>
				</IconTabFilter>
				<IconTabFilter text="{i18n>unionTabText}" key="{i18n>unionTabText}">
					<Toolbar class="toolbarBottomBorderCls">
						<!--loadItems="onUnionDropDown"-->
						<ComboBox showSecondaryValues="true" loadItems="onUnionDropDown" items="{path:'engUnionDropDownData>/results'}" id="engUnionDropDown"
							change="onEngUnionSelectionChange" width="60%" placeholder="{i18n>selUnion}" class="comboCls">
							<core:ListItem key="{engUnionDropDownData>Description}" text="{engUnionDropDownData>Value}"
								additionalText="{engUnionDropDownData>Description}"/>
						</ComboBox>
					</Toolbar>
					<Table id="engUnionTabTable" items="{path:'engUnionModelData>/results'}" includeItemInSelection="true" class="tableCls" visible="false"
						growing="true" growingThreshold="20" growingScrollToLoad="true">
						<columns>
							<Column width="18%">
								<Label text="{i18n>rosterNoColumnLabel}" design="Bold"/>
							</Column>
							<Column width="18%">
								<VBox>
									<Label text="{i18n>rosterColumnLabel}" design="Bold"/>
									<Label text="{i18n>descColumnLabel}" design="Bold"/>
								</VBox>
							</Column>
							<Column>
								<Label text="{i18n>unionColumnLabel}" design="Bold"/>
							</Column>
							<Column>
								<Label text="{i18n>rrCodeColumnLabel}" design="Bold"/>
							</Column>
							<Column width="15%">
								<Label text="{i18n>regionColumnLabel}" design="Bold"/>
							</Column>
							<Column width="15%">
								<Label text="{i18n>divColumnLabel}" design="Bold"/>
							</Column>
							<Column>
								<Label text="{i18n>distColumnLabel}" design="Bold"/>
							</Column>
							<Column visible="false">
								<Label text="{i18n>statusColumnLabel}" design="Bold"/>
							</Column>
						</columns>
						<items>
							<ColumnListItem press="onEngRosterDataSubmit" type="Active">
								<cells>
									<Text text="{engUnionModelData>RosterNo}" class="textColor"/>
									<Text text="{engUnionModelData>RostDesc}" class="textColor"/>
									<Text text="{engUnionModelData>Union}" class="textColor"/>
									<Text text="{engUnionModelData>RRCode}" class="textColor"/>
									<Text text="{engUnionModelData>Region}" class="textColor"/>
									<Text text="{engUnionModelData>Division}" class="textColor"/>
									<Text text="{engUnionModelData>District}" class="textColor"/>
									<Text text="{engUnionModelData>Status}" class="textColor"/>
								</cells>
							</ColumnListItem>
						</items>
					</Table>
				</IconTabFilter>
				<IconTabFilter text="{i18n>rrCodeTabText}" key="{i18n>rrCodeTabText}">
					<Toolbar class="toolbarBottomBorderCls">
						<!--loadItems="onRrCodeDropDown"-->
						<ComboBox showSecondaryValues="true" loadItems="onRrCodeDropDown" items="{path:'mechRrCodeDropDownData>/results'}" id="engRrCodeDropDown"
							change="onRrCodeSelectionChange" width="60%" placeholder="{i18n>selRrcode}" class="comboCls">
							<core:ListItem key="{mechRrCodeDropDownData>Description}" text="{mechRrCodeDropDownData>Value}"
								additionalText="{mechRrCodeDropDownData>Description}"/>
						</ComboBox>
					</Toolbar>
					<Table id="engRrCodeTabTable" items="{path:'engRrCodeModelData>/results'}" includeItemInSelection="true" class="tableCls" visible="false"
						growing="true" growingThreshold="20" growingScrollToLoad="true">
						<columns>
							<Column width="18%">
								<Label text="{i18n>rosterNoColumnLabel}" design="Bold"/>
							</Column>
							<Column width="18%">
								<VBox>
									<Label text="{i18n>rosterColumnLabel}" design="Bold"/>
									<Label text="{i18n>descColumnLabel}" design="Bold"/>
								</VBox>
							</Column>
							<Column>
								<Label text="{i18n>unionColumnLabel}" design="Bold"/>
							</Column>
							<Column>
								<Label text="{i18n>rrCodeColumnLabel}" design="Bold"/>
							</Column>
							<Column width="15%">
								<Label text="{i18n>regionColumnLabel}" design="Bold"/>
							</Column>
							<Column width="15%">
								<Label text="{i18n>divColumnLabel}" design="Bold"/>
							</Column>
							<Column>
								<Label text="{i18n>distColumnLabel}" design="Bold"/>
							</Column>
							<Column visible="false">
								<Label text="{i18n>statusColumnLabel}" design="Bold"/>
							</Column>
						</columns>
						<items>
							<ColumnListItem press="onEngRosterDataSubmit" type="Active">
								<cells>
									<Text text="{engRrCodeModelData>RosterNo}" class="textColor"/>
									<Text text="{engRrCodeModelData>RostDesc}" class="textColor"/>
									<Text text="{engRrCodeModelData>Union}" class="textColor"/>
									<Text text="{engRrCodeModelData>RRCode}" class="textColor"/>
									<Text text="{engRrCodeModelData>Region}" class="textColor"/>
									<Text text="{engRrCodeModelData>Division}" class="textColor"/>
									<Text text="{engRrCodeModelData>District}" class="textColor"/>
									<Text text="{engRrCodeModelData>Status}" class="textColor"/>
								</cells>
							</ColumnListItem>
						</items>
					</Table>
				</IconTabFilter>
				<IconTabFilter text="{i18n>regionTabText}" key="{i18n>regionTabText}">
					<Toolbar class="toolbarBottomBorderCls">
						<!--loadItems="onRegionDropDown"-->
						<ComboBox showSecondaryValues="true" loadItems="onRegionDropDown" items="{path:'engRegionDropDownModelData>/results'}"
							id="engRegionDropDown" change="onRegionSelectionChange" width="60%" placeholder="{i18n>selRegion}" class="comboCls">
							<core:ListItem key="{engRegionDropDownModelData>Description}" text="{engRegionDropDownModelData>Value}"
								additionalText="{engRegionDropDownModelData>Description}"/>
						</ComboBox>
					</Toolbar>
					<Table id="engRegionTabTable" items="{path:'engRegionModelData>/results'}" includeItemInSelection="true" class="tableCls" visible="false"
						growing="true" growingThreshold="20" growingScrollToLoad="true">
						<columns>
							<Column width="18%">
								<Label text="{i18n>rosterNoColumnLabel}" design="Bold"/>
							</Column>
							<Column width="18%">
								<VBox>
									<Label text="{i18n>rosterColumnLabel}" design="Bold"/>
									<Label text="{i18n>descColumnLabel}" design="Bold"/>
								</VBox>
							</Column>
							<Column>
								<Label text="{i18n>unionColumnLabel}" design="Bold"/>
							</Column>
							<Column>
								<Label text="{i18n>rrCodeColumnLabel}" design="Bold"/>
							</Column>
							<Column width="15%">
								<Label text="{i18n>regionColumnLabel}" design="Bold"/>
							</Column>
							<Column width="15%">
								<Label text="{i18n>divColumnLabel}" design="Bold"/>
							</Column>
							<Column>
								<Label text="{i18n>distColumnLabel}" design="Bold"/>
							</Column>
							<Column visible="false">
								<Label text="{i18n>statusColumnLabel}" design="Bold"/>
							</Column>
						</columns>
						<items>
							<ColumnListItem press="onEngRosterDataSubmit" type="Active">
								<cells>
									<Text text="{engRegionModelData>RosterNo}" class="textColor"/>
									<Text text="{engRegionModelData>RostDesc}" class="textColor"/>
									<Text text="{engRegionModelData>Union}" class="textColor"/>
									<Text text="{engRegionModelData>RRCode}" class="textColor"/>
									<Text text="{engRegionModelData>Region}" class="textColor"/>
									<Text text="{engRegionModelData>Division}" class="textColor"/>
									<Text text="{engRegionModelData>District}" class="textColor"/>
									<Text text="{engRegionModelData>Status}" class="textColor"/>
								</cells>
							</ColumnListItem>
						</items>
					</Table>
				</IconTabFilter>
				<IconTabFilter text="{i18n>divTabText}" key="{i18n>divTabText}">
					<Toolbar class="toolbarBottomBorderCls">
						<!--loadItems="onDivDropDown"-->
						<ComboBox showSecondaryValues="true" loadItems="onDivDropDown" items="{path:'engDivDropDownData>/results'}" id="engDivDropDown"
							change="onDivSelectionChange" width="60%" placeholder="{i18n>selDiv}" class="comboCls">
							<core:ListItem key="{engDivDropDownData>Description}" text="{engDivDropDownData>Value}" additionalText="{engDivDropDownData>Description}"/>
						</ComboBox>
					</Toolbar>
					<Table id="engDivTabTable" items="{path:'engDivModelData>/results'}" includeItemInSelection="true" class="tableCls" visible="false"
						growing="true" growingThreshold="20" growingScrollToLoad="true">
						<columns>
							<Column width="18%">
								<Label text="{i18n>rosterNoColumnLabel}" design="Bold"/>
							</Column>
							<Column width="18%">
								<VBox>
									<Label text="{i18n>rosterColumnLabel}" design="Bold"/>
									<Label text="{i18n>descColumnLabel}" design="Bold"/>
								</VBox>
							</Column>
							<Column>
								<Label text="{i18n>unionColumnLabel}" design="Bold"/>
							</Column>
							<Column>
								<Label text="{i18n>rrCodeColumnLabel}" design="Bold"/>
							</Column>
							<Column width="15%">
								<Label text="{i18n>regionColumnLabel}" design="Bold"/>
							</Column>
							<Column width="15%">
								<Label text="{i18n>divColumnLabel}" design="Bold"/>
							</Column>
							<Column>
								<Label text="{i18n>distColumnLabel}" design="Bold"/>
							</Column>
							<Column visible="false">
								<Label text="{i18n>statusColumnLabel}" design="Bold"/>
							</Column>
						</columns>
						<items>
							<ColumnListItem press="onEngRosterDataSubmit" type="Active">
								<cells>
									<Text text="{engDivModelData>RosterNo}" class="textColor"/>
									<Text text="{engDivModelData>RostDesc}" class="textColor"/>
									<Text text="{engDivModelData>Union}" class="textColor"/>
									<Text text="{engDivModelData>RRCode}" class="textColor"/>
									<Text text="{engDivModelData>Region}" class="textColor"/>
									<Text text="{engDivModelData>Division}" class="textColor"/>
									<Text text="{engDivModelData>District}" class="textColor"/>
									<Text text="{engDivModelData>Status}" class="textColor"/>
								</cells>
							</ColumnListItem>
						</items>
					</Table>
				</IconTabFilter>
				<IconTabFilter text="{i18n>distTabText}" key="{i18n>distTabText}">
					<Toolbar class="toolbarBottomBorderCls">
						<!--<ComboBox showSecondaryValues="true" items="{path:'engStateModelData>/results'}" id="distDropDown" loadItems="onDistrictDropDown"-->
						<!--	selectionChange="onDistSelectionChange" width="60%" placeholder="{i18n>selDist}">-->
						<!--	<core:ListItem key="{engStateModelData>Description}" text="{engStateModelData>Value}" additionalText="{engStateModelData>Description}"/>-->
						<!--</ComboBox>-->
						<SearchField width="100%" class="sapUiSmallMargin searchFieldCls" liveChange="onEngDistLiveChangeSearch" id="dialoguDistSearch"
							placeholder="{i18n>distPlaceHolder}" search="onEngRosterSearch"/>
					</Toolbar>
					<Table id="engDistTabTable" items="{path:'engDistModelData>/results'}" includeItemInSelection="true" class="tableCls" visible="false"
						growing="true" growingThreshold="20" growingScrollToLoad="true">
						<columns>
							<Column width="18%">
								<Label text="{i18n>rosterNoColumnLabel}" design="Bold"/>
							</Column>
							<Column width="18%">
								<VBox>
									<Label text="{i18n>rosterColumnLabel}" design="Bold"/>
									<Label text="{i18n>descColumnLabel}" design="Bold"/>
								</VBox>
							</Column>
							<Column>
								<Label text="{i18n>unionColumnLabel}" design="Bold"/>
							</Column>
							<Column>
								<Label text="{i18n>rrCodeColumnLabel}" design="Bold"/>
							</Column>
							<Column width="15%">
								<Label text="{i18n>regionColumnLabel}" design="Bold"/>
							</Column>
							<Column width="15%">
								<Label text="{i18n>divColumnLabel}" design="Bold"/>
							</Column>
							<Column>
								<Label text="{i18n>distColumnLabel}" design="Bold"/>
							</Column>
							<Column visible="false">
								<Label text="{i18n>statusColumnLabel}" design="Bold"/>
							</Column>
						</columns>
						<items>
							<ColumnListItem press="onEngRosterDataSubmit" type="Active">
								<cells>
									<Text text="{engDistModelData>RosterNo}" class="textColor"/>
									<Text text="{engDistModelData>RostDesc}" class="textColor"/>
									<Text text="{engDistModelData>Union}" class="textColor"/>
									<Text text="{engDistModelData>RRCode}" class="textColor"/>
									<Text text="{engDistModelData>Region}" class="textColor"/>
									<Text text="{engDistModelData>Division}" class="textColor"/>
									<Text text="{engDistModelData>District}" class="textColor"/>
									<Text text="{engDistModelData>Status}" class="textColor"/>
								</cells>
							</ColumnListItem>
						</items>
					</Table>
				</IconTabFilter>
				<IconTabFilter text="{i18n>empIdNameTabText}" key="{i18n>empIdNameTabText}">
					<Toolbar class="toolbarBottomBorderCls">
						<SearchField width="100%" class="sapUiSmallMargin searchFieldCls" liveChange="onEngEmpIdNameSearch" id="dialoguEngEmpIdNameSearch"
							placeholder="{i18n>empIdSrchPlaceHolder}" search="onEngRosterSearch"/>
					</Toolbar>
					<Table id="engEmpIdNameTabTable" items="{path:'engEmpIdNameModelData>/results'}" includeItemInSelection="true" class="tableCls"
						growing="true" growingThreshold="20" growingScrollToLoad="true" visible="false">
						<columns>
							<Column width="18%">
								<Label text="{i18n>rosterNoColumnLabel}" design="Bold"/>
							</Column>
							<Column width="18%">
								<VBox>
									<Label text="{i18n>rosterColumnLabel}" design="Bold"/>
									<Label text="{i18n>descColumnLabel}" design="Bold"/>
								</VBox>
							</Column>
							<Column>
								<Label text="{i18n>unionColumnLabel}" design="Bold"/>
							</Column>
							<Column>
								<Label text="{i18n>rrCodeColumnLabel}" design="Bold"/>
							</Column>
							<Column width="15%">
								<Label text="{i18n>regionColumnLabel}" design="Bold"/>
							</Column>
							<Column width="15%">
								<Label text="{i18n>divColumnLabel}" design="Bold"/>
							</Column>
							<Column>
								<Label text="{i18n>distColumnLabel}" design="Bold"/>
							</Column>
							<Column visible="false">
								<Label text="{i18n>statusColumnLabel}" design="Bold"/>
							</Column>
						</columns>
						<items>
							<ColumnListItem press="onEngRosterDataSubmit" type="Active">
								<cells>
									<Text text="{engEmpIdNameModelData>RosterNo}" class="textColor"/>
									<Text text="{engEmpIdNameModelData>RostDesc}" class="textColor"/>
									<Text text="{engEmpIdNameModelData>Union}" class="textColor"/>
									<Text text="{engEmpIdNameModelData>RRCode}" class="textColor"/>
									<Text text="{engEmpIdNameModelData>Region}" class="textColor"/>
									<Text text="{engEmpIdNameModelData>Division}" class="textColor"/>
									<Text text="{engEmpIdNameModelData>District}" class="textColor"/>
									<Text text="{engEmpIdNameModelData>Status}" class="textColor"/>
								</cells>
							</ColumnListItem>
						</items>
					</Table>
				</IconTabFilter>
			</items>
		</IconTabBar>
		<endButton>
			<Button text="{i18n>cancel}" press="onEngRosterDialogCancel" class="clsBtnColorYellowRed"/>
		</endButton>
	</Dialog>
</core:FragmentDefinition>