<core:FragmentDefinition xmlns="sap.m" xmlns:core="sap.ui.core">
	<Dialog id="ilaRosterDialogue" title="{i18n>rosterTitle}"
		class="sapUiSizeCompact dialog">
		<IconTabBar id="idIlaRosterIconTabBar" select="ilaHandleIconTabBarSelect"
			class="clsITBarCls">
			<items>
				<IconTabFilter text="{i18n>rosterNoTabText}" key="{i18n>rosterNoTabText}">
					<Toolbar class="toolbarBottomBorderCls">
						<SearchField width="100%" class="sapUiSmallMargin searchFieldCls" liveChange="onIlaRosterLiveChangeSearch" id="dialogueIlaRosterNoDescSearch"
							placeholder="{i18n>rosterNoPlaceHolder}" search="onIlaRosterSearch"/>
					</Toolbar>
					<Table id="ilaRosterNoDescTable" items="{path: 'ilaRosterNoDescModelData>/results'}" includeItemInSelection="true"
						class="tableCls" visible="false" growing="true" growingThreshold="20" growingScrollToLoad="true">
						<columns>
							<Column>
								<Label text="{i18n>rosterNoColumnLabel}" design="Bold"/>
							</Column>
							<Column>
								<VBox>
									<Label text="{i18n>rosterColumnLabel}" design="Bold"/>
									<Label text="{i18n>descColumnLabel}" design="Bold"/>
								</VBox>
							</Column>
							<Column>
								<Label text="{i18n>unionColumnLabel}" design="Bold"/>
							</Column>
						</columns>
						<items>
							<ColumnListItem press="onIlaRosterDataSubmit" type="Active">
								<cells>
									<Text text="{ilaRosterNoDescModelData>RosterNo}" class="textColor"/>
									<Text text="{ilaRosterNoDescModelData>RostDesc}" class="textColor"/>
									<Text text="{ilaRosterNoDescModelData>Union}" class="textColor"/>
									<Text text="{ilaRosterNoDescModelData>Status}" class="textColor"/>
								</cells>
							</ColumnListItem>
						</items>
					</Table>
				</IconTabFilter>
				<IconTabFilter text="{i18n>empIdNameTabText}" key="{i18n>empIdNameTabText}">
					<Toolbar class="toolbarBottomBorderCls">
						<SearchField width="100%" class="sapUiSmallMargin searchFieldCls" liveChange="onIlaEmpIdNameSearch" id="dialoguIlaEmpIdNameSearch"
							placeholder="{i18n>empIdSrchPlaceHolder}" search="onIlaRosterSearch"/>
					</Toolbar>
					<Table id="ilaEmpIdNameTabTable" items="{path:'ilaEmpIdNameModelData>/results'}" includeItemInSelection="true"
						class="tableCls" growing="true" growingThreshold="20" growingScrollToLoad="true" visible="false">
						<columns>
							<Column>
								<Label text="{i18n>rosterNoColumnLabel}" design="Bold"/>
							</Column>
							<Column>
								<VBox>
									<Label text="{i18n>rosterColumnLabel}" design="Bold"/>
									<Label text="{i18n>descColumnLabel}" design="Bold"/>
								</VBox>
							</Column>
							<Column>
								<Label text="{i18n>unionColumnLabel}" design="Bold"/>
							</Column>
						</columns>
						<items>
							<ColumnListItem press="onIlaRosterDataSubmit" type="Active">
								<cells>
									<Text text="{ilaEmpIdNameModelData>RosterNo}" class="textColor"/>
									<Text text="{ilaEmpIdNameModelData>RostDesc}" class="textColor"/>
									<Text text="{ilaEmpIdNameModelData>Union}" class="textColor"/>
									<Text text="{ilaEmpIdNameModelData>Status}" class="textColor"/>
								</cells>
							</ColumnListItem>
						</items>
					</Table>
				</IconTabFilter>
			</items>
		</IconTabBar>
		<endButton>
			<Button text="{i18n>cancel}" press="onIlaRosterDialogueCancel" class="clsBtnColorYellowRed"/>
		</endButton>
	</Dialog>
</core:FragmentDefinition>