<core:FragmentDefinition xmlns="sap.m" xmlns:core="sap.ui.core" xmlns:l="sap.ui.layout" xmlns:f="sap.ui.layout.form">
	<Dialog title="Additional Fields" class="sapUiSizeCompact dialog">
		<f:SimpleForm singleContainerFullSize="true" columnsM="1" columnsL="1" columnsXL="2" emptySpanS="0" emptySpanM="0" emptySpanL="0"
			emptySpanXL="0" adjustLabelSpan="true" labelSpanS="5" labelSpanM="5" labelSpanL="5" labelSpanXL="5" layout="ResponsiveGridLayout"
			editable="true" class="FormTitleHeight">
			<f:content>
				<Label text="{i18n>frozenSeniorityDate}" design="Bold" class="clsLabelColor"></Label>
				<DatePicker width="100%" id="empSenMoreFrozenDateInp" displayFormat="MM/dd/yyyy" placeholder="{i18n>senDatePlaceHolder}"
					valueFormat="yyyyMMdd" change="onDelimiDateChange" class="datePickerCls"></DatePicker>
				<Label text="Division" design="Bold" class="clsLabelColor"/>
				<ComboBox id="empSenMoreDivisionInp" items="{path:'divModelData>/results'}" width="100%" class="comboCls" placeholder="{i18n>selDivision}"
					change="onSenDivChange" loadItems="onDivDropDownValues">
					<core:Item key="{divModelData>Value}" text="{divModelData>Value}"/>
				</ComboBox>
				<Label text="District" design="Bold" class="clsLabelColor"></Label>
				<ComboBox id="empSenMoreDistrictInp" items="{path:'distModelData>/results'}" loadItems="onDistDropDownValues" width="100%" class="comboCls"
					placeholder="{i18n>selRrDist}" change="onSenDistChange">
					<core:Item key="{distModelData>Value}" text="{distModelData>Value}"/>
				</ComboBox>
				<Label text="RR Code" design="Bold" class="clsLabelColor"/>
				<ComboBox id="empSenRrMoreCodeInp" items="{path:'rrCodeModelData>/results'}" loadItems="onRrCodeDropDownValues" width="100%"
					class="comboCls" placeholder="{i18n>selRrCode}" change="onSenRrCodeChange">
					<core:Item key="{rrCodeModelData>Value}" text="{rrCodeModelData>Value}"/>
				</ComboBox>
				<Label text="Override Date" design="Bold" class="clsLabelColor"></Label>
				<DatePicker width="100%" id="qualDelimtDate" displayFormat="MM/dd/yyyy" placeholder="{i18n>senDatePlaceHolder}" valueFormat="yyyyMMdd"
					change="onDelimiDateChange" class="datePickerCls"></DatePicker>
				<Label text="Override Sequence number" design="Bold" class="clsLabelColor cWhiteSpace"/>
				<Input id="overRideSeqNum" class="clsTxtColor inpBaseBg inpIconColor"></Input>
				<Label text="DPG Zone" design="Bold" class="clsLabelColor"></Label>
				<ComboBox id="empSenDpgZoneInp" items="{path:'dpgZoneModelData>/results'}" loadItems="onDpgZoneDropDownValues" width="100%" class="comboCls"
					placeholder="{i18n>selDpgZone}" change="onSenZoneChange">
					<core:Item key="{dpgZoneModelData>Value}" text="{dpgZoneModelData>Value}"/>
				</ComboBox>
				<Label text="Remarks" design="Bold" class="clsLabelColor"></Label>
				<TextArea width="100%" rows="4" id="rmoreFieldsRemarks" class="datePickerCls"></TextArea>
			</f:content>
		</f:SimpleForm>
		<beginButton>
			<Button text="{i18n>update}" id="moreEndBut" press="onUpdateMoreFields" class="clsBtnColorYellowGreen"/>
		</beginButton>
		<endButton>
			<Button text="{i18n>cancel}" press="onMoreFieldsCancel" class="clsBtnColorYellowRed"/>
		</endButton>
	</Dialog>
</core:FragmentDefinition>