<core:FragmentDefinition xmlns="sap.m" xmlns:core="sap.ui.core">
	<!--class="sapUiSizeCompact barTitle clsDialog clsDialogue"-->
	<Dialog title="{i18n>rostNumDialogTitle}" class="sapUiSizeCompact dialog" draggable="true" stretch="true">
		<content>
			<!--select="onGlobalGangSub"-->
			<IconTabBar id="rosterMultiSearchId" selectedKey="Roster Number" expandable="false" class="clsITBarCls">
				<items>
					<IconTabFilter text="Roster Number" key="Roster Number">
						<Toolbar class="toolbarBottomBorderCls">
							<Label text="{i18n>rostNoLabel}" design="Bold" class="LabelCustomColor"/>
							<Input id="rosterNumId" width="15%" submit="onRosterMultiSubmit" placeholder="{i18n>enterRostNum}"></Input>
						</Toolbar>
						<Table mode="None" class="tableCls" showNoData="false">
							<columns>
								<Column >
									<Label text="{i18n>rostNoColumnHeader}"></Label>
								</Column>
								<Column >
									<Label text="{i18n>descColumnLabel}"></Label>
								</Column>
								<Column>
									<Label text="{i18n>unionColumnHeader}"></Label>
								</Column>
								<Column >
									<Label text="{i18n>deptColumnHeader}"></Label>
								</Column>
								<!--	<Column >
									<Label text="Status"></Label>
								</Column>-->
							</columns>
						</Table>
						<ScrollContainer focusable="true" vertical="true" horizontal="false" height="340px"></ScrollContainer>
					</IconTabFilter>
					<IconTabFilter text="Department" key="Department">
						<Toolbar class="toolbarBottomBorderCls">
							<Label text="{i18n>deptLabel}" design="Bold" class="LabelCustomColor"/>
							<Input width="15%" id="departmentId" submit="onRosterMultiSubmit" placeholder="{i18n>enterDepart}"/>
						</Toolbar>
						<Table mode="None" class="tableCls" showNoData="false">
							<columns>
								<Column >
									<Label text="{i18n>rostNoColumnHeader}"></Label>
								</Column>
								<Column >
									<Label text="{i18n>descColumnLabel}"></Label>
								</Column>
								<Column>
									<Label text="{i18n>unionColumnHeader}"></Label>
								</Column>
								<Column >
									<Label text="{i18n>deptColumnHeader}"></Label>
								</Column>
								<!--	<Column >
									<Label text="Status"></Label>
								</Column>-->
							</columns>
						</Table>
						<ScrollContainer focusable="true" vertical="true" horizontal="false" height="340px"></ScrollContainer>
					</IconTabFilter>
					<IconTabFilter text="Employee ID" key="Employee ID">
						<Toolbar class="toolbarBottomBorderCls">
							<Label text="{i18n>empIdLabel}" design="Bold" class="LabelCustomColor"/>
							<Input width="15%" id="employeeId" submit="onRosterMultiSubmit" placeholder="{i18n>enterEmpID}"/>
						</Toolbar>
						<Table mode="None" class="tableCls" showNoData="false">
							<columns>
								<Column >
									<Label text="{i18n>rostNoColumnHeader}"></Label>
								</Column>
								<Column >
									<Label text="{i18n>descColumnLabel}"></Label>
								</Column>
								<Column>
									<Label text="{i18n>unionColumnHeader}"></Label>
								</Column>
								<Column >
									<Label text="{i18n>deptColumnHeader}"></Label>
								</Column>
								<!--<Column >
									<Label text="Status"></Label>
								</Column>-->
							</columns>
						</Table>
						<ScrollContainer focusable="true" vertical="true" horizontal="false" height="340px"></ScrollContainer>
					</IconTabFilter>
				</items>
			</IconTabBar>
		</content>
		<beginButton>
			<!--<Button id="globalSearchBtnId" text="{i18n>submit}" press="onGlobalGangSub" type="Accept"
				class="clsBtnColorYellowGreen clsBtnColorYellowGreen"/>-->
		</beginButton>
		<endButton>
			<Button text="{i18n>cancel}" press="onRosterCancel" class="clsBtnColorYellowRed"/>
		</endButton>
	</Dialog>
</core:FragmentDefinition>