<edmx:Edmx
    xmlns:edmx="http://schemas.microsoft.com/ado/2007/06/edmx"
    xmlns:m="http://schemas.microsoft.com/ado/2007/08/dataservices/metadata"
    xmlns:sap="http://www.sap.com/Protocols/SAPData" Version="1.0">
    <edmx:DataServices m:DataServiceVersion="2.0">
        <Schema
            xmlns="http://schemas.microsoft.com/ado/2008/09/edm" Namespace="ZPTP_DELIVERIES_SHIPMENTS_SRV" xml:lang="en" sap:schema-version="1">
            <EntityType Name="Deliveries" sap:content-version="1">
                <Key>
                    <PropertyRef Name="Tknum"/>
                </Key>
                <Property Name="Tknum" Type="Edm.String" Nullable="false" MaxLength="10" sap:unicode="false" sap:label="Shipment Number" sap:creatable="false" sap:updatable="false" sap:sortable="false" sap:filterable="false"/>
                <Property Name="Vstel" Type="Edm.String" Nullable="false" MaxLength="4" sap:unicode="false" sap:label="Shipping Point" sap:creatable="false" sap:updatable="false" sap:sortable="false" sap:filterable="false"/>
                <Property Name="Kunnr" Type="Edm.String" Nullable="false" MaxLength="10" sap:unicode="false" sap:label="Ship-to party" sap:creatable="false" sap:updatable="false" sap:sortable="false" sap:filterable="false"/>
                <Property Name="Route" Type="Edm.String" Nullable="false" MaxLength="6" sap:unicode="false" sap:label="Route" sap:creatable="false" sap:updatable="false" sap:sortable="false" sap:filterable="false"/>
                <Property Name="Werks" Type="Edm.String" Nullable="false" MaxLength="4" sap:unicode="false" sap:label="Receiving Plant" sap:creatable="false" sap:updatable="false" sap:sortable="false" sap:filterable="false"/>
                <Property Name="Vbeln" Type="Edm.String" Nullable="false" MaxLength="10" sap:unicode="false" sap:label="Delivery" sap:creatable="false" sap:updatable="false" sap:sortable="false" sap:filterable="false"/>
                <Property Name="Erdat" Type="Edm.DateTime" Nullable="false" Precision="7" sap:unicode="false" sap:label="Created on" sap:creatable="false" sap:updatable="false" sap:sortable="false" sap:filterable="false"/>
                <Property Name="WadatIst" Type="Edm.DateTime" Nullable="false" Precision="7" sap:unicode="false" sap:label="Actual GI Date" sap:creatable="false" sap:updatable="false" sap:sortable="false" sap:filterable="false"/>
                <Property Name="Lifex" Type="Edm.String" Nullable="false" MaxLength="35" sap:unicode="false" sap:label="Ext. Delivery" sap:creatable="false" sap:updatable="false" sap:sortable="false" sap:filterable="false"/>
                <Property Name="Ntgew" Type="Edm.Decimal" Nullable="false" Precision="15" Scale="3" sap:unicode="false" sap:label="Net weight" sap:creatable="false" sap:updatable="false" sap:sortable="false" sap:filterable="false"/>
                <Property Name="Btgew" Type="Edm.Decimal" Nullable="false" Precision="15" Scale="3" sap:unicode="false" sap:label="Total Weight" sap:creatable="false" sap:updatable="false" sap:sortable="false" sap:filterable="false"/>
                <Property Name="Matnr" Type="Edm.String" Nullable="false" MaxLength="40" sap:unicode="false" sap:label="Material" sap:creatable="false" sap:updatable="false" sap:sortable="false" sap:filterable="false"/>
                <Property Name="Arktx" Type="Edm.String" Nullable="false" MaxLength="40" sap:unicode="false" sap:label="Item Descr." sap:creatable="false" sap:updatable="false" sap:sortable="false" sap:filterable="false"/>
                <Property Name="Lfimg" Type="Edm.Decimal" Nullable="false" Precision="13" Scale="3" sap:unicode="false" sap:label="Delivery Qty" sap:creatable="false" sap:updatable="false" sap:sortable="false" sap:filterable="false"/>
                <Property Name="Vrkme" Type="Edm.String" Nullable="false" MaxLength="3" sap:unicode="false" sap:label="Sales unit" sap:creatable="false" sap:updatable="false" sap:sortable="false" sap:filterable="false" sap:semantics="unit-of-measure"/>
                <Property Name="Vgbel" Type="Edm.String" Nullable="false" MaxLength="10" sap:unicode="false" sap:label="Reference Doc." sap:creatable="false" sap:updatable="false" sap:sortable="false" sap:filterable="false"/>
            </EntityType>
            <EntityType Name="Shipment" sap:content-version="1">
                <Key>
                    <PropertyRef Name="Tknum"/>
                </Key>
                <Property Name="Tknum" Type="Edm.String" Nullable="false" MaxLength="10" sap:unicode="false" sap:label="Shipment Number" sap:creatable="false" sap:updatable="false" sap:sortable="false" sap:filterable="false"/>
                <NavigationProperty Name="ShipmentToDeliveryNav" Relationship="ZPTP_DELIVERIES_SHIPMENTS_SRV.ShipmentToDeliveryAss" FromRole="FromRole_ShipmentToDeliveryAss" ToRole="ToRole_ShipmentToDeliveryAss"/>
            </EntityType>
            <Association Name="ShipmentToDeliveryAss" sap:content-version="1">
                <End Type="ZPTP_DELIVERIES_SHIPMENTS_SRV.Shipment" Multiplicity="0..1" Role="FromRole_ShipmentToDeliveryAss"/>
                <End Type="ZPTP_DELIVERIES_SHIPMENTS_SRV.Deliveries" Multiplicity="*" Role="ToRole_ShipmentToDeliveryAss"/>
                <ReferentialConstraint>
                    <Principal Role="FromRole_ShipmentToDeliveryAss">
                        <PropertyRef Name="Tknum"/>
                    </Principal>
                    <Dependent Role="ToRole_ShipmentToDeliveryAss">
                        <PropertyRef Name="Tknum"/>
                    </Dependent>
                </ReferentialConstraint>
            </Association>
            <EntityContainer Name="ZPTP_DELIVERIES_SHIPMENTS_SRV_Entities" m:IsDefaultEntityContainer="true" sap:supported-formats="atom json xlsx">
                <EntitySet Name="DeliveriesSet" EntityType="ZPTP_DELIVERIES_SHIPMENTS_SRV.Deliveries" sap:creatable="false" sap:updatable="false" sap:deletable="false" sap:pageable="false" sap:content-version="1"/>
                <EntitySet Name="ShipmentSet" EntityType="ZPTP_DELIVERIES_SHIPMENTS_SRV.Shipment" sap:creatable="false" sap:updatable="false" sap:deletable="false" sap:pageable="false" sap:addressable="false" sap:content-version="1"/>
                <AssociationSet Name="ShipmentToDeliveryAssSet" Association="ZPTP_DELIVERIES_SHIPMENTS_SRV.ShipmentToDeliveryAss" sap:creatable="false" sap:updatable="false" sap:deletable="false" sap:content-version="1">
                    <End EntitySet="ShipmentSet" Role="FromRole_ShipmentToDeliveryAss"/>
                    <End EntitySet="DeliveriesSet" Role="ToRole_ShipmentToDeliveryAss"/>
                </AssociationSet>
            </EntityContainer>
            <atom:link
                xmlns:atom="http://www.w3.org/2005/Atom" rel="self" href="./sap/ZPTP_DELIVERIES_SHIPMENTS_SRV/$metadata"/>
                <atom:link
                    xmlns:atom="http://www.w3.org/2005/Atom" rel="latest-version" href="./sap/ZPTP_DELIVERIES_SHIPMENTS_SRV/$metadata"/>
                </Schema>
            </edmx:DataServices>
        </edmx:Edmx>