{
  "run": [
    {
      "filePath": "/Component.js",
      "previewMode": 1,
      "dataMode": 1,
      "workspace": "withoutWorkspace",
      "ui5ActiveVersion": null,
      "ui5VerSource": null,
      "isDefaultVersion": 0,
      "urlParameters": [],
      "hashParameter": "",
      "backendSystem": [],
      "_metadata": {
        "runnerId": "fiorirunner",
        "id": 9408685,
        "displayName": "Run Component.js",
        "lastRunTimeStamp": 1709048302894
      }
    },
    {
      "filePath": "/Component-preload.js",
      "previewMode": 1,
      "dataMode": 1,
      "workspace": "withoutWorkspace",
      "ui5ActiveVersion": null,
      "ui5VerSource": null,
      "isDefaultVersion": 0,
      "urlParameters": [],
      "hashParameter": "",
      "backendSystem": [],
      "_metadata": {
        "runnerId": "fiorirunner",
        "id": 6471128,
        "displayName": "Run Component-preload.js",
        "lastRunTimeStamp": 1667402880087
      }
    }
  ]
}