{
    "Employees": [
        {
            "sno": "1",
            "userId": "rirani",
            "jobTitleName": "Developer",
            "firstName": "Romin",
            "employeeCode": "E1"
        },
        {
            "sno": "2",
            "userId": "nirani",
            "jobTitleName": "Developer",
            "firstName": "Neil",
            "employeeCode": "E2"
        },
        {
            "sno": "3",
            "userId": "thanks",
            "jobTitleName": "Program Directory",
            "firstName": "Tom",
            "employeeCode": "E3"
        },
        {
            "sno": "4",
            "userId": "rirani",
            "jobTitleName": "Developer",
            "firstName": "Romin",
            "employeeCode": "E1"
        },
        {
            "sno": "5",
            "userId": "nirani",
            "jobTitleName": "Developer",
            "firstName": "Neil",
            "employeeCode": "E2"
        },
        {
            "sno": "6",
            "userId": "thanks",
            "jobTitleName": "Program Directory",
            "firstName": "Tom",
            "employeeCode": "E3"
        },
        {
            "sno": "7",
            "userId": "rirani",
            "jobTitleName": "Developer",
            "firstName": "Romin",
            "employeeCode": "E1"
        },
        {
            "sno": "8",
            "userId": "nirani",
            "jobTitleName": "Developer",
            "firstName": "Neil",
            "employeeCode": "E2"
        },
        {
            "sno": "9",
            "userId": "thanks",
            "jobTitleName": "Program Directory",
            "firstName": "Tom",
            "employeeCode": "E3"
        },
        {
            "sno": "10",
            "userId": "rirani",
            "jobTitleName": "Developer",
            "firstName": "Romin",
            "employeeCode": "E1"
        },
        {
            "sno": "11",
            "userId": "nirani",
            "jobTitleName": "Developer",
            "firstName": "Neil",
            "employeeCode": "E2"
        },
        {
            "sno": "12",
            "userId": "thanks",
            "jobTitleName": "Program Directory",
            "firstName": "Tom",
            "employeeCode": "E3"
        }
    ]
}