{
	"SAPJDAInterfaceStatus": [{
		"key": "All",
		"text": "All",
		"additionaltext": ""
	}, {
		"key": "Event Successful",
		"text": "Event Successful",
		"additionaltext": "Success"
	}, {
		"key": "Event Failure",
		"text": "Event Failure",
		"additionaltext": "failed"
	}, {
		"key": "Event Reprocess Successful",
		"text": "Event Reprocess Successful",
		"additionaltext": "failedSuccess"
	}],
	"BRIXInboundStatus": [{
		"key": "All",
		"text": "All",
		"additionaltext": ""
	}, {
		"key": "Event Successful",
		"text": "Event Successful",
		"additionaltext": "Success"
	}, {
		"key": "Event Failure",
		"text": "Event Failure",
		"additionaltext": "failed"
	}, {
		"key": "Event Reprocess Successful",
		"text": "Event Reprocess Successful",
		"additionaltext": "failedSuccess"
	}, {
		"key": "Quarantine",
		"text": "Quarantine",
		"additionaltext": "quarantine"
	}],
	"OutboundDeliveryStatus": [{
		"key": "All",
		"text": "All",
		"additionaltext": ""
	}, {
		"key": "Ready To Send",
		"text": "Ready To Send",
		"additionaltext": "01"
	}, {
		"key": "Send To Mulesoft",
		"text": "Send To Mulesoft",
		"additionaltext": "02"
	}, {
		"key": "Processed Successfully",
		"text": "Processed Successfully",
		"additionaltext": "03"
	}, {
		"key": "Processed With Errors",
		"text": "Processed With Errors",
		"additionaltext": "04"
	}, {
		"key": "Processed With Warnings",
		"text": "Processed With Warnings",
		"additionaltext": "05"
	}]
}