{
	"SAPJDAInterfaceTransaction": [{
		"key": "All",
		"text": "All",
		"additionaltext": ""
	}, {
		"key": "Insert",
		"text": "Insert",
		"additionaltext": "I"
	}, {
		"key": "Update",
		"text": "Update",
		"additionaltext": "E"
	}],
	"ApertureAuditTransaction": [{
		"key": "All",
		"text": "All",
		"additionaltext": ""
	}, {
		"key": "Audit Header Create",
		"text": "Audit Header Create",
		"additionaltext": "aperture-sf-sap-APH-create"
	}, {
		"key": "Audit Header Update",
		"text": "Audit Header Update",
		"additionaltext": "aperture-sf-sap-APH-update"
	}, {
		"key": "Audit Location Create",
		"text": "Audit Location Create",
		"additionaltext": "aperture-sf-sap-APA-create"
	}, {
		"key": "Audit Location Update",
		"text": "Audit Location Update",
		"additionaltext": "aperture-sf-sap-APA-update"
	}],
	"ApertureCustomerTransaction": [{
		"key": "All",
		"text": "All",
		"additionaltext": ""
	}, {
		"key": "Accounts Create",
		"text": "Accounts Create",
		"additionaltext": "aperture-sf-sap-account-create"
	}, {
		"key": "Accounts Update",
		"text": "Accounts Update",
		"additionaltext": "aperture-sf-sap-account-update"
	}, {
		"key": "Contact Create",
		"text": "Contact Create",
		"additionaltext": "aperture-sf-sap-contact-create"
	}, {
		"key": "Contact Update",
		"text": "Contact Update",
		"additionaltext": "aperture-sf-sap-contact-update"
	}, {
		"key": "Contact Relation Update",
		"text": "Contact Relation Update",
		"additionaltext": "aperture-sf-sap-contactRelationUpdate"
	}, {
		"key": "Contact Relation Create",
		"text": "Contact Relation Create",
		"additionaltext": "aperture-sf-sap-contactRelationCreate"
	}],
	"BRIXInboundConfirmationsTransaction": [{
		"key": "All",
		"text": "All",
		"additionaltext": ""
	}, {
		"key": "Posting",
		"text": "Posting",
		"additionaltext": "Posting"
	}, {
		"key": "Reversal",
		"text": "Reversal",
		"additionaltext": "Reversal"
	}, {
		"key": "Correction",
		"text": "Correction",
		"additionaltext": "Correction"
	}],
	"BRIXInboundPIMSTransaction": [{
		"key": "All",
		"text": "All",
		"additionaltext": ""
	}, {
		"key": "INITIALLOAD",
		"text": "INITIALLOAD",
		"additionaltext": "INITIALLOAD"
	}, {
		"key": "PLANTACTIVITY",
		"text": "PLANTACTIVITY",
		"additionaltext": "PLANTACTIVITY"
	}, {
		"key": "CORRECTION",
		"text": "CORRECTION",
		"additionaltext": "CORRECTION"
	}],
	"InboundShipmentTransaction": [{
		"key": "All",
		"text": "All",
		"additionaltext": ""
	}, {
		"key": "SAP Shipment creation",
		"text": "SAP Shipment creation",
		"additionaltext": "C"
	}, {
		"key": "SAP Shipment Change",
		"text": "SAP Shipment Change",
		"additionaltext": "M"
	}, {
		"key": "SAP Shipment Completion",
		"text": "SAP Shipment Completion",
		"additionaltext": "S"
	}, {
		"key": "SAP Shipment Delete",
		"text": "SAP Shipment Delete",
		"additionaltext": "D"
	}, {
		"key": "SAP Final cost(Voucher File)",
		"text": "SAP Final cost(Voucher File)",
		"additionaltext": "V"
	}, {
		"key": "Dock Appointment Time",
		"text": "Dock Appointment Time",
		"additionaltext": "I"
	}],
	"OutboundDeliveryTransaction": [{
		"key": "All",
		"text": "All",
		"additionaltext": ""
	}, {
		"key": "Shipment ID Create",
		"text": "Shipment ID Create",
		"additionaltext": "H"
	}, {
		"key": "PGI/Date Time",
		"text": "PGI/Date Time",
		"additionaltext": "B"
	}, {
		"key": "Shipment ID Change",
		"text": "Shipment ID Change",
		"additionaltext": "V"
	}, {
		"key": "Shipment ID delete",
		"text": "Shipment ID delete",
		"additionaltext": "L"
	}, {
		"key": "Shipment ID In-Transit",
		"text": "Shipment ID In-Transit",
		"additionaltext": "P"
	}, {
		"key": "STO-PGR-Shipment ID - In-Transit",
		"text": "STO-PGR-Shipment ID - In-Transit",
		"additionaltext": "K"
	}, {
		"key": "Shipment ID Delivered",
		"text": "Shipment ID Delivered",
		"additionaltext": "D"
	}, {
		"key": "STO Shipmetn ID Delivered",
		"text": "STO Shipmetn ID Delivered",
		"additionaltext": "C"
	}]
}