<core:FragmentDefinition xmlns="sap.m" xmlns:core="sap.ui.core" xmlns:f="sap.ui.layout.form" xmlns:l="sap.ui.layout" >
	<f:SimpleForm layout="ResponsiveGridLayout" editable="true" emptySpanL="6" columnsL="2" >
	<!--<core:Title text="Header Fields" class="formHeaderTitle"/>-->
		<Label text="Position Action" design="Bold"></Label>
		<Select>
			<layoutData>
				<l:GridData span="XL4 L3 M4 S12"/>
			</layoutData>
		</Select>
		<Label text="{i18n>propsedDate}" design="Bold">
			<layoutData>
				<l:GridData span="XL3 L2 M2 S4"/>
			</layoutData>
		</Label>
		<DatePicker value="" displayFormat="dd/MM/yyyy" valueFormat="dd/MM/yyyy">
			<layoutData>
				<l:GridData span="XL3 L2 M2 S4"/>
			</layoutData>
		</DatePicker>
		<Label text="Action Reason" design="Bold"></Label>
		<Select>
			<layoutData>
				<l:GridData span="XL4 L3 M4 S12"/>
			</layoutData>
		</Select>
		<Label text="{i18n>posNumber}" design="Bold"></Label>
		<Text text="22160649">
			<layoutData>
				<l:GridData span="XL4 L3 M4 S12"/>
			</layoutData>
		</Text>
		<Label text="{i18n>job}" design="Bold"/>
		<Text text="Deputy Director D1 (3000000099)">
			<layoutData>
				<l:GridData span="XL4 L3 M4 S12"/>
			</layoutData>
		</Text>
		<Label text="Position Text/Title" design="Bold"></Label>
		<Text text="Deputy Director D1">
			<layoutData>
				<l:GridData span="XL4 L3 M4 S12"/>
			</layoutData>
		</Text>
		<Label text="{i18n>orgUnit}" design="Bold"/>
		<Text text="World Food Programme">
			<layoutData>
				<l:GridData span="XL4 L3 M4 S12"/>
			</layoutData>
		</Text>
		<Label text="{i18n>employeeGrp}" design="Bold"/>
		<Text text="Int. Recr. Staff(1)">
			<layoutData>
				<l:GridData span="XL4 L3 M4 S12"/>
			</layoutData>
		</Text>
		<Label text="{i18n>employeeSubGrp}" design="Bold"/>
		<Text text="Director(D)">
			<layoutData>
				<l:GridData span="XL4 L3 M4 S12"/>
			</layoutData>
		</Text>
		<Label text="{i18n>posGrade}" design="Bold"/>
		<Text text="D-1">
			<layoutData>
				<l:GridData span="XL4 L3 M4 S12"/>
			</layoutData>
		</Text>
		<Label text="{i18n>workSchedule} Percentage" design="Bold"/>
		<Text text="100%">
			<layoutData>
				<l:GridData span="XL4 L3 M4 S12"/>
			</layoutData>
		</Text>
		<Label text="{i18n>countryActDS}" design="Bold"/>
		<Text text="ITA Italy">
			<layoutData>
				<l:GridData span="XL4 L3 M4 S12"/>
			</layoutData>
		</Text>
		<Label text="{i18n>actDutyStation}" design="Bold"/>
		<Text text="Rome">
			<layoutData>
				<l:GridData span="XL4 L3 M4 S12"/>
			</layoutData>
		</Text>
		<Label text="{i18n>posType}" design="Bold"/>
		<Text text="+12Months">
			<layoutData>
				<l:GridData span="XL4 L3 M4 S12"/>
			</layoutData>
		</Text>
		<Label text="{i18n>fundNTE}" design="Bold"/>
		<Text text="Dec 31, 2023">
			<layoutData>
				<l:GridData span="XL4 L3 M4 S12"/>
			</layoutData>
		</Text>
		<Label text="{i18n>daily}" design="Bold"/>
		<Input >
			<layoutData>
				<l:GridData span="XL4 L2 M4 S12"/>
			</layoutData>
		</Input>
		<Label text="{i18n>monthly}" design="Bold"/>
		<Input >
			<layoutData>
				<l:GridData span="XL4 L2 M4 S12"/>
			</layoutData>
		</Input>
		<Label text="{i18n>pensioner}" design="Bold"/>
		<Input >
			<layoutData>
				<l:GridData span="XL4 L2 M4 S12"/>
			</layoutData>
		</Input>
		<Label text="{i18n>tdy}" design="Bold"/>
		<DatePicker >
			<layoutData>
				<l:GridData span="XL4 L2 M4 S12"/>
			</layoutData>
		</DatePicker>
		<Label text="{i18n>remarks}" design="Bold"></Label>
		<TextArea  rows="7" maxLength="500">
			<layoutData>
				<l:GridData span="XL6 L6 M6 S12"/>
			</layoutData></TextArea>
	</f:SimpleForm>
</core:FragmentDefinition>