<core:FragmentDefinition xmlns="sap.m" xmlns:core="sap.ui.core" xmlns:f="sap.ui.layout.form" xmlns:l="sap.ui.layout">
	<f:SimpleForm layout="ResponsiveGridLayout" editable="true"  emptySpanL="6" columnsL="2" class="form">
		<Label text="Vacancy Type" design="Bold"></Label>
		<Select>
			<layoutData>
				<l:GridData span="XL4 L3 M4 S12"/>
			</layoutData>
		</Select>
		<Label text="{i18n>propsedDate}" design="Bold">
			<layoutData>
				<l:GridData span="XL4 L3 M4 S12"/>
			</layoutData>
		</Label>
		<DatePicker value="" displayFormat="dd/MM/yyyy" width="60%" valueFormat="dd/MM/yyyy"/>
		<Label text="Employee Group" design="Bold"/>
		<Text text="Int. Recr. Staff(1)">
			<layoutData>
				<l:GridData span="XL4 L3 M4 S12"/>
			</layoutData>
		</Text>
		<Label text="Employee Subgroup" design="Bold"/>
		<Text text="Director(D)">
			<layoutData>
				<l:GridData span="XL4 L3 M4 S12"/>
			</layoutData>
		</Text>
		<Label text="{i18n>posGrade}" design="Bold"/>
		<Text text="D-1">
			<layoutData>
				<l:GridData span="XL4 L3 M4 S12"/>
			</layoutData>
		</Text>
		<Label text="{i18n>job}" design="Bold"/>
		<Text text="Deputy Director D1 (3000000099)">
			<layoutData>
				<l:GridData span="XL4 L3 M4 S12"/>
			</layoutData>
		</Text>
		<Label text="Funding NTE" design="Bold"/>
		<Text text="Dec 31, 2023">
			<layoutData>
				<l:GridData span="XL4 L3 M4 S12"/>
			</layoutData>
		</Text>
		<Label text="{i18n>workSchedule}" design="Bold"/>
		<Text text="100%">
			<layoutData>
				<l:GridData span="XL4 L3 M4 S12"/>
			</layoutData>
		</Text>
		<Label text="Actual Duty Station" design="Bold"/>
		<Text text="ITA Italy - Rome">
			<layoutData>
				<l:GridData span="XL4 L3 M4 S12"/>
			</layoutData>
		</Text>
		<Label text="{i18n>orgUnit}" design="Bold"/>
		<Text text="World Food Programme">
			<layoutData>
				<l:GridData span="XL4 L3 M4 S12"/>
			</layoutData>
		</Text>
		<Label text="{i18n>posNumber}" design="Bold"/>
		<Text text="22160649">
			
		</Text>
		<Label text="{i18n>posTitle}" design="Bold"/>
		<Text text="Deputy Director D1">
			<layoutData>
				<l:GridData span="XL4 L3 M4 S12"/>
			</layoutData>
		</Text>
		<Label text="{i18n>posType}" design="Bold"/>
		<Text text="+12Months">
			<layoutData>
				<l:GridData span="XL4 L3 M4 S12"/>
			</layoutData>
		</Text>
		<Label text="Specific"></Label>
		<TextArea  rows="7" maxLength="500">
			<layoutData>
				<l:GridData span="XL6 L6 M6 S12"/>
			</layoutData>
		</TextArea>
		<Label text="{i18n>remarks}"></Label>
		<TextArea  rows="7" maxLength="500">
			<layoutData>
				<l:GridData span="XL6 L6 M6 S12"/>
			</layoutData>
		</TextArea>
		<Label text=""/>
		<CheckBox text="{i18n>toBeAdvert}">
		</CheckBox>
	</f:SimpleForm>
</core:FragmentDefinition>