<core:FragmentDefinition xmlns="sap.m" xmlns:core="sap.ui.core">
	<Dialog id="commentDialogue" title="{i18n>commentsDialogueitle}"
		class="sapUiSizeCompact commentDialog dialog">
		<TextArea value="" rows="8" id="commentsArea" class="" width="100%"/>
		<beginButton>
			<Button text="{i18n>save}" press="onCommentsSubmit" class="clsBtnColorYellowGreen"/>
		</beginButton>
		<endButton>
			<Button text="{i18n>cancel}" press="onCommentsCancel" class="clsBtnColorYellowRed"/>
		</endButton>
	</Dialog>
</core:FragmentDefinition>