<core:FragmentDefinition xmlns="sap.m" xmlns:core="sap.ui.core">
	<Dialog id="empIdDialogue" title="{i18n>empIdTDialogueitle}" class="sapUiSizeCompact dialog">
		<Toolbar class="toolBarCls">
			<SearchField search="onEmpIdSearch" id="empIdSearch" placeholder="{i18n>empIdNamePlaceHolder}" class="searchIconCls"/>
		</Toolbar>
		<Table id="employeeIdTable" items="{modelData>/results}" includeItemInSelection="true" class="tableCls" visible="false" growing="true"
			growingThreshold="20" growingScrollToLoad="true">
			<columns>
				<Column>
					<Label design="Bold" text="{i18n>empIdColumnLabel}" wrapping="true"></Label>
				</Column>
				<Column>
					<Label design="Bold" text="{i18n>empNameColumnLabel}" wrapping="true"></Label>
				</Column>
			</columns>
			<items>
				<ColumnListItem press="onEmployeeIdSubmit" type="Active">
					<cells>
						<Text text="{modelData>EmpId}" class="textColor"></Text>
						<Text text="{modelData>EmpName}" class="textColor"></Text>
					</cells>
				</ColumnListItem>
			</items>
		</Table>
		<endButton>
			<Button text="{i18n>cancel}" press="onEmpIdCancel" type="Reject" class="clsBtnColorYellowRed"/>
		</endButton>
	</Dialog>
</core:FragmentDefinition>