<core:FragmentDefinition xmlns="sap.m" xmlns:core="sap.ui.core">
	<Dialog id="EngPosIdDialogue" title="{i18n>positionIdLabel}"
		class="sapUiSizeCompact dialogHdrShadowCls dialog">
		<IconTabBar id="idEngIconTabBar" select="handleIconTabBarSelect"
			class="clsITBarCls">
			<items>
				<IconTabFilter text="{i18n>posIdTabText}" key="{i18n>posIdTabText}">
					<Toolbar class="toolBarCls">
						<SearchField width="100%" class="sapUiSmallMargin searchIconCls" liveChange="onEngPosLiveChangeSearch"
							id="dialoguEngPosIdTitleSearch" placeholder="{i18n>posIdPlaceHolder}" search="onEngPosSearch"/>
					</Toolbar>
					<Table id="engPosIdOrTitleTabTable" items="{path:'engPosIdTitleModelData>/results'}" includeItemInSelection="true"
						class="tableCls" visible="false" growing="true" growingThreshold="20" growingScrollToLoad="true">
						<columns>
							<Column>
								<Label text="{i18n>posIdColumnLabel}" design="Bold" wrapping="true"/>
							</Column>
							<Column>
								<Label text="{i18n>descColumnLabel}" design="Bold" wrapping="true"/>
							</Column>
							<Column>
								<Label text="{i18n>unionColumnLabel}" design="Bold" wrapping="true"/>
							</Column>
							<Column>
								<VBox>
									<Label text="{i18n>assignColumnLabel}" design="Bold" wrapping="true"/>
									<Label text="{i18n>superVisorColumnLabel}" design="Bold" wrapping="true"/>
								</VBox>
							</Column>
							<Column>
								<Label text="{i18n>cityColumnLabel}" design="Bold" wrapping="true"/>
							</Column>
							<Column>
								<Label text="{i18n>stateColumnLabel}" design="Bold" wrapping="true"/>
							</Column>
							<Column>
								<Label text="{i18n>divColumnLabel}" design="Bold" wrapping="true"/>
							</Column>
							<Column>
								<VBox>
									<Label text="{i18n>cdlColumnLabel}" design="Bold" wrapping="true"/>
									<Label text="{i18n>reqColumnLabel}" design="Bold" wrapping="true"/>
								</VBox>
							</Column>
							<Column>
								<VBox>
									<Label text="{i18n>currentColumnLabel}" design="Bold" wrapping="true"/>
									<Label text="{i18n>occupantColumnLabel}" design="Bold" wrapping="true"/>
								</VBox>
							</Column>
						</columns>
						<items>
							<ColumnListItem press="onEngPosDataSubmit" type="Active">
								<cells>
									<Text text="{engPosIdTitleModelData>PositionId}" class="textColor"/>
									<Text text="{engPosIdTitleModelData>PositionDesc}" class="textColor"/>
									<Text text="{engPosIdTitleModelData>Union}" class="textColor"/>
									<Text text="{engPosIdTitleModelData>AssignSup}" class="textColor"/>
									<Text text="{engPosIdTitleModelData>City}" class="textColor"/>
									<Text text="{engPosIdTitleModelData>State}" class="textColor"/>
									<Text text="{engPosIdTitleModelData>Divison}" class="textColor"/>
									<Text text="{engPosIdTitleModelData>Qualification}" class="textColor"/>
									<Text text="{engPosIdTitleModelData>CurntOcupnt}" class="textColor"/>
								</cells>
							</ColumnListItem>
						</items>
					</Table>
				</IconTabFilter>
				<IconTabFilter text="{i18n>unionTabText}" key="{i18n>unionTabText}">
					<Toolbar class="toolBarCls">
						<!--<ComboBox showSecondaryValues="true" items="{path:'engUnionDropDownModelData>/results'}" id="engUnionDropDown" loadItems="onUnionDropDown"-->
						<!--	change="onEngUnionSelectionChange" width="60%" placeholder="{i18n>selUnion}" class="comboCls">-->
						<!--	<core:ListItem key="{engUnionDropDownModelData>Description}" text="{engUnionDropDownModelData>Value}"-->
						<!--		additionalText="{engUnionDropDownModelData>Description}"/>-->
						<!--</ComboBox>-->
						
						
						
						<ComboBox id="engUnionDropDown" width="30%" items="{path:'engUnionDropDownModelData>/results'}" class="comboCls" change="onEngUnionSelectionChange">
					<core:Item key="{engUnionDropDownModelData>Value}" text="{engUnionDropDownModelData>Value}"/>
				</ComboBox>
						
						
					</Toolbar>
					<Table id="engUnionTabTable" items="{path:'engUnionModelData>/results'}" includeItemInSelection="true"
						class="tableCls" visible="false" growing="true" growingThreshold="20" growingScrollToLoad="true">
						<columns>
							<Column>
								<Label text="{i18n>posIdColumnLabel}" design="Bold" wrapping="true"/>
							</Column>
							<Column>
								<Label text="{i18n>descColumnLabel}" design="Bold" wrapping="true"/>
							</Column>
							<Column>
								<Label text="{i18n>unionColumnLabel}" design="Bold" wrapping="true"/>
							</Column>
							<Column>
								<VBox>
									<Label text="{i18n>assignColumnLabel}" design="Bold" wrapping="true"/>
									<Label text="{i18n>superVisorColumnLabel}" design="Bold" wrapping="true"/>
								</VBox>
							</Column>
							<Column>
								<Label text="{i18n>cityColumnLabel}" design="Bold" wrapping="true"/>
							</Column>
							<Column>
								<Label text="{i18n>stateColumnLabel}" design="Bold" wrapping="true"/>
							</Column>
							<Column>
								<Label text="{i18n>divColumnLabel}" design="Bold" wrapping="true"/>
							</Column>
							<Column>
								<VBox>
									<Label text="{i18n>cdlColumnLabel}" design="Bold" wrapping="true"/>
									<Label text="{i18n>reqColumnLabel}" design="Bold" wrapping="true"/>
								</VBox>
							</Column>
							<Column>
								<VBox>
									<Label text="{i18n>currentColumnLabel}" design="Bold" wrapping="true"/>
									<Label text="{i18n>occupantColumnLabel}" design="Bold" wrapping="true"/>
								</VBox>
							</Column>
						</columns>
						<items>
							<ColumnListItem press="onEngPosDataSubmit" type="Active">
								<cells>
									<Text text="{engUnionModelData>PositionId}" class="textColor"/>
									<Text text="{engUnionModelData>PositionDesc}" class="textColor"/>
									<Text text="{engUnionModelData>Union}" class="textColor"/>
									<Text text="{engUnionModelData>AssignSup}" class="textColor"/>
									<Text text="{engUnionModelData>City}" class="textColor"/>
									<Text text="{engUnionModelData>State}" class="textColor"/>
									<Text text="{engUnionModelData>Divison}" class="textColor"/>
									<Text text="{engUnionModelData>Qualification}" class="textColor"/>
									<Text text="{engUnionModelData>CurntOcupnt}" class="textColor"/>
								</cells>
							</ColumnListItem>
						</items>
					</Table>
				</IconTabFilter>
				<IconTabFilter text="{i18n>assignSupTabText}" key="{i18n>assignSupTabText}">
					<Toolbar class="toolBarCls">
						<SearchField width="100%" class="sapUiSmallMargin searchIconCls" liveChange="onEngPosSupLiveChangeSearch" id="dialoguEngPosSupSearch"
							placeholder="{i18n>posSupSrchPlaceHolder}" search="onEngPosSearch"/>
					</Toolbar>
					<Table id="engPosSupTabTable" items="{path:'engPosIdSupModelData>/results'}" includeItemInSelection="true"
						class="tableCls" visible="false" growing="true" growingThreshold="20" growingScrollToLoad="true">
						<columns>
							<Column>
								<Label text="{i18n>posIdColumnLabel}" design="Bold" wrapping="true"/>
							</Column>
							<Column>
								<Label text="{i18n>descColumnLabel}" design="Bold" wrapping="true"/>
							</Column>
							<Column>
								<Label text="{i18n>unionColumnLabel}" design="Bold" wrapping="true"/>
							</Column>
							<Column>
								<VBox>
									<Label text="{i18n>assignColumnLabel}" design="Bold" wrapping="true"/>
									<Label text="{i18n>superVisorColumnLabel}" design="Bold" wrapping="true"/>
								</VBox>
							</Column>
							<Column>
								<Label text="{i18n>cityColumnLabel}" design="Bold" wrapping="true"/>
							</Column>
							<Column>
								<Label text="{i18n>stateColumnLabel}" design="Bold" wrapping="true"/>
							</Column>
							<Column>
								<Label text="{i18n>divColumnLabel}" design="Bold" wrapping="true"/>
							</Column>
							<Column>
								<VBox>
									<Label text="{i18n>cdlColumnLabel}" design="Bold" wrapping="true"/>
									<Label text="{i18n>reqColumnLabel}" design="Bold" wrapping="true"/>
								</VBox>
							</Column>
							<Column>
								<VBox>
									<Label text="{i18n>currentColumnLabel}" design="Bold" wrapping="true"/>
									<Label text="{i18n>occupantColumnLabel}" design="Bold" wrapping="true"/>
								</VBox>
							</Column>
						</columns>
						<items>
							<ColumnListItem press="onEngPosDataSubmit" type="Active">
								<cells>
									<Text text="{engPosIdSupModelData>PositionId}" class="textColor"/>
									<Text text="{engPosIdSupModelData>PositionDesc}" class="textColor"/>
									<Text text="{engPosIdSupModelData>Union}" class="textColor"/>
									<Text text="{engPosIdSupModelData>AssignSup}" class="textColor"/>
									<Text text="{engPosIdSupModelData>City}" class="textColor"/>
									<Text text="{engPosIdSupModelData>State}" class="textColor"/>
									<Text text="{engPosIdSupModelData>Divison}" class="textColor"/>
									<Text text="{engPosIdSupModelData>Qualification}" class="textColor"/>
									<Text text="{engPosIdSupModelData>CurntOcupnt}" class="textColor"/>
								</cells>
							</ColumnListItem>
						</items>
					</Table>
				</IconTabFilter>
				<IconTabFilter text="{i18n>divTabText}" key="{i18n>divTabText}">
					<Toolbar class="toolBarCls">
						<!--<SearchField width="100%" class="sapUiSmallMargin searchIconBg" liveChange="onEngPosDivLiveChangeSearch" id="dialoguEngPosDivSearch"-->
						<!--	placeholder="{i18n>posDivSrchPlaceHolder}" search="onEngPosSearch"/>-->
						<ComboBox showSecondaryValues="true" items="{path:'engDivModelData>/results'}" id="EngDivDropDown" loadItems="onDivDropDown"
							change="onDivSelectionChange" width="60%" placeholder="{i18n>selDiv}" class="comboCls">
							<core:ListItem key="{engDivModelData>Description}" text="{engDivModelData>Value}" additionalText="{engDivModelData>Description}"/>
						</ComboBox>
					</Toolbar>
					<Table id="engPosDivTabTable" items="{path:'engPosDivModelData>/results'}" includeItemInSelection="true"
						class="tableCls" visible="false" growing="true" growingThreshold="20" growingScrollToLoad="true">
						<columns>
							<Column>
								<Label text="{i18n>posIdColumnLabel}" design="Bold" wrapping="true"/>
							</Column>
							<Column>
								<Label text="{i18n>descColumnLabel}" design="Bold" wrapping="true"/>
							</Column>
							<Column>
								<Label text="{i18n>unionColumnLabel}" design="Bold" wrapping="true"/>
							</Column>
							<Column>
								<VBox>
									<Label text="{i18n>assignColumnLabel}" design="Bold" wrapping="true"/>
									<Label text="{i18n>superVisorColumnLabel}" design="Bold" wrapping="true"/>
								</VBox>
							</Column>
							<Column>
								<Label text="{i18n>cityColumnLabel}" design="Bold" wrapping="true"/>
							</Column>
							<Column>
								<Label text="{i18n>stateColumnLabel}" design="Bold" wrapping="true"/>
							</Column>
							<Column>
								<Label text="{i18n>divColumnLabel}" design="Bold" wrapping="true"/>
							</Column>
							<Column>
								<VBox>
									<Label text="{i18n>cdlColumnLabel}" design="Bold" wrapping="true"/>
									<Label text="{i18n>reqColumnLabel}" design="Bold" wrapping="true"/>
								</VBox>
							</Column>
							<Column>
								<VBox>
									<Label text="{i18n>currentColumnLabel}" design="Bold" wrapping="true"/>
									<Label text="{i18n>occupantColumnLabel}" design="Bold" wrapping="true"/>
								</VBox>
							</Column>
						</columns>
						<items>
							<ColumnListItem press="onEngPosDataSubmit" type="Active">
								<cells>
									<Text text="{engPosDivModelData>PositionId}" class="textColor"/>
									<Text text="{engPosDivModelData>PositionDesc}" class="textColor"/>
									<Text text="{engPosDivModelData>Union}" class="textColor"/>
									<Text text="{engPosDivModelData>AssignSup}" class="textColor"/>
									<Text text="{engPosDivModelData>City}" class="textColor"/>
									<Text text="{engPosDivModelData>State}" class="textColor"/>
									<Text text="{engPosDivModelData>Divison}" class="textColor"/>
									<Text text="{engPosDivModelData>Qualification}" class="textColor"/>
									<Text text="{engPosDivModelData>CurntOcupnt}" class="textColor"/>
								</cells>
							</ColumnListItem>
						</items>
					</Table>
				</IconTabFilter>
				<IconTabFilter text="{i18n>cityTabText}" key="{i18n>cityTabText}">
					<Toolbar class="toolBarCls">
						<SearchField width="100%" class="sapUiSmallMargin searchIconCls" liveChange="onEngPosCityLiveChangeSearch" id="dialoguEngPosCitySearch"
							placeholder="{i18n>posCitySrchPlaceHolder}" search="onEngPosSearch"/>
					</Toolbar>
					<Table id="engPosCityTabTable" items="{path:'engPosCityModelData>/results'}" includeItemInSelection="true"
						class="tableCls" visible="false" growing="true" growingThreshold="20" growingScrollToLoad="true">
						<columns>
							<Column>
								<Label text="{i18n>posIdColumnLabel}" design="Bold" wrapping="true"/>
							</Column>
							<Column>
								<Label text="{i18n>descColumnLabel}" design="Bold" wrapping="true"/>
							</Column>
							<Column>
								<Label text="{i18n>unionColumnLabel}" design="Bold" wrapping="true"/>
							</Column>
							<Column>
								<VBox>
									<Label text="{i18n>assignColumnLabel}" design="Bold" wrapping="true"/>
									<Label text="{i18n>superVisorColumnLabel}" design="Bold" wrapping="true"/>
								</VBox>
							</Column>
							<Column>
								<Label text="{i18n>cityColumnLabel}" design="Bold" wrapping="true"/>
							</Column>
							<Column>
								<Label text="{i18n>stateColumnLabel}" design="Bold" wrapping="true"/>
							</Column>
							<Column>
								<Label text="{i18n>divColumnLabel}" design="Bold" wrapping="true"/>
							</Column>
							<Column>
								<VBox>
									<Label text="{i18n>cdlColumnLabel}" design="Bold" wrapping="true"/>
									<Label text="{i18n>reqColumnLabel}" design="Bold" wrapping="true"/>
								</VBox>
							</Column>
							<Column>
								<VBox>
									<Label text="{i18n>currentColumnLabel}" design="Bold" wrapping="true"/>
									<Label text="{i18n>occupantColumnLabel}" design="Bold" wrapping="true"/>
								</VBox>
							</Column>
						</columns>
						<items>
							<ColumnListItem press="onEngPosDataSubmit" type="Active">
								<cells>
									<Text text="{engPosCityModelData>PositionId}" class="textColor"/>
									<Text text="{engPosCityModelData>PositionDesc}" class="textColor"/>
									<Text text="{engPosCityModelData>Union}" class="textColor"/>
									<Text text="{engPosCityModelData>AssignSup}" class="textColor"/>
									<Text text="{engPosCityModelData>City}" class="textColor"/>
									<Text text="{engPosCityModelData>State}" class="textColor"/>
									<Text text="{engPosCityModelData>Divison}" class="textColor"/>
									<Text text="{engPosCityModelData>Qualification}" class="textColor"/>
									<Text text="{engPosCityModelData>CurntOcupnt}" class="textColor"/>
								</cells>
							</ColumnListItem>
						</items>
					</Table>
				</IconTabFilter>
				<IconTabFilter text="{i18n>stateTabText}" key="{i18n>stateTabText}">
					<Toolbar class="toolBarCls">
						<!--<SearchField width="100%" class="sapUiSmallMargin searchIconBg" liveChange="onEngPosStateLiveChangeSearch" id="dialoguEngPosStateSearch"-->
						<!--	placeholder="{i18n>posStateSrchPlaceHolder}" search="onEngPosSearch"/>-->
						<!--<Input width="90%" showSuggestion="true" id="stateInp" showValueHelp="true" valueHelpRequest="onStateRequest"/>-->
						<ComboBox showSecondaryValues="true" items="{path:'engStateModelData>/results'}" id="stateDropDown" loadItems="onStateDropDown"
							change="onStateSelectionChange" width="60%" placeholder="{i18n>selState}" class="comboCls">
							<core:ListItem key="{engStateModelData>Description}" text="{engStateModelData>Value}" additionalText="{engStateModelData>Description}"/>
						</ComboBox>
					</Toolbar>
					<Table id="engPosStateTabTable" items="{path:'engPosStateModelData>/results'}" includeItemInSelection="true"
						class="tableCls" visible="false" growing="true" growingThreshold="20" growingScrollToLoad="true">
						<columns>
							<Column>
								<Label text="{i18n>posIdColumnLabel}" design="Bold" wrapping="true"/>
							</Column>
							<Column>
								<Label text="{i18n>descColumnLabel}" design="Bold" wrapping="true"/>
							</Column>
							<Column>
								<Label text="{i18n>unionColumnLabel}" design="Bold" wrapping="true"/>
							</Column>
							<Column>
								<VBox>
									<Label text="{i18n>assignColumnLabel}" design="Bold" wrapping="true"/>
									<Label text="{i18n>superVisorColumnLabel}" design="Bold" wrapping="true"/>
								</VBox>
							</Column>
							<Column>
								<Label text="{i18n>cityColumnLabel}" design="Bold" wrapping="true"/>
							</Column>
							<Column>
								<Label text="{i18n>stateColumnLabel}" design="Bold" wrapping="true"/>
							</Column>
							<Column>
								<Label text="{i18n>divColumnLabel}" design="Bold" wrapping="true"/>
							</Column>
							<Column>
								<VBox>
									<Label text="{i18n>cdlColumnLabel}" design="Bold" wrapping="true"/>
									<Label text="{i18n>reqColumnLabel}" design="Bold" wrapping="true"/>
								</VBox>
							</Column>
							<Column>
								<VBox>
									<Label text="{i18n>currentColumnLabel}" design="Bold" wrapping="true"/>
									<Label text="{i18n>occupantColumnLabel}" design="Bold" wrapping="true"/>
								</VBox>
							</Column>
						</columns>
						<items>
							<ColumnListItem press="onEngPosDataSubmit" type="Active">
								<cells>
									<Text text="{engPosStateModelData>PositionId}" class="textColor"/>
									<Text text="{engPosStateModelData>PositionDesc}" class="textColor"/>
									<Text text="{engPosStateModelData>Union}" class="textColor"/>
									<Text text="{engPosStateModelData>AssignSup}" class="textColor"/>
									<Text text="{engPosStateModelData>City}" class="textColor"/>
									<Text text="{engPosStateModelData>State}" class="textColor"/>
									<Text text="{engPosStateModelData>Divison}" class="textColor"/>
									<Text text="{engPosStateModelData>Qualification}" class="textColor"/>
									<Text text="{engPosStateModelData>CurntOcupnt}" class="textColor"/>
								</cells>
							</ColumnListItem>
						</items>
					</Table>
				</IconTabFilter>
				<IconTabFilter text="{i18n>gangTabText1}" key="{i18n>gangTabText}">
					<Toolbar class="toolBarCls">
						<!--<SearchField width="100%" class="sapUiSmallMargin searchIconBg" liveChange="onEngPosGangIdLiveChangeSearch" id="dialoguEngPosGangIdSearch"-->
						<!--	placeholder="{i18n>posGangIdSrchPlaceHolder}" search="onEngPosSearch"/>-->
						<ComboBox showSecondaryValues="true" items="{path:'engGangIdDropDownData>/results'}" id="dialoguEngPosGangIdSearch"
							loadItems="onGangIdDropDown" filterSecondaryValues="true" change="onEngGangIdSelectionChange" width="60%" placeholder="{i18n>posGangIdSrchPlaceHolder}" class="comboCls">
							<core:ListItem key="{engGangIdDropDownData>Description}" text="{engGangIdDropDownData>Value}"
								additionalText="{engGangIdDropDownData>Description}"/>
						</ComboBox>
					</Toolbar>
					<Table id="engPosGangIdTabTable" items="{path:'engPosGangIdModelData>/results'}" includeItemInSelection="true"
						class="tableCls" visible="false" growing="true" growingThreshold="20" growingScrollToLoad="true">
						<columns>
							<Column>
								<Label text="{i18n>posIdColumnLabel}" design="Bold" wrapping="true"/>
							</Column>
							<Column>
								<Label text="{i18n>descColumnLabel}" design="Bold" wrapping="true"/>
							</Column>
							<Column>
								<Label text="{i18n>unionColumnLabel}" design="Bold" wrapping="true"/>
							</Column>
							<Column>
								<VBox>
									<Label text="{i18n>assignColumnLabel}" design="Bold" wrapping="true"/>
									<Label text="{i18n>superVisorColumnLabel}" design="Bold" wrapping="true"/>
								</VBox>
							</Column>
							<Column>
								<Label text="{i18n>cityColumnLabel}" design="Bold" wrapping="true"/>
							</Column>
							<Column>
								<Label text="{i18n>stateColumnLabel}" design="Bold" wrapping="true"/>
							</Column>
							<Column>
								<Label text="{i18n>divColumnLabel}" design="Bold" wrapping="true"/>
							</Column>
							<Column>
								<VBox>
									<Label text="{i18n>cdlColumnLabel}" design="Bold" wrapping="true"/>
									<Label text="{i18n>reqColumnLabel}" design="Bold" wrapping="true"/>
								</VBox>
							</Column>
							<Column>
								<VBox>
									<Label text="{i18n>currentColumnLabel}" design="Bold" wrapping="true"/>
									<Label text="{i18n>occupantColumnLabel}" design="Bold" wrapping="true"/>
								</VBox>
							</Column>
						</columns>
						<items>
							<ColumnListItem press="onEngPosDataSubmit" type="Active">
								<cells>
									<Text text="{engPosGangIdModelData>PositionId}" class="textColor"/>
									<Text text="{engPosGangIdModelData>PositionDesc}" class="textColor"/>
									<Text text="{engPosGangIdModelData>Union}" class="textColor"/>
									<Text text="{engPosGangIdModelData>AssignSup}" class="textColor"/>
									<Text text="{engPosGangIdModelData>City}" class="textColor"/>
									<Text text="{engPosGangIdModelData>State}" class="textColor"/>
									<Text text="{engPosGangIdModelData>Divison}" class="textColor"/>
									<Text text="{engPosGangIdModelData>Qualification}" class="textColor"/>
									<Text text="{engPosGangIdModelData>CurntOcupnt}" class="textColor"/>
								</cells>
							</ColumnListItem>
						</items>
					</Table>
				</IconTabFilter>
				<IconTabFilter id="engPosEmpIconTab" text="{i18n>empTabText}" key="{i18n>empTabText}">
					<Toolbar class="toolBarCls">
						<!--<ComboBox showSecondaryValues="true" items="{path:'TCUDeskSuggDropdown>/results'}" id="dialoguTcuPosEmpSearch"-->
						<!--	loadItems="onTcuDeptDropDown1" selectionChange="onTcuPosSearch" width="60%" placeholder="{i18n>deskSrchPlaceHolder}">-->
						<!--	<core:ListItem key="{TCUDeskSuggDropdown>Desk_Num}" text="{TCUDeskSuggDropdown>Desk_Num}"-->
						<!--		additionalText="{TCUDeskSuggDropdown>Desk_Num_Desc}"/>-->
						<!--</ComboBox>-->
						<SearchField width="100%" class="sapUiSmallMargin searchIconCls" liveChange="onMechEmpSearch" id="dialoguEngEmpSearch"
							placeholder="{i18n>empSrchPlaceHolder}" search="onEngEmpSelectionChange"/>
					</Toolbar>
					<Table id="engPosEmpTabTable" items="{path: 'engPosEmpModelData>/results'}" includeItemInSelection="true"
						class="tableCls" visible="false" growing="true" growingThreshold="20" growingScrollToLoad="true">
						<columns>
							<Column>
								<Label text="{i18n>posIdColumnLabel}" design="Bold" wrapping="true"/>
							</Column>
							<Column>
								<Label text="{i18n>descColumnLabel}" design="Bold" wrapping="true"/>
							</Column>
							<Column>
								<Label text="{i18n>unionColumnLabel}" design="Bold" wrapping="true"/>
							</Column>
							<Column>
								<VBox>
									<Label text="{i18n>assignColumnLabel}" design="Bold" wrapping="true"/>
									<Label text="{i18n>superVisorColumnLabel}" design="Bold" wrapping="true"/>
								</VBox>
							</Column>
							<Column>
								<Label text="{i18n>cityColumnLabel}" design="Bold" wrapping="true"/>
							</Column>
							<Column>
								<Label text="{i18n>stateColumnLabel}" design="Bold" wrapping="true"/>
							</Column>
							<Column>
								<Label text="{i18n>divColumnLabel}" design="Bold" wrapping="true"/>
							</Column>
							<Column>
								<VBox>
									<Label text="{i18n>cdlColumnLabel}" design="Bold" wrapping="true"/>
									<Label text="{i18n>reqColumnLabel}" design="Bold" wrapping="true"/>
								</VBox>
							</Column>
							<Column>
								<VBox>
									<Label text="{i18n>currentColumnLabel}" design="Bold" wrapping="true"/>
									<Label text="{i18n>occupantColumnLabel}" design="Bold" wrapping="true"/>
								</VBox>
							</Column>
						</columns>
						<items>
							<ColumnListItem press="onEngPosDataSubmit" type="Active">
								<cells>
									<Text text="{engPosEmpModelData>PositionId}" class="textColor"/>
									<Text text="{engPosEmpModelData>PositionDesc}" class="textColor"/>
									<Text text="{engPosEmpModelData>Union}" class="textColor"/>
									<Text text="{engPosEmpModelData>AssignSup}" class="textColor"/>
									<Text text="{engPosEmpModelData>City}" class="textColor"/>
									<Text text="{engPosEmpModelData>State}" class="textColor"/>
									<Text text="{engPosEmpModelData>Divison}" class="textColor"/>
									<Text text="{engPosEmpModelData>Qualification}" class="textColor"/>
									<Text text="{engPosEmpModelData>CurntOcupnt}" class="textColor"/>
								</cells>
							</ColumnListItem>
						</items>
					</Table>
				</IconTabFilter>
			</items>
		</IconTabBar>
		<endButton>
			<Button text="{i18n>cancel}" press="onEngPosDialogCancel" class="clsBtnColorYellowRed"/>
		</endButton>
	</Dialog>
</core:FragmentDefinition>