<core:FragmentDefinition xmlns="sap.m" xmlns:core="sap.ui.core">
	<Dialog id="mechPosIdDialogue" title="{i18n>positionIdLabel}" class="sapUiSizeCompact dialog">
		<IconTabBar id="idMechPosIconTabBar" select="handleIconTabBarSelect" class="clsITBarCls">
			<items>
				<IconTabFilter text="{i18n>posIdTabText}" key="{i18n>posIdTabText}">
					<Toolbar class="toolBarCls">
						<SearchField width="100%" class="sapUiSmallMargin searchIconCls" liveChange="onMechPosIdOrTitleSearch" id="dialoguMechPosIdOrTitleSearch"
							placeholder="{i18n>posIdPlaceHolder}" search="onMechPosSearch"/>
					</Toolbar>
					<Table id="mechPosIdOrTitleTabTable" items="{path: 'mechPosIdTitleModelData>/results'}" includeItemInSelection="true" class="tableCls"
						visible="false" growing="true" growingThreshold="20" growingScrollToLoad="true">
						<columns>
							<Column>
								<Label text="{i18n>posIdColumnLabel}" design="Bold" wrapping="true"/>
							</Column>
							<Column>
								<Label text="{i18n>descColumnLabel}" design="Bold" wrapping="true"/>
							</Column>
							<Column>
								<Label text="{i18n>unionColumnLabel}" design="Bold" wrapping="true"/>
							</Column>
							<Column>
								<Label text="{i18n>areaColumnLabel}" design="Bold" wrapping="true"/>
							</Column>
							<Column>
								<Label text="{i18n>craftColumnLabel}" design="Bold" wrapping="true"/>
							</Column>
							<Column>
								<Label text="{i18n>territoryColumnLabel}" design="Bold" wrapping="true"/>
							</Column>
							<!--<Column>-->
							<!--	<Label text="{i18n>yardColumnLabel}" design="Bold" wrapping="true"/>-->
							<!--</Column>-->
							<!--<Column width="19%">-->
							<!--	<Label text="{i18n>locChairmanColumnLabel}" design="Bold" wrapping="true"/>-->
							<!--</Column>-->
							<Column>
								<VBox>
									<Label text="{i18n>currentColumnLabel}" design="Bold" wrapping="true"/>
									<Label text="{i18n>occupantColumnLabel}" design="Bold" wrapping="true"/>
								</VBox>
							</Column>
						</columns>
						<items>
							<ColumnListItem press="onMechPosDataSubmit" type="Active">
								<cells>
									<Text text="{mechPosIdTitleModelData>PositionId}" class="textColor"/>
									<Text text="{mechPosIdTitleModelData>PositionDesc}" class="textColor"/>
									<Text text="{mechPosIdTitleModelData>Union}" class="textColor"/>
									<Text text="{mechPosIdTitleModelData>Area}" class="textColor"/>
									<Text text="{mechPosIdTitleModelData>Craft}" class="textColor"/>
									<Text text="{mechPosIdTitleModelData>Territory}" class="textColor"/>
									<!--<Text text="{mechPosIdTitleModelData>Yard}" class="textColor"/>-->
									<!--<Text text="{mechPosIdTitleModelData>Local_Chairman}" class="textColor"/>-->
									<Text text="{mechPosIdTitleModelData>CurntOcupnt}" class="textColor"/>
								</cells>
							</ColumnListItem>
						</items>
					</Table>
				</IconTabFilter>
				<IconTabFilter text="{i18n>unionTabText}" key="{i18n>unionTabText}">
					<Toolbar class="toolBarCls">
						<ComboBox showSecondaryValues="true" items="{path:'mechUnionDropDownModelData>/results'}" id="mechUnionDropDown" loadItems="onUnionDropDown"
							change="onMechUnionSelectionChange" width="60%" placeholder="{i18n>selUnion}" class="comboCls">
							<core:ListItem key="{mechUnionDropDownModelData>Description}" text="{mechUnionDropDownModelData>Value}"
								additionalText="{mechUnionDropDownModelData>Description}"/>
						</ComboBox>
					</Toolbar>
					<Table id="mechUnionTabTable" items="{path: 'mechUnionModelData>/results'}" includeItemInSelection="true" class="tableCls" visible="false"
						growing="true" growingThreshold="20" growingScrollToLoad="true">
						<columns>
							<Column>
								<Label text="{i18n>posIdColumnLabel}" design="Bold" wrapping="true"/>
							</Column>
							<Column>
								<Label text="{i18n>descColumnLabel}" design="Bold" wrapping="true"/>
							</Column>
							<Column>
								<Label text="{i18n>unionColumnLabel}" design="Bold" wrapping="true"/>
							</Column>
							<Column>
								<Label text="{i18n>areaColumnLabel}" design="Bold" wrapping="true"/>
							</Column>
							<Column>
								<Label text="{i18n>craftColumnLabel}" design="Bold" wrapping="true"/>
							</Column>
							<Column>
								<Label text="{i18n>territoryColumnLabel}" design="Bold" wrapping="true"/>
							</Column>
							<!--<Column>-->
							<!--	<Label text="{i18n>yardColumnLabel}" design="Bold" wrapping="true"/>-->
							<!--</Column>-->
							<!--<Column width="19%">-->
							<!--	<Label text="{i18n>locChairmanColumnLabel}" design="Bold" wrapping="true"/>-->
							<!--</Column>-->
							<Column>
								<VBox>
									<Label text="{i18n>currentColumnLabel}" design="Bold" wrapping="true"/>
									<Label text="{i18n>occupantColumnLabel}" design="Bold" wrapping="true"/>
								</VBox>
							</Column>
						</columns>
						<items>
							<ColumnListItem press="onMechPosDataSubmit" type="Active">
								<cells>
									<Text text="{mechUnionModelData>PositionId}" class="textColor"/>
									<Text text="{mechUnionModelData>PositionDesc}" class="textColor"/>
									<Text text="{mechUnionModelData>Union}" class="textColor"/>
									<Text text="{mechUnionModelData>Area}" class="textColor"/>
									<Text text="{mechUnionModelData>Craft}" class="textColor"/>
									<Text text="{mechUnionModelData>Territory}" class="textColor"/>
									<!--<Text text="{mechUnionModelData>Yard}" class="textColor"/>-->
									<!--<Text text="{mechUnionModelData>Local_Chairman}" class="textColor"/>-->
									<Text text="{mechUnionModelData>CurntOcupnt}" class="textColor"/>
								</cells>
							</ColumnListItem>
						</items>
					</Table>
				</IconTabFilter>
				<IconTabFilter text="{i18n>areaTabText}" key="{i18n>areaTabText}">
					<Toolbar class="toolBarCls">
						<ComboBox showSecondaryValues="true" items="{path:'mechAreaDropDownModelData>/results'}" id="mechAreaDropDown" loadItems="onAreaDropDown"
							change="onAreaSelectionChange" width="60%" placeholder="{i18n>selArea}" class="comboCls">
							<core:ListItem key="{mechAreaDropDownModelData>Description}" text="{mechAreaDropDownModelData>Value}"
								additionalText="{mechAreaDropDownModelData>Description}"/>
						</ComboBox>
					</Toolbar>
					<Table id="mechPosAreaTabTable" items="{path: 'mechPosAreaModelData>/results'}" includeItemInSelection="true" class="tableCls"
						visible="false" growing="true" growingThreshold="20" growingScrollToLoad="true">
						<columns>
							<Column>
								<Label text="{i18n>posIdColumnLabel}" design="Bold" wrapping="true"/>
							</Column>
							<Column>
								<Label text="{i18n>descColumnLabel}" design="Bold" wrapping="true"/>
							</Column>
							<Column>
								<Label text="{i18n>unionColumnLabel}" design="Bold" wrapping="true"/>
							</Column>
							<Column>
								<Label text="{i18n>areaColumnLabel}" design="Bold" wrapping="true"/>
							</Column>
							<Column>
								<Label text="{i18n>craftColumnLabel}" design="Bold" wrapping="true"/>
							</Column>
							<Column>
								<Label text="{i18n>territoryColumnLabel}" design="Bold" wrapping="true"/>
							</Column>
							<!--<Column>-->
							<!--	<Label text="{i18n>yardColumnLabel}" design="Bold" wrapping="true"/>-->
							<!--</Column>-->
							<!--<Column width="19%">-->
							<!--	<Label text="{i18n>locChairmanColumnLabel}" design="Bold" wrapping="true"/>-->
							<!--</Column>-->
							<Column>
								<VBox>
									<Label text="{i18n>currentColumnLabel}" design="Bold" wrapping="true"/>
									<Label text="{i18n>occupantColumnLabel}" design="Bold" wrapping="true"/>
								</VBox>
							</Column>
						</columns>
						<items>
							<ColumnListItem press="onMechPosDataSubmit" type="Active">
								<cells>
									<Text text="{mechPosAreaModelData>PositionId}" class="textColor"/>
									<Text text="{mechPosAreaModelData>PositionDesc}" class="textColor"/>
									<Text text="{mechPosAreaModelData>Union}" class="textColor"/>
									<Text text="{mechPosAreaModelData>Area}" class="textColor"/>
									<Text text="{mechPosAreaModelData>Craft}" class="textColor"/>
									<Text text="{mechPosAreaModelData>Territory}" class="textColor"/>
									<!--<Text text="{mechPosAreaModelData>Yard}" class="textColor"/>-->
									<!--<Text text="{mechPosAreaModelData>Local_Chairman}" class="textColor"/>-->
									<Text text="{mechPosAreaModelData>CurntOcupnt}" class="textColor"/>
								</cells>
							</ColumnListItem>
						</items>
					</Table>
				</IconTabFilter>
				<IconTabFilter text="{i18n>craftTabText}" key="{i18n>craftTabText}">
					<Toolbar class="toolBarCls">
						<!--<SearchField width="100%" class="sapUiSmallMargin searchIconBg" liveChange="onMechPosCraftSearch" id="dialoguMechPosCraftSearch"-->
						<!--	placeholder="{i18n>craftSrchPlaceHolder}" search="onMechPosSearch"/>-->
						<ComboBox showSecondaryValues="true" items="{path:'mechCraftModelData>/results'}" id="mechCraftDropDown" loadItems="onCraftDropDown"
							change="onCraftSelectionChange" width="60%" placeholder="{i18n>selCraft}" class="comboCls">
							<core:ListItem key="{mechCraftModelData>Description}" text="{mechCraftModelData>Value}" additionalText="{mechCraftModelData>Description}"/>
						</ComboBox>
					</Toolbar>
					<Table id="mechPosCraftTabTable" items="{path: 'mechPosCraftModelData>/results'}" includeItemInSelection="true" class="tableCls"
						visible="false" growing="true" growingThreshold="20" growingScrollToLoad="true">
						<columns>
							<Column>
								<Label text="{i18n>posIdColumnLabel}" design="Bold" wrapping="true"/>
							</Column>
							<Column>
								<Label text="{i18n>descColumnLabel}" design="Bold" wrapping="true"/>
							</Column>
							<Column>
								<Label text="{i18n>unionColumnLabel}" design="Bold" wrapping="true"/>
							</Column>
							<Column>
								<Label text="{i18n>areaColumnLabel}" design="Bold" wrapping="true"/>
							</Column>
							<Column>
								<Label text="{i18n>craftColumnLabel}" design="Bold" wrapping="true"/>
							</Column>
							<Column>
								<Label text="{i18n>territoryColumnLabel}" design="Bold" wrapping="true"/>
							</Column>
							<!--<Column>-->
							<!--	<Label text="{i18n>yardColumnLabel}" design="Bold" wrapping="true"/>-->
							<!--</Column>-->
							<!--<Column width="19%">-->
							<!--	<Label text="{i18n>locChairmanColumnLabel}" design="Bold" wrapping="true"/>-->
							<!--</Column>-->
							<Column>
								<VBox>
									<Label text="{i18n>currentColumnLabel}" design="Bold" wrapping="true"/>
									<Label text="{i18n>occupantColumnLabel}" design="Bold" wrapping="true"/>
								</VBox>
							</Column>
						</columns>
						<items>
							<ColumnListItem press="onMechPosDataSubmit" type="Active">
								<cells>
									<Text text="{mechPosCraftModelData>PositionId}" class="textColor"/>
									<Text text="{mechPosCraftModelData>PositionDesc}" class="textColor"/>
									<Text text="{mechPosCraftModelData>Union}" class="textColor"/>
									<Text text="{mechPosCraftModelData>Area}" class="textColor"/>
									<Text text="{mechPosCraftModelData>Craft}" class="textColor"/>
									<Text text="{mechPosCraftModelData>Territory}" class="textColor"/>
									<!--<Text text="{mechPosCraftModelData>Yard}" class="textColor"/>-->
									<!--<Text text="{mechPosCraftModelData>Local_Chairman}" class="textColor"/>-->
									<Text text="{mechPosCraftModelData>CurntOcupnt}" class="textColor"/>
								</cells>
							</ColumnListItem>
						</items>
					</Table>
				</IconTabFilter>
				<IconTabFilter text="{i18n>territoryTabText}" key="{i18n>territoryTabText}">
					<Toolbar class="toolBarCls">
						<!--<SearchField width="100%" class="sapUiSmallMargin searchIconBg" liveChange="onMechPosTerritorySearch" id="dialoguMechPosTerritorySearch"-->
						<!--	placeholder="{i18n>posTerritorySrchPlaceHolder}" search="onMechPosSearch"/>-->
						<ComboBox showSecondaryValues="true" items="{path:'mechTerritoryModelData>/results'}" id="mechTerritoryDropDown"
							loadItems="onTerritoryDropDown" change="onMechTerritorySelectionChange" width="60%" placeholder="{i18n>selTerritory}" class="comboCls">
							<core:ListItem key="{mechTerritoryModelData>Description}" text="{mechTerritoryModelData>Value}"
								additionalText="{mechTerritoryModelData>Description}"/>
						</ComboBox>
					</Toolbar>
					<Table id="mechPosTerritoryTabTable" items="{path: 'mechPosTerritoryModelData>/results'}" includeItemInSelection="true" class="tableCls"
						visible="false" growing="true" growingThreshold="20" growingScrollToLoad="true">
						<columns>
							<Column>
								<Label text="{i18n>posIdColumnLabel}" design="Bold" wrapping="true"/>
							</Column>
							<Column>
								<Label text="{i18n>descColumnLabel}" design="Bold" wrapping="true"/>
							</Column>
							<Column>
								<Label text="{i18n>unionColumnLabel}" design="Bold" wrapping="true"/>
							</Column>
							<Column>
								<Label text="{i18n>areaColumnLabel}" design="Bold" wrapping="true"/>
							</Column>
							<Column>
								<Label text="{i18n>craftColumnLabel}" design="Bold" wrapping="true"/>
							</Column>
							<Column>
								<Label text="{i18n>territoryColumnLabel}" design="Bold" wrapping="true"/>
							</Column>
							<!--<Column>-->
							<!--	<Label text="{i18n>yardColumnLabel}" design="Bold" wrapping="true"/>-->
							<!--</Column>-->
							<!--<Column width="19%">-->
							<!--	<Label text="{i18n>locChairmanColumnLabel}" design="Bold" wrapping="true"/>-->
							<!--</Column>-->
							<Column>
								<VBox>
									<Label text="{i18n>currentColumnLabel}" design="Bold" wrapping="true"/>
									<Label text="{i18n>occupantColumnLabel}" design="Bold" wrapping="true"/>
								</VBox>
							</Column>
						</columns>
						<items>
							<ColumnListItem press="onMechPosDataSubmit" type="Active">
								<cells>
									<Text text="{mechPosTerritoryModelData>PositionId}" class="textColor"/>
									<Text text="{mechPosTerritoryModelData>PositionDesc}" class="textColor"/>
									<Text text="{mechPosTerritoryModelData>Union}" class="textColor"/>
									<Text text="{mechPosTerritoryModelData>Area}" class="textColor"/>
									<Text text="{mechPosTerritoryModelData>Craft}" class="textColor"/>
									<Text text="{mechPosTerritoryModelData>Territory}" class="textColor"/>
									<!--<Text text="{mechPosTerritoryModelData>Yard}" class="textColor"/>-->
									<!--<Text text="{mechPosTerritoryModelData>Local_Chairman}" class="textColor"/>-->
									<Text text="{mechPosTerritoryModelData>CurntOcupnt}" class="textColor"/>
								</cells>
							</ColumnListItem>
						</items>
					</Table>
				</IconTabFilter>
				<IconTabFilter id="mechPosEmpIconTab" text="{i18n>empTabText}" key="{i18n>empTabText}">
					<Toolbar class="toolBarCls">
						<!--<ComboBox showSecondaryValues="true" items="{path:'TCUDeskSuggDropdown>/results'}" id="dialoguTcuPosEmpSearch"-->
						<!--	loadItems="onTcuDeptDropDown1" selectionChange="onTcuPosSearch" width="60%" placeholder="{i18n>deskSrchPlaceHolder}">-->
						<!--	<core:ListItem key="{TCUDeskSuggDropdown>Desk_Num}" text="{TCUDeskSuggDropdown>Desk_Num}"-->
						<!--		additionalText="{TCUDeskSuggDropdown>Desk_Num_Desc}"/>-->
						<!--</ComboBox>-->
						<SearchField width="100%" class="sapUiSmallMargin searchIconCls" liveChange="onMechEmpSearch" id="dialoguMechEmpSearch"
							placeholder="{i18n>empSrchPlaceHolder}" search="onMechEmpSelectionChange"/>
					</Toolbar>
					<Table id="mechPosEmpTabTable" items="{path: 'mechPosEmpModelData>/results'}" includeItemInSelection="true" class="tableCls" visible="false"
						growing="true" growingThreshold="20" growingScrollToLoad="true">
						<columns>
							<Column>
								<Label text="{i18n>posIdColumnLabel}" design="Bold" wrapping="true"/>
							</Column>
							<Column>
								<Label text="{i18n>descColumnLabel}" design="Bold" wrapping="true"/>
							</Column>
							<Column>
								<Label text="{i18n>unionColumnLabel}" design="Bold" wrapping="true"/>
							</Column>
							<Column>
								<Label text="{i18n>areaColumnLabel}" design="Bold" wrapping="true"/>
							</Column>
							<Column>
								<Label text="{i18n>craftColumnLabel}" design="Bold" wrapping="true"/>
							</Column>
							<Column>
								<Label text="{i18n>territoryColumnLabel}" design="Bold" wrapping="true"/>
							</Column>
							<!--<Column>-->
							<!--	<Label text="{i18n>yardColumnLabel}" design="Bold" wrapping="true"/>-->
							<!--</Column>-->
							<!--<Column width="19%">-->
							<!--	<Label text="{i18n>locChairmanColumnLabel}" design="Bold" wrapping="true"/>-->
							<!--</Column>-->
							<Column>
								<VBox>
									<Label text="{i18n>currentColumnLabel}" design="Bold" wrapping="true"/>
									<Label text="{i18n>occupantColumnLabel}" design="Bold" wrapping="true"/>
								</VBox>
							</Column>
						</columns>
						<items>
							<ColumnListItem press="onMechPosDataSubmit" type="Active">
								<cells>
									<Text text="{mechPosEmpModelData>PositionId}" class="textColor"/>
									<Text text="{mechPosEmpModelData>PositionDesc}" class="textColor"/>
									<Text text="{mechPosEmpModelData>Union}" class="textColor"/>
									<Text text="{mechPosEmpModelData>Area}" class="textColor"/>
									<Text text="{mechPosEmpModelData>Craft}" class="textColor"/>
									<Text text="{mechPosEmpModelData>Territory}" class="textColor"/>
									<!--<Text text="{mechPosEmpModelData>Yard}" class="textColor"/>-->
									<!--<Text text="{mechPosEmpModelData>Local_Chairman}" class="textColor"/>-->
									<Text text="{mechPosEmpModelData>CurntOcupnt}" class="textColor"/>
								</cells>
							</ColumnListItem>
						</items>
					</Table>
				</IconTabFilter>
				<!--<IconTabFilter text="{i18n>yardTabText}" key="{i18n>yardTabText}">-->
				<!--	<Toolbar>-->
				<!--		<ComboBox showSecondaryValues="true" items="{path:'mechYardModelData>/results'}" id="mechYardDropDown" loadItems="onYardDropDown"-->
				<!--			change="onMechYardSelectionChange" width="60%" placeholder="{i18n>selYard}">-->
				<!--			<core:ListItem key="{mechYardModelData>Description}" text="{mechYardModelData>Value}" additionalText="{mechYardModelData>Description}"/>-->
				<!--		</ComboBox>-->
				<!--	</Toolbar>-->
				<!--	<Table id="mechPosYardTabTable" items="{path: 'mechPosYardModelData>/results'}" includeItemInSelection="true"-->
				<!--		class="tableCls" visible="false" growing="true" growingThreshold="20" growingScrollToLoad="true">-->
				<!--		<columns>-->
				<!--			<Column width="15%">-->
				<!--				<Label text="{i18n>posIdColumnLabel}" design="Bold"/>-->
				<!--			</Column>-->
				<!--			<Column width="16%">-->
				<!--				<Label text="{i18n>descColumnLabel}" design="Bold"/>-->
				<!--			</Column>-->
				<!--			<Column>-->
				<!--				<Label text="{i18n>unionColumnLabel}" design="Bold"/>-->
				<!--			</Column>-->
				<!--			<Column>-->
				<!--				<Label text="{i18n>areaColumnLabel}" design="Bold"/>-->
				<!--			</Column>-->
				<!--			<Column>-->
				<!--				<Label text="{i18n>craftColumnLabel}" design="Bold"/>-->
				<!--			</Column>-->
				<!--			<Column>-->
				<!--				<Label text="{i18n>territoryColumnLabel}" design="Bold"/>-->
				<!--			</Column>-->
				<!--			<Column>-->
				<!--				<Label text="{i18n>yardColumnLabel}" design="Bold"/>-->
				<!--			</Column>-->
				<!--<Column width="19%">-->
				<!--	<Label text="{i18n>locChairmanColumnLabel}" design="Bold"/>-->
				<!--</Column>-->
				<!--			<Column>-->
				<!--				<VBox>-->
				<!--					<Label text="{i18n>currentColumnLabel}" design="Bold"/>-->
				<!--					<Label text="{i18n>occupantColumnLabel}" design="Bold"/>-->
				<!--				</VBox>-->
				<!--			</Column>-->
				<!--		</columns>-->
				<!--		<items>-->
				<!--			<ColumnListItem press="onMechPosDataSubmit" type="Active">-->
				<!--				<cells>-->
				<!--					<Text text="{mechPosYardModelData>PositionId}"/>-->
				<!--					<Text text="{mechPosYardModelData>PositionDesc}"/>-->
				<!--					<Text text="{mechPosYardModelData>Union}"/>-->
				<!--					<Text text="{mechPosYardModelData>Area}"/>-->
				<!--					<Text text="{mechPosYardModelData>Craft}"/>-->
				<!--					<Text text="{mechPosYardModelData>Territory}"/>-->
				<!--					<Text text="{mechPosYardModelData>Yard}"/>-->
				<!--<Text text="{mechPosYardModelData>Local_Chairman}"/>-->
				<!--					<Text text="{mechPosYardModelData>CurntOcupnt}"/>-->
				<!--				</cells>-->
				<!--			</ColumnListItem>-->
				<!--		</items>-->
				<!--	</Table>-->
				<!--</IconTabFilter>-->
			</items>
		</IconTabBar>
		<endButton>
			<Button text="{i18n>cancel}" press="onMechPosDialogCancel" class="clsBtnColorYellowRed"/>
		</endButton>
	</Dialog>
</core:FragmentDefinition>