{
  "routes": [
    {
      "path": "/webapp/resources",
      "target": {
        "type": "service",
        "name": "sapui5",
        "entryPath": "/resources",
        "version": "1.52.13"
      },
      "description": "SAPUI5 Resources"
    },
    {
      "path": "/webapp/test-resources",
      "target": {
        "type": "service",
        "name": "sapui5",
        "entryPath": "/test-resources",
        "version": "1.52.13"
      },
      "description": "SAPUI5 Test Resources"
    },
    {
      "path": "/resources",
      "target": {
        "type": "service",
        "name": "sapui5",
        "entryPath": "/resources",
        "version": "1.52.13"
      },
      "description": "SAPUI5 Resources"
    },
    {
      "path": "/test-resources",
      "target": {
        "type": "service",
        "name": "sapui5",
        "entryPath": "/test-resources",
        "version": "1.52.13"
      },
      "description": "SAPUI5 Test Resources"
    }, {
		"path": "/sap/opu/odata",
		"target": {
			"type": "destination",
			"name": "BLOND",
			"entryPath": "/sap/opu/odata"
		},
		"description": "BLOND"
	}, {
		"path": "/sap/bc/ui2",
		"target": {
			"type": "destination",
			"name": "BLOND",
			"entryPath": "/sap/bc/ui2"
		},
		"description": "BLOND"
	}
  ],
  "welcomeFile": "/webapp/test/flpSandbox.html",
  "sendWelcomeFileRedirect": true
}