<core:FragmentDefinition xmlns="sap.m" xmlns:core="sap.ui.core" xmlns:f="sap.ui.layout.form">
	<Dialog title="Displacement Form" class="sapUiSizeCompact sapUiResponsiveContentPadding dialog">
		<content>
			<!--<f:SimpleForm id="gangMaintenanceInfoForm" editable="false" layout="ResponsiveGridLayout" labelSpanXL="1" labelSpanL="4" labelSpanM="4"-->
			<!--	labelSpanS="12" adjustLabelSpan="false" emptySpanXL="0" emptySpanL="1" emptySpanM="0" emptySpanS="0" columnsXL="3" columnsL="3" columnsM="3"-->
			<!--	singleContainerFullSize="true" visible="true" class="FormTitleHeight">-->
			<!--	<f:content>-->
			<!--		<Label text="Union Affiliation" design="Bold"></Label>-->
			<!--		<Input enabled="false" value="{Union}"></Input>-->
			<!--		<Label text="Seniority District" design="Bold"></Label>-->
			<!--		<Input enabled="false" value="{SenDist}"></Input>-->
			<!--		<Label text="Employee" design="Bold"></Label>-->
			<!--		<Input enabled="false" value="{EmpName}"></Input>-->
			<!--		<Label text="Roster No" design="Bold"></Label>-->
			<!--		<Input enabled="false" value="{Roster}"></Input>-->
			<!--		<Label text="EIN#" design="Bold"></Label>-->
			<!--		<Input enabled="false" value="{EmployeeID}"></Input>-->
			<!--	</f:content>-->
			<!--</f:SimpleForm>-->
			<Text text="" id="mechMsgId" class="sapUiResponsiveContentPadding tableItemsTxtColor"></Text>
		</content>
		<buttons>
			<Button text="Confirm" press="onConfirm" class="clsBtnColorYellowGreen"></Button>
			<Button text="Cancel" press="oncCancel" class="clsBtnColorYellowRed"></Button>
		</buttons>
	</Dialog>
</core:FragmentDefinition>