<core:FragmentDefinition xmlns="sap.m" xmlns:core="sap.ui.core">
	<Dialog id="myPopover" title="Qualifications">
		<endButton>
			<Button text="Close" press="onClosePO"/>
		</endButton>
		<content>
			<Table class="sapUiSizeCompact tableCls" id="QualTextsID" items="{ path: 'QualData>/' }">
				<StandardListItem title="{QualData>text}"/>
				<columns>
					<Column >
						<Text class="cColorW" text="Qualification ID"/>
					</Column>
					<Column >
						<Text class="cColorW" text="Qualification Description"/>
					</Column>
				</columns>
				<items>
					<ColumnListItem>
						<cells>
							<Text class="tableItemsTxtColor" text="{QualData>id}"/>
							<Text class="tableItemsTxtColor" text="{QualData>text}"/>
						</cells>
					</ColumnListItem>
				</items>
			</Table>
		</content>
	</Dialog>
</core:FragmentDefinition>