<edmx:Edmx
    xmlns:edmx="http://schemas.microsoft.com/ado/2007/06/edmx"
    xmlns:m="http://schemas.microsoft.com/ado/2007/08/dataservices/metadata"
    xmlns:sap="http://www.sap.com/Protocols/SAPData" Version="1.0">
    <edmx:DataServices m:DataServiceVersion="2.0">
        <Schema
            xmlns="http://schemas.microsoft.com/ado/2008/09/edm" Namespace="ZPCR_POSITION_FORM_SRV" xml:lang="en" sap:schema-version="1">
            <EntityType Name="ZPCR_POSITION_FORM" sap:content-version="1">
                <Key>
                    <PropertyRef Name="PosId"/>
                </Key>
                <Property Name="PosId" Type="Edm.String" Nullable="false" MaxLength="8" sap:unicode="false" sap:label="Object ID" sap:creatable="false" sap:updatable="false" sap:sortable="false" sap:filterable="false"/>
                <Property Name="PosText" Type="Edm.String" Nullable="false" MaxLength="40" sap:unicode="false" sap:label="Name" sap:creatable="false" sap:updatable="false" sap:sortable="false" sap:filterable="false"/>
                <Property Name="Job" Type="Edm.String" Nullable="false" MaxLength="255" sap:unicode="false" sap:label="Char255" sap:creatable="false" sap:updatable="false" sap:sortable="false" sap:filterable="false"/>
                <Property Name="OrgUnit" Type="Edm.String" Nullable="false" MaxLength="8" sap:unicode="false" sap:label="Object ID" sap:creatable="false" sap:updatable="false" sap:sortable="false" sap:filterable="false"/>
                <Property Name="Eegrp" Type="Edm.String" Nullable="false" MaxLength="40" sap:unicode="false" sap:label="Text" sap:creatable="false" sap:updatable="false" sap:sortable="false" sap:filterable="false"/>
                <Property Name="Eesgrp" Type="Edm.String" Nullable="false" MaxLength="40" sap:unicode="false" sap:label="Text" sap:creatable="false" sap:updatable="false" sap:sortable="false" sap:filterable="false"/>
                <Property Name="Nte" Type="Edm.String" Nullable="false" MaxLength="40" sap:unicode="false" sap:label="Text" sap:creatable="false" sap:updatable="false" sap:sortable="false" sap:filterable="false"/>
                <Property Name="Workschedule" Type="Edm.String" Nullable="false" MaxLength="10" sap:unicode="false" sap:label="Character Field Length = 10" sap:creatable="false" sap:updatable="false" sap:sortable="false" sap:filterable="false"/>
                <Property Name="Parea" Type="Edm.String" Nullable="false" MaxLength="40" sap:unicode="false" sap:label="Text" sap:creatable="false" sap:updatable="false" sap:sortable="false" sap:filterable="false"/>
                <Property Name="PosType" Type="Edm.String" Nullable="false" MaxLength="10" sap:unicode="false" sap:label="Character Field Length = 10" sap:creatable="false" sap:updatable="false" sap:sortable="false" sap:filterable="false"/>
                <Property Name="PosGrade" Type="Edm.String" Nullable="false" MaxLength="40" sap:unicode="false" sap:label="Char" sap:creatable="false" sap:updatable="false" sap:sortable="false" sap:filterable="false"/>
            </EntityType>
            <EntityType Name="Issue_Vacancy" sap:content-version="1">
                <Key>
                    <PropertyRef Name="PosId"/>
                </Key>
                <Property Name="EffDate" Type="Edm.DateTime" Nullable="false" Precision="7" sap:unicode="false" sap:label="Current Date" sap:creatable="false" sap:updatable="false" sap:sortable="false" sap:filterable="false"/>
                <Property Name="PosId" Type="Edm.String" Nullable="false" MaxLength="8" sap:unicode="false" sap:label="Object ID" sap:creatable="false" sap:updatable="false" sap:sortable="false" sap:filterable="false"/>
                <Property Name="PosText" Type="Edm.String" Nullable="false" MaxLength="40" sap:unicode="false" sap:label="Name" sap:creatable="false" sap:updatable="false" sap:sortable="false" sap:filterable="false"/>
                <Property Name="Job" Type="Edm.String" Nullable="false" MaxLength="255" sap:unicode="false" sap:label="Char255" sap:creatable="false" sap:updatable="false" sap:sortable="false" sap:filterable="false"/>
                <Property Name="OrgUnit" Type="Edm.String" Nullable="false" MaxLength="8" sap:unicode="false" sap:label="Object ID" sap:creatable="false" sap:updatable="false" sap:sortable="false" sap:filterable="false"/>
                <Property Name="Eegrp" Type="Edm.String" Nullable="false" MaxLength="40" sap:unicode="false" sap:label="Text" sap:creatable="false" sap:updatable="false" sap:sortable="false" sap:filterable="false"/>
                <Property Name="Eesgrp" Type="Edm.String" Nullable="false" MaxLength="40" sap:unicode="false" sap:label="Text" sap:creatable="false" sap:updatable="false" sap:sortable="false" sap:filterable="false"/>
                <Property Name="Nte" Type="Edm.String" Nullable="false" MaxLength="40" sap:unicode="false" sap:label="Text" sap:creatable="false" sap:updatable="false" sap:sortable="false" sap:filterable="false"/>
                <Property Name="Workschedule" Type="Edm.String" Nullable="false" MaxLength="10" sap:unicode="false" sap:label="Character Field Length = 10" sap:creatable="false" sap:updatable="false" sap:sortable="false" sap:filterable="false"/>
                <Property Name="Parea" Type="Edm.String" Nullable="false" MaxLength="40" sap:unicode="false" sap:label="Text" sap:creatable="false" sap:updatable="false" sap:sortable="false" sap:filterable="false"/>
                <Property Name="PosType" Type="Edm.String" Nullable="false" MaxLength="10" sap:unicode="false" sap:label="Character Field Length = 10" sap:creatable="false" sap:updatable="false" sap:sortable="false" sap:filterable="false"/>
                <Property Name="PosGrade" Type="Edm.String" Nullable="false" MaxLength="40" sap:unicode="false" sap:label="Char" sap:creatable="false" sap:updatable="false" sap:sortable="false" sap:filterable="false"/>
                <Property Name="ToBeAdvertised" Type="Edm.Boolean" Nullable="false" sap:unicode="false" sap:label="Indicator" sap:creatable="false" sap:updatable="false" sap:sortable="false" sap:filterable="false"/>
            </EntityType>
            <EntityContainer Name="ZPCR_POSITION_FORM_SRV_Entities" m:IsDefaultEntityContainer="true" sap:supported-formats="atom json xlsx">
                <EntitySet Name="ZPCR_POSITION_FORMSet" EntityType="ZPCR_POSITION_FORM_SRV.ZPCR_POSITION_FORM" sap:creatable="false" sap:updatable="false" sap:deletable="false" sap:pageable="false" sap:content-version="1"/>
                <EntitySet Name="Issue_VacancySet" EntityType="ZPCR_POSITION_FORM_SRV.Issue_Vacancy" sap:creatable="false" sap:updatable="false" sap:deletable="false" sap:pageable="false" sap:content-version="1"/>
            </EntityContainer>
            <atom:link
                xmlns:atom="http://www.w3.org/2005/Atom" rel="self" href="./sap/ZPCR_POSITION_FORM_SRV/$metadata"/>
                <atom:link
                    xmlns:atom="http://www.w3.org/2005/Atom" rel="latest-version" href="./sap/ZPCR_POSITION_FORM_SRV/$metadata"/>
                </Schema>
            </edmx:DataServices>
        </edmx:Edmx>