[{"metadata":{"updatedOn":1685541452000,"updatedBy":"Shravan Kumar RYAKAM","createdBy":"Shravan Kumar RYAKAM","createdOn":1685541452000,"context":{"id":"SUB_ACCOUNT","contextType":"sub_account","tenantId":"856910d320d9f439bbc32c573778cceb","identityZoneId":"603f3b86-6ebf-4264-a839-ec0d4a467454","instanceId":"13bc5897-aa9e-44cf-959d-8936bd8ccddf"}},"cdm":{"texts":{},"payload":{"systemAlias":{"id":"saas_approuter","https":{}},"targetAppConfig":{"sap.app":{"providerId":"saas_approuter","destination":"saas_approuter"}}},"_version":"3.0","relations":{"base":[{"label":"extends","target":{"id":"BarCode","context":{"id":"saas_approuter_b276b7c2trial","type":"SNAPSHOT"},"entityType":"businessapp"}}]},"identification":{"id":"saas_approuter_BarCode","entityType":"businessapp","providerId":"saas_approuter"}}}]