<core:FragmentDefinition xmlns="sap.m" xmlns:core="sap.ui.core" xmlns:f="sap.ui.layout.form" xmlns:l="sap.ui.layout">
	<f:SimpleForm layout="ResponsiveGridLayout" editable="true" emptySpanL="6" columnsL="2" class="form">
		<Label></Label>
		<Text>
			<layoutData>
				<l:GridData span="XL4 L3 M4 S12"/>
			</layoutData>
		</Text>
		<Label text="{i18n>proposedEffecticveDate}" design="Bold">
			<layoutData>
				<l:GridData span="XL4 L2 M4 S12"/>
			</layoutData>
		</Label>
		<DatePicker value="" displayFormat="dd/MM/yyyy" valueFormat="dd/MM/yyyy">
			<layoutData>
				<l:GridData span="XL4 L3 M4 S12"/>
			</layoutData>
		</DatePicker>
		<Label text="{i18n>orgUnit}" design="Bold"/>
		<Text text="50000052">
				<layoutData>
				<l:GridData span="XL4 L3 M4 S12"/>
			</layoutData>
		</Text>
		<Label text="{i18n>newOrgUnitTitle}" design="Bold"/>
		<Text text="World Food Programme">
			<layoutData>
				<l:GridData span="XL4 L3 M4 S12"/>
			</layoutData>
		</Text>
		<Input>
				<layoutData>
				<l:GridData span="XL4 L3 M4 S12"/>
			</layoutData>
		</Input>
		<Label text="{i18n>orgUnitEndDate}" design="Bold"/>
		<Text text="Dec 31, 9999">
			<layoutData>
				<l:GridData span="XL4 L3 M4 S12"/>
			</layoutData>
		</Text>
		<Label text="{i18n>costCenter}" design="Bold"/>
		<Text text="OED">
			<layoutData>
				<l:GridData span="XL4 L3 M4 S12"/>
			</layoutData>
		</Text>
		<Label text="{i18n>personnelArea}" design="Bold"/>
		<Text text="ITA Italy">
			<layoutData>
				<l:GridData span="XL4 L3 M4 S12"/>
			</layoutData>
		</Text>
		<Label text="{i18n>prsnlSubArea}" design="Bold"/>
		<Text text="Rome">
			<layoutData>
				<l:GridData span="XL4 L3 M4 S12"/>
			</layoutData>
		</Text>
		<Label text="Remarks" design="Bold"></Label>
		<TextArea rows="7" maxLength="500">
			<layoutData>
				<l:GridData span="XL6 L6 M6 S12"/>
			</layoutData>
		</TextArea>
		<Label text="{i18n>requestBy}" design="Bold"/>
		<Text text="ARORAH">
			<layoutData>
				<l:GridData span="XL6 L6 M6 S12"/>
			</layoutData>
		</Text>
		<Label text="{i18n>requestOn}" design="Bold"/>
		<Text text="Sep 14 2023">
			<layoutData>
				<l:GridData span="XL6 L6 M6 S12"/>
			</layoutData>
		</Text>
	</f:SimpleForm>
</core:FragmentDefinition>