<core:FragmentDefinition xmlns="sap.m" xmlns:core="sap.ui.core" xmlns:f="sap.ui.layout.form" xmlns:l="sap.ui.layout">
	<f:SimpleForm layout="ResponsiveGridLayout" editable="true" emptySpanL="6" columnsL="2" class="form" busy="{visibleModel>/IssueVacancy}">
		<Label text="Vacancy Type" design="Bold"></Label>
		<Select forceSelection="false">
			<!--<core:Item key="{ProductId}" text="{Name}"/>-->
			<core:Item key="Create Vacancy (Regular Staff)" text="Create Vacancy (Regular Staff)"/>
			<core:Item key="Create Vacancy (TDY)" text="Create Vacancy (TDY)"/>
			<layoutData>
				<l:GridData span="XL4 L3 M4 S12"/>
			</layoutData>
		</Select>
		<Label text="{i18n>propsedDate}" design="Bold">
			<layoutData>
				<l:GridData span="XL4 L3 M4 S12"/>
			</layoutData>
		</Label>
		<DatePicker value="" displayFormat="dd/MM/yyyy" width="60%" valueFormat="dd/MM/yyyy"/>
		<Label text="Employee Group" design="Bold"/>
		<Text text="{IssueVacancyModel>/Eegrp}">
			<layoutData>
				<l:GridData span="XL4 L3 M4 S12"/>
			</layoutData>
		</Text>
		<Label text="Employee Subgroup" design="Bold"/>
		<Text text="{IssueVacancyModel>/Eesgrp}">
			<layoutData>
				<l:GridData span="XL4 L3 M4 S12"/>
			</layoutData>
		</Text>
		<Label text="{i18n>posGrade}" design="Bold"/>
		<Text text="{IssueVacancyModel>/PosGrade}">
			<layoutData>
				<l:GridData span="XL4 L3 M4 S12"/>
			</layoutData>
		</Text>
		<Label text="{i18n>job}" design="Bold"/>
		<Text text="{IssueVacancyModel>/Job}">
			<layoutData>
				<l:GridData span="XL4 L3 M4 S12"/>
			</layoutData>
		</Text>
		<Label text="Funding NTE" design="Bold"/>
		<Text text="{IssueVacancyModel>/Nte}">
			<layoutData>
				<l:GridData span="XL4 L3 M4 S12"/>
			</layoutData>
		</Text>
		<Label text="{i18n>workSchedule}" design="Bold"/>
		<Text text="{IssueVacancyModel>/Workschedule}">
			<layoutData>
				<l:GridData span="XL4 L3 M4 S12"/>
			</layoutData>
		</Text>
		<Label text="Actual Duty Station" design="Bold"/>
		<Text text="{IssueVacancyModel>/Parea}">
			<layoutData>
				<l:GridData span="XL4 L3 M4 S12"/>
			</layoutData>
		</Text>
		<Label text="{i18n>orgUnit}" design="Bold"/>
		<Text text="{IssueVacancyModel>/OrgUnit}">
			<layoutData>
				<l:GridData span="XL4 L3 M4 S12"/>
			</layoutData>
		</Text>
		<Label text="{i18n>posNumber}" design="Bold"/>
		<Text text="{IssueVacancyModel>/PosId}"></Text>
		<Label text="{i18n>posTitle}" design="Bold"/>
		<Text text="{IssueVacancyModel>/PosText}">
			<layoutData>
				<l:GridData span="XL4 L3 M4 S12"/>
			</layoutData>
		</Text>
		<Label text="{i18n>posType}" design="Bold"/>
		<Text text="{IssueVacancyModel>/PosType}">
			<layoutData>
				<l:GridData span="XL4 L3 M4 S12"/>
			</layoutData>
		</Text>
		<Label text="Specific"></Label>
		<TextArea rows="7" maxLength="500">
			<layoutData>
				<l:GridData span="XL6 L6 M6 S12"/>
			</layoutData>
		</TextArea>
		<Label text="{i18n>remarks}"></Label>
		<TextArea rows="7" maxLength="500">
			<layoutData>
				<l:GridData span="XL6 L6 M6 S12"/>
			</layoutData>
		</TextArea>
		<Label text=""/>
		<CheckBox text="{i18n>toBeAdvert}"></CheckBox>
	</f:SimpleForm>
</core:FragmentDefinition>