{
    "resources": [
        {
            "name": "manifest.json"
        },
        {
            "name": "model/models.js"
        },
        {
            "name": "model/formatter.js"
        },
        {
            "name": "localService/mockserver.js"
        },
        {
            "name": "controller/Worklist.controller.js"
        },
        {
            "name": "controller/TCU_ATDA_Form.controller.js"
        },
        {
            "name": "controller/Object.controller.js"
        },
        {
            "name": "controller/NotFound.controller.js"
        },
        {
            "name": "controller/MechForm.controller.js"
        },
        {
            "name": "controller/ErrorHandler.js"
        },
        {
            "name": "controller/BaseController.js"
        },
        {
            "name": "controller/App.controller.js"
        },
        {
            "name": "Component.js"
        },
        {
            "name": "manifest-bundle.zip"
        },
        {
            "name": "Component-preload.js",
            "merged": true
        },
        {
            "name": "i18n/i18n.properties",
            "raw": "i18n/i18n.properties"
        },
        {
            "name": "model/models-dbg.js",
            "isDebug": true
        },
        {
            "name": "model/formatter-dbg.js",
            "isDebug": true
        },
        {
            "name": "localService/mockserver-dbg.js",
            "isDebug": true
        },
        {
            "name": "controller/Worklist-dbg.controller.js",
            "isDebug": true
        },
        {
            "name": "controller/TCU_ATDA_Form-dbg.controller.js",
            "isDebug": true
        },
        {
            "name": "controller/Object-dbg.controller.js",
            "isDebug": true
        },
        {
            "name": "controller/NotFound-dbg.controller.js",
            "isDebug": true
        },
        {
            "name": "controller/MechForm-dbg.controller.js",
            "isDebug": true
        },
        {
            "name": "controller/ErrorHandler-dbg.js",
            "isDebug": true
        },
        {
            "name": "controller/BaseController-dbg.js",
            "isDebug": true
        },
        {
            "name": "controller/App-dbg.controller.js",
            "isDebug": true
        },
        {
            "name": "Component-dbg.js",
            "isDebug": true
        },
        {
            "name": "../../sap-ui-version.json"
        },
        {
            "name": "neo-app.json"
        },
        {
            "name": "di.code-validation.core_issues.json"
        },
        {
            "name": "view/Worklist.view.xml"
        },
        {
            "name": "view/TCU_ATDA_Form.view.xml"
        },
        {
            "name": "view/ObjectNotFound.view.xml"
        },
        {
            "name": "view/Object.view.xml"
        },
        {
            "name": "view/NotFound.view.xml"
        },
        {
            "name": "view/MechForm.view.xml"
        },
        {
            "name": "view/App.view.xml"
        },
        {
            "name": "localService/metadata.xml"
        },
        {
            "name": "fragments/TCUATDA.fragment.xml"
        },
        {
            "name": "fragments/MechBump.fragment.xml"
        },
        {
            "name": "fragments/FilterPopover.fragment.xml"
        },
        {
            "name": "fragments/EmpId.fragment.xml"
        },
        {
            "name": "fragments/BumpStoppedComments.fragment.xml"
        },
        {
            "name": "css/style.css"
        },
        {
            "name": "css/TracsImage.jpg"
        },
        {
            "name": "css/NSLogo_soaring_black.png"
        },
        {
            "name": "index.html"
        }
    ]
}