<edmx:Edmx
    xmlns:edmx="http://schemas.microsoft.com/ado/2007/06/edmx"
    xmlns:m="http://schemas.microsoft.com/ado/2007/08/dataservices/metadata"
    xmlns:sap="http://www.sap.com/Protocols/SAPData" Version="1.0">
    <edmx:DataServices m:DataServiceVersion="2.0">
        <Schema
            xmlns="http://schemas.microsoft.com/ado/2008/09/edm" Namespace="ZHR_EMPDETAILS_SRV" xml:lang="en" sap:schema-version="1">
            <EntityType Name="Empdata" sap:content-version="1">
                <Key>
                    <PropertyRef Name="Employeeid"/>
                </Key>
                <Property Name="Employeeid" Type="Edm.String" Nullable="false" MaxLength="6" sap:label="EMPLOYEE ID" sap:creatable="false" sap:updatable="false" sap:sortable="false"/>
                <Property Name="Empfirstname" Type="Edm.String" MaxLength="10" sap:label="employee first name" sap:creatable="false" sap:updatable="false" sap:sortable="false" sap:filterable="false"/>
                <Property Name="Empmidname" Type="Edm.String" MaxLength="10" sap:label="employee mname" sap:creatable="false" sap:updatable="false" sap:sortable="false" sap:filterable="false"/>
                <Property Name="Emplastname" Type="Edm.String" MaxLength="20" sap:label="emp last name" sap:creatable="false" sap:updatable="false" sap:sortable="false" sap:filterable="false"/>
                <Property Name="Department" Type="Edm.String" MaxLength="20" sap:label="departmt" sap:creatable="false" sap:updatable="false" sap:sortable="false" sap:filterable="false"/>
                <Property Name="Designation" Type="Edm.String" MaxLength="30" sap:label="ZDESIGNATI" sap:creatable="false" sap:updatable="false" sap:sortable="false" sap:filterable="false"/>
                <Property Name="Grade" Type="Edm.String" MaxLength="10" sap:label="grade" sap:creatable="false" sap:updatable="false" sap:sortable="false" sap:filterable="false"/>
            </EntityType>
            <EntityContainer Name="ZHR_EMPDETAILS_SRV_Entities" m:IsDefaultEntityContainer="true" sap:supported-formats="atom json xlsx">
                <EntitySet Name="EmpdataSet" EntityType="ZHR_EMPDETAILS_SRV.Empdata" sap:creatable="false" sap:updatable="false" sap:deletable="false" sap:pageable="false" sap:content-version="1"/>
            </EntityContainer>
            <atom:link
                xmlns:atom="http://www.w3.org/2005/Atom" rel="self" href="./sap/ZHR_EMPDETAILS_SRV/$metadata"/>
                <atom:link
                    xmlns:atom="http://www.w3.org/2005/Atom" rel="latest-version" href="./sap/ZHR_EMPDETAILS_SRV/$metadata"/>
                </Schema>
            </edmx:DataServices>
        </edmx:Edmx>