{
  "welcomeFile": "/test/flpSandbox.html",
  "routes": [
    {
      "path": "/sap/opu/odata",
      "target": {
        "type": "destination",
        "name": "DS4_100",
        "entryPath": "/sap/opu/odata"
      },
      "description": "DS4_100"
    },
    {
      "path": "/sap/bc/lrep",
      "target": {
        "type": "destination",
        "name": "DS4",
        "entryPath": "/sap/bc/lrep"
      },
      "description": "DS4"
    },
    {
      "path": "/resources",
      "target": {
        "type": "service",
        "name": "sapui5",
        "preferLocal": true,
        "entryPath": "/resources",
        "version": "1.52.13"
      },
      "description": "SAPUI5 Resources"
    },
    {
      "path": "/sap/ui5/1/resources",
      "target": {
        "type": "service",
        "name": "sapui5",
        "preferLocal": true,
        "version": "1.52.13"
      },
      "description": "SAPUI5 dist layer resources"
    },
    {
      "path": "/webidedispatcher/",
      "target": {
        "type": "application",
        "name": "flpsandbox",
        "preferLocal": true
      },
      "description": "Subscribed Fiori LaunchPad"
    },
    {
      "path": "/resources",
      "target": {
        "type": "service",
        "name": "sapui5",
        "entryPath": "/resources",
        "version": "1.52.13"
      },
      "description": "SAPUI5 Resources"
    },
    {
      "path": "/test-resources",
      "target": {
        "type": "service",
        "name": "sapui5",
        "entryPath": "/test-resources",
        "version": "1.52.13"
      },
      "description": "SAPUI5 Test Resources"
    },
    {
      "path": "/test-resources",
      "target": {
        "type": "service",
        "name": "sapui5",
        "entryPath": "/test-resources",
        "version": "1.52.13"
      },
      "description": "SAPUI5 Test Resources"
    },
    {
      "path": "/sap/bc/ui5_ui5",
      "target": {
        "type": "destination",
        "name": "DS4_100",
        "entryPath": "/sap/bc/ui5_ui5"
      },
      "description": "DS4_100"
    },
    {
      "path": "/resources/AsBuildMBOM/Component",
      "target": {
        "type": "destination",
        "name": "DS4_100",
        "entryPath": "/sap/bc/lrep/flex/data/~bBGdTwy3PQ6lrY70q6VTbp0ntu0=~/AsBuildMBOM.Component?version=1.0.0",
        "preferLocal": true
      },
      "description": "AsBuildMBOM/Component Reuse Library"
    }
  ],
  "sendWelcomeFileRedirect": true
}