{
    "resources": [
        {
            "name": "manifest.json"
        },
        {
            "name": ".project.json"
        },
        {
            "name": "i18n/ListReport/AsBuildMBOM/i18n.properties",
            "raw": "i18n/i18n.properties"
        },
        {
            "name": "i18n/i18n.properties",
            "raw": "i18n/i18n.properties"
        },
        {
            "name": "Component-preload.js",
            "merged": true
        },
        {
            "name": "neo-app.json"
        },
        {
            "name": "Component.js"
        },
        {
            "name": "localService/ZPTP_SB_ASBUILDMBOM_VAN.xml"
        },
        {
            "name": "localService/metadata.xml"
        },
        {
            "name": "localService/mockserver.js"
        },
        {
            "name": ".user.project.json"
        },
        {
            "name": "resources.json",
            "merged": true
        }
    ]
}