{
	"Objects": [{
			"SNo": "1",
			"ID": "100123",
			"Name": "XYZ",
			"Designation": "Team Leader",
			"Experience": "10Years",
			"Location": "VisakhaPatnam"
			
		}, {
			"SNo": "2",
			"ID": "245632",
			"Name": "ABC",
			"Designation": "Team Leader",
			"Experience": "4years",
			"Location": "USA"
		},

		{
			"SNo": "3",
			"ID": "396325",
			"Name": "LMN",
			"Designation": "Sr.Technical Consultant",
			"Experience": "2years",
			"Location": "Eluru"
		}, {
			"SNo": "4",
			"ID": "496321",
			"Name": "FGH",
			"Designation": "Technical Consultant",
			"Experience": "5years",
			"Location": "Chennai"
		}, {
			"SNo": "5",
			"ID": "578321",
			"Name": "UVW",
			"Designation": "Manager",
			"Experience": "5years",
			"Location": "Mumbai"
		}, {
			"SNo": "6",
			"ID": "652145",
			"Name": "RTY",
			"Designation": "Sr.Technical Consultant",
			"Experience": "6years",
			"Location": "Hyderabad"
		}, {
			"SNo": "7",
			"ID": "736952",
			"Name": "JKL",
			"Designation": "Developer Trainee",
			"Experience": "Fresher",
			"Location": "UAE"
		}, {
			"SNo": "8",
			"ID": "578956",
			"Name": "IOP",
			"Designation": "Technical Consultant",
			"Experience": "5years",
			"Location": "Mumbai"
		}, {
			"SNo": "9",
			"ID": "652145",
			"Name": "CVD",
			"Designation": "Sr.Technical Consultant",
			"Experience": "6years",
			"Location": "Hyderabad"
		}, {
			"SNo": "10",
			"ID": "736952",
			"Name": "FGG",
			"Designation": "Developer Trainee",
			"Experience": "Fresher",
			"Location": "UAE"
		}, {
			"SNo": "11",
			"ID": "578956",
			"Name": "DSA",
			"Designation": "Technical Consultant",
			"Experience": "5years",
			"Location": "Mumbai"
		}, {
			"SNo": "12",
			"ID": "652145",
			"Name": "BVC",
			"Designation": "Sr.Technical Consultant",
			"Experience": "6years",
			"Location": "Hyderabad"
		}, {
			"SNo": "13",
			"ID": "736952",
			"Name": "UIO",
			"Designation": "Developer Trainee",
			"Experience": "Fresher",
			"Location": "UAE"
		}, {
			"SNo": "14",
			"ID": "578956",
			"Name": "QWE",
			"Designation": "Technical Consultant",
			"Experience": "5years",
			"Location": "Mumbai"
		}, {
			"SNo": "15",
			"ID": "652145",
			"Name": "TYU",
			"Designation": "Sr.Technical Consultant",
			"Experience": "6years",
			"Location": "Hyderabad"
		}, {
			"SNo": "16",
			"ID": "736952",
			"Name": "FGD",
			"Designation": "Developer Trainee",
			"Experience": "Fresher",
			"Location": "UAE"
		}, {
			"SNo": "17",
			"ID": "578956",
			"Name": "JKL",
			"Designation": "Technical Consultant",
			"Experience": "5years",
			"Location": "Mumbai"
		}, {
			"SNo": "18",
			"ID": "652145",
			"Name": "RTY",
			"Designation": "Sr.Technical Consultant",
			"Experience": "6years",
			"Location": "Hyderabad"
		}, {
			"SNo": "19",
			"ID": "736952",
			"Name": "SDF",
			"Designation": "Developer Trainee",
			"Experience": "Fresher",
			"Location": "UAE"
		}, {
			"SNo": "20",
			"ID": "578956",
			"Name": "IOK",
			"Designation": "Technical Consultant",
			"Experience": "5years",
			"Location": "Mumbai"
		}, {
			"SNo": "21",
			"ID": "652145",
			"Name": "BVC",
			"Designation": "Sr.Technical Consultant",
			"Experience": "6years",
			"Location": "Hyderabad"
		}, {
			"SNo": "22",
			"ID": "736952",
			"Name": "CXD",
			"Designation": "Developer Trainee",
			"Experience": "Fresher",
			"Location": "UAE"
		}

	]
}