{
	"Data": [{
			"delNum": "3663102458",
			"delType": "Issues",
			"transType": "Z1",
			"userId": "PachalR",
			"loadAcptTime": "0:00",
			"loadStartTime": "4:00",
			"loadCompTime": "12:00",
			"prdCode": "8001",
			"batch": "AI",
			"qty": "420",
			"custName": "Rajashekar",
			"scac": "SWFT"
		},

		{
			"delNum": "3663102458",
			"delType": "Returns",
			"transType": "Z2",
			"userId": "Gajaves",
			"loadAcptTime": "0:00",
			"loadStartTime": "4:00",
			"loadCompTime": "12:00",
			"prdCode": "8080",
			"batch": "AI",
			"qty": "512",
			"custName": "Sravya",
			"scac": "CUPU"
		},

		{
			"delNum": "3663102460",
			"delType": "Issues",
			"transType": "Z2",
			"userId": "PachalR",
			"loadAcptTime": "0:00",
			"loadStartTime": "4:00",
			"loadCompTime": "12:00",
			"prdCode": "8001",
			"batch": "RU Standard",
			"qty": "512",
			"custName": "Rajashekar",
			"scac": "SWFT"
		},

		{
			"delNum": "3663102461",
			"delType": "Issues",
			"transType": "Z1",
			"userId": "PachalR",
			"loadAcptTime": "0:00",
			"loadStartTime": "4:00",
			"loadCompTime": "12:00",
			"prdCode": "8001",
			"batch": "RU Standard",
			"qty": "512",
			"custName": "Rajashekar",
			"scac": "SWFT"
		},

		{
			"delNum": "3663102462",
			"delType": "Returns",
			"transType": "Z1",
			"userId": "PachalR",
			"loadAcptTime": "0:00",
			"loadStartTime": "4:00",
			"loadCompTime": "12:00",
			"prdCode": "8001",
			"batch": "RU Standard",
			"qty": "512",
			"custName": "Rajashekar",
			"scac": "SWFT"
		},

		{
			"delNum": "3663102463",
			"delType": "Returns",
			"transType": "Z2",
			"userId": "PachalR",
			"loadAcptTime": "0:00",
			"loadStartTime": "4:00",
			"loadCompTime": "12:00",
			"prdCode": "8001",
			"batch": "AI",
			"qty": "512",
			"custName": "Rajashekar",
			"scac": "SWFT"
		},

		{
			"delNum": "3663102464",
			"delType": "Issues",
			"transType": "Z1",
			"userId": "PachalR",
			"loadAcptTime": "0:00",
			"loadStartTime": "4:00",
			"loadCompTime": "12:00",
			"prdCode": "8001",
			"batch": "AI",
			"qty": "512",
			"custName": "Rajashekar",
			"scac": "SWFT"
		},

		{
			"delNum": "3663102465",
			"delType": "Returns",
			"transType": "Z2",
			"userId": "PachalR",
			"loadAcptTime": "0:00",
			"loadStartTime": "4:00",
			"loadCompTime": "12:00",
			"prdCode": "8001",
			"batch": "RU Standard",
			"qty": "512",
			"custName": "Rajashekar",
			"scac": "SWFT"
		},

		{
			"delNum": "3663102466",
			"delType": "Issues",
			"transType": "Z1",
			"userId": "PachalR",
			"loadAcptTime": "0:00",
			"loadStartTime": "4:00",
			"loadCompTime": "12:00",
			"prdCode": "8001",
			"batch": "RU Standard",
			"qty": "512",
			"custName": "Rajashekar",
			"scac": "SWFT"
		},

		{
			"delNum": "3663102467",
			"delType": "Returns",
			"transType": "Z1",
			"userId": "PachalR",
			"loadAcptTime": "0:00",
			"loadStartTime": "4:00",
			"loadCompTime": "12:00",
			"prdCode": "8001",
			"batch": "RU Standard",
			"qty": "512",
			"custName": "Rajashekar",
			"scac": "SWFT"
		},

		{
			"delNum": "3663102468",
			"delType": "Issues",
			"transType": "Z2",
			"userId": "PachalR",
			"loadAcptTime": "0:00",
			"loadStartTime": "4:00",
			"loadCompTime": "12:00",
			"prdCode": "8001",
			"batch": "RU Standard",
			"qty": "512",
			"custName": "Rajashekar",
			"scac": "SWFT"
		}

	]
}