{
	"timeRange": [{
		"time": "0-1"
	}, {
		"time": "1-2"
	}, {
		"time": "2-3"
	}, {
		"time": "3-4"
	}, {
		"time": "4-5"
	}, {
		"time": "5-6"
	}, {
		"time": "6-7"
	}, {
		"time": "7-8"
	}, {
		"time": "8-9"
	}, {
		"time": "9-10"
	}, {
		"time": "10-11"
	}, {
		"time": "11-12"
	}, {
		"time": "12-13"
	}, {
		"time": "13-14"
	}, {
		"time": "14-15"
	}, {
		"time": "15-16"
	}, {
		"time": "16-17"
	}, {
		"time": "17-18"
	}, {
		"time": "18-19"
	}, {
		"time": "19-20"
	}, {
		"time": "20-21"
	}, {
		"time": "21-22"
	}, {
		"time": "22-23"
	}, {
		"time": "23-0"
	}]
}