{
  "run": [
    {
      "filePath": "/webapp/Component.js",
      "previewMode": 1,
      "dataMode": 1,
      "workspace": "withoutWorkspace",
      "ui5ActiveVersion": null,
      "ui5VerSource": null,
      "isDefaultVersion": 0,
      "urlParameters": [
        {
          "paramName": "KIOSK_ID",
          "paramValue": "XXXXXXXXXX"
        }
      ],
      "hashParameter": "",
      "backendSystem": [],
      "_metadata": {
        "id": 3121373,
        "runnerId": "fiorirunner",
        "displayName": "Run Component.js 7",
        "lastRunTimeStamp": 1656597249566
      }
    },
    {
      "filePath": "/webapp/index.html",
      "previewMode": 1,
      "dataMode": 1,
      "workspace": "withoutWorkspace",
      "ui5ActiveVersion": null,
      "ui5VerSource": null,
      "isDefaultVersion": 0,
      "urlParameters": [],
      "hashParameter": "",
      "backendSystem": [],
      "_metadata": {
        "id": 9834337,
        "runnerId": "webapprunner",
        "displayName": "Run index.html 4",
        "lastRunTimeStamp": 1656597223009
      }
    }
  ]
}