{
	"welcomeFile": "/webapp/index.html",
	"routes": [{
		"path": "/resources",
		"target": {
			"type": "service",
			"name": "sapui5",
			"entryPath": "/resources"
		},
		"description": "SAPUI5 Resources"
	}, {
		"path": "/test-resources",
		"target": {
			"type": "service",
			"name": "sapui5",
			"entryPath": "/test-resources"
		},
		"description": "SAPUI5 Test Resources"

	}, {
		"path": "/sap/opu/odata",
		"target": {
			"type": "destination",
			"name": "GWD",
			"entryPath": "/sap/opu/odata"
		},
		"description": "GWD"
	}, {
		"path": "/sap/bc/ui2",
		"target": {
			"type": "destination",
			"name": "GWD",
			"entryPath": "/sap/bc/ui2"
		},
		"description": "GWD"
	}],
	"sendWelcomeFileRedirect": true
}