<edmx:Edmx
    xmlns:edmx="http://schemas.microsoft.com/ado/2007/06/edmx"
    xmlns:m="http://schemas.microsoft.com/ado/2007/08/dataservices/metadata"
    xmlns:sap="http://www.sap.com/Protocols/SAPData" Version="1.0">
    <edmx:Reference
        xmlns:edmx="http://docs.oasis-open.org/odata/ns/edmx" Uri="./IWFND/CATALOGSERVICE;v=2/Vocabularies(TechnicalName='%2FIWBEP%2FVOC_COMMON',Version='0001',SAP__Origin='LOCAL')/$value">
        <edmx:Include Namespace="com.sap.vocabularies.Common.v1" Alias="Common"/>
    </edmx:Reference>
    <edmx:Reference
        xmlns:edmx="http://docs.oasis-open.org/odata/ns/edmx" Uri="./IWFND/CATALOGSERVICE;v=2/Vocabularies(TechnicalName='%2FIWBEP%2FVOC_CAPABILITIES',Version='0001',SAP__Origin='LOCAL')/$value">
        <edmx:Include Namespace="Org.OData.Capabilities.V1" Alias="Capabilities"/>
    </edmx:Reference>
    <edmx:Reference
        xmlns:edmx="http://docs.oasis-open.org/odata/ns/edmx" Uri="./IWFND/CATALOGSERVICE;v=2/Vocabularies(TechnicalName='%2FIWBEP%2FVOC_COMMUNICATION',Version='0001',SAP__Origin='LOCAL')/$value">
        <edmx:Include Namespace="com.sap.vocabularies.Communication.v1" Alias="Communication"/>
    </edmx:Reference>
    <edmx:Reference
        xmlns:edmx="http://docs.oasis-open.org/odata/ns/edmx" Uri="./IWFND/CATALOGSERVICE;v=2/Vocabularies(TechnicalName='%2FIWBEP%2FVOC_AGGREGATION',Version='0001',SAP__Origin='LOCAL')/$value">
        <edmx:Include Namespace="Org.OData.Aggregation.V1" Alias="Aggregation"/>
    </edmx:Reference>
    <edmx:Reference
        xmlns:edmx="http://docs.oasis-open.org/odata/ns/edmx" Uri="./IWFND/CATALOGSERVICE;v=2/Vocabularies(TechnicalName='%2FIWBEP%2FVOC_PERSONALDATA',Version='0001',SAP__Origin='LOCAL')/$value">
        <edmx:Include Namespace="com.sap.vocabularies.PersonalData.v1" Alias="PersonalData"/>
    </edmx:Reference>
    <edmx:Reference
        xmlns:edmx="http://docs.oasis-open.org/odata/ns/edmx" Uri="./IWFND/CATALOGSERVICE;v=2/Vocabularies(TechnicalName='%2FIWBEP%2FVOC_VALIDATION',Version='0001',SAP__Origin='LOCAL')/$value">
        <edmx:Include Namespace="Org.OData.Validation.V1" Alias="Validation"/>
    </edmx:Reference>
    <edmx:Reference
        xmlns:edmx="http://docs.oasis-open.org/odata/ns/edmx" Uri="./IWFND/CATALOGSERVICE;v=2/Vocabularies(TechnicalName='%2FIWBEP%2FVOC_ANALYTICS',Version='0001',SAP__Origin='LOCAL')/$value">
        <edmx:Include Namespace="com.sap.vocabularies.Analytics.v1" Alias="Analytics"/>
    </edmx:Reference>
    <edmx:Reference
        xmlns:edmx="http://docs.oasis-open.org/odata/ns/edmx" Uri="./IWFND/CATALOGSERVICE;v=2/Vocabularies(TechnicalName='%2FIWBEP%2FVOC_MEASURES',Version='0001',SAP__Origin='LOCAL')/$value">
        <edmx:Include Namespace="Org.OData.Measures.V1" Alias="Measures"/>
    </edmx:Reference>
    <edmx:Reference
        xmlns:edmx="http://docs.oasis-open.org/odata/ns/edmx" Uri="./IWFND/CATALOGSERVICE;v=2/Vocabularies(TechnicalName='%2FIWBEP%2FVOC_UI',Version='0001',SAP__Origin='LOCAL')/$value">
        <edmx:Include Namespace="com.sap.vocabularies.UI.v1" Alias="UI"/>
    </edmx:Reference>
    <edmx:DataServices m:DataServiceVersion="2.0">
        <Schema
            xmlns="http://schemas.microsoft.com/ado/2008/09/edm" Namespace="ZCDSV_PTP_NONCNFMAT_CDS" xml:lang="en" sap:schema-version="1">
            <EntityType Name="ZCDSV_PTP_NONCNFMATType" sap:label="Non Conforming Materials" sap:content-version="1">
                <Key>
                    <PropertyRef Name="Material"/>
                    <PropertyRef Name="Plant"/>
                    <PropertyRef Name="Movedate"/>
                    <PropertyRef Name="Refno"/>
                    <PropertyRef Name="Movetype"/>
                    <PropertyRef Name="Movetypname"/>
                </Key>
                <Property Name="Material" Type="Edm.String" Nullable="false" MaxLength="40" sap:display-format="UpperCase" sap:label="Material" sap:quickinfo="Material Number"/>
                <Property Name="Plant" Type="Edm.String" Nullable="false" MaxLength="4" sap:display-format="UpperCase" sap:label="Plant"/>
                <Property Name="Movedate" Type="Edm.DateTime" Nullable="false" Precision="0" sap:display-format="Date" sap:label="Move Date"/>
                <Property Name="Refno" Type="Edm.String" Nullable="false" MaxLength="16" sap:display-format="UpperCase" sap:label="Refno" sap:quickinfo="Reference Document Number"/>
                <Property Name="Movetype" Type="Edm.String" Nullable="false" MaxLength="2" sap:display-format="UpperCase" sap:label="Move Type" sap:quickinfo="Move Tyoe"/>
                <Property Name="Movetypname" Type="Edm.String" Nullable="false" MaxLength="255" sap:label="Move Type Name" sap:quickinfo="Selection Variants: Field Content (LOW/HIGH)"/>
                <Property Name="Version" Type="Edm.String" MaxLength="3" sap:display-format="UpperCase" sap:label="Version"/>
                <Property Name="MatDesc" Type="Edm.String" MaxLength="40" sap:label="Material Description"/>
                <Property Name="Quantity" Type="Edm.Decimal" Precision="13" Scale="3" sap:label="Quantity" sap:quickinfo="Quantity in unit of entry"/>
                <Property Name="Sign" Type="Edm.String" MaxLength="1" sap:display-format="UpperCase" sap:label="Sign" sap:quickinfo="Debit/Credit Indicator"/>
                <Property Name="Uom" Type="Edm.String" MaxLength="3" sap:label="UOM" sap:quickinfo="Unit of entry" sap:semantics="unit-of-measure"/>
                <Property Name="Createdon" Type="Edm.DateTime" Precision="0" sap:display-format="Date" sap:label="Created On"/>
                <Property Name="Matdocno" Type="Edm.String" MaxLength="10" sap:display-format="UpperCase" sap:label="MaterialDoc No" sap:quickinfo="Number of Material Document"/>
                <Property Name="Matdocdate" Type="Edm.DateTime" Precision="0" sap:display-format="Date" sap:label="MaterialDoc Date" sap:quickinfo="Document Date in Document"/>
                <Property Name="storageloc" Type="Edm.String" MaxLength="4" sap:display-format="UpperCase" sap:label="Storage Location" sap:quickinfo="Storage location"/>
                <Property Name="BELNR" Type="Edm.String" MaxLength="10" sap:display-format="UpperCase" sap:label="Invoice Doc no" sap:quickinfo="Accounting Document Number"/>
                <Property Name="BUDAT" Type="Edm.DateTime" Precision="0" sap:display-format="Date" sap:label="Invoice Doc Date" sap:quickinfo="Posting Date in the Document"/>
                <Property Name="PrintStatus" Type="Edm.String" MaxLength="1" sap:display-format="UpperCase" sap:label="Print Status"/>
            </EntityType>
            <EntityContainer Name="ZCDSV_PTP_NONCNFMAT_CDS_Entities" m:IsDefaultEntityContainer="true" sap:message-scope-supported="true" sap:supported-formats="atom json xlsx">
                <EntitySet Name="ZCDSV_PTP_NONCNFMAT" EntityType="ZCDSV_PTP_NONCNFMAT_CDS.ZCDSV_PTP_NONCNFMATType" sap:creatable="false" sap:updatable="false" sap:deletable="false" sap:content-version="1"/>
            </EntityContainer>
            <Annotations
                xmlns="http://docs.oasis-open.org/odata/ns/edm" Target="ZCDSV_PTP_NONCNFMAT_CDS.ZCDSV_PTP_NONCNFMAT_CDS_Entities">
                <Annotation Term="Common.ApplyMultiUnitBehaviorForSortingAndFiltering" Bool="true"/>
                <Annotation Term="Aggregation.ApplySupported">
                    <Record>
                        <PropertyValue Property="Transformations">
                            <Collection>
                                <String>aggregate</String>
                                <String>groupby</String>
                                <String>filter</String>
                            </Collection>
                        </PropertyValue>
                        <PropertyValue Property="Rollup" EnumMember="None"/>
                    </Record>
                </Annotation>
            </Annotations>
            <atom:link
                xmlns:atom="http://www.w3.org/2005/Atom" rel="self" href="./sap/ZCDSV_PTP_NONCNFMAT_CDS/$metadata"/>
                <atom:link
                    xmlns:atom="http://www.w3.org/2005/Atom" rel="latest-version" href="./sap/ZCDSV_PTP_NONCNFMAT_CDS/$metadata"/>
                </Schema>
            </edmx:DataServices>
        </edmx:Edmx>