{
	"results": [{
		"serialNo": "01",
		"type": "Sales and Revenue",
		"Payables": "25",
		"Paid": "75",
		"other": "25"

	}, {
		"serialNo": "02",
		"type": "Payables",
		"Payables": "25",
		"Paid": "75",
		"other": "25"
	}, {
		"serialNo": "03",
		"type": "Transfers",
		"Payables": "25",
		"Paid": "75",
		"other": "25"
	}, {
		"serialNo": "04",
		"type": "Purchasing",
		"Payables": "25",
		"Paid": "75",
		"other": "25"
	}, {
		"serialNo": "05",
		"type": "Financials",
		"Payables": "25",
		"Paid": "75",
		"other": "25"
	}]
}