<edmx:Edmx
    xmlns:edmx="http://schemas.microsoft.com/ado/2007/06/edmx"
    xmlns:m="http://schemas.microsoft.com/ado/2007/08/dataservices/metadata"
    xmlns:sap="http://www.sap.com/Protocols/SAPData" Version="1.0">
    <edmx:DataServices m:DataServiceVersion="2.0">
        <Schema
            xmlns="http://schemas.microsoft.com/ado/2008/09/edm" Namespace="ZOTC_VEHICLE_SDETAIL_SRV" xml:lang="en" sap:schema-version="1">
            <EntityType Name="VehicleSalesH" sap:content-version="1">
                <Key>
                    <PropertyRef Name="Vhcle"/>
                </Key>
                <Property Name="Mandt" Type="Edm.String" Nullable="false" MaxLength="3" sap:unicode="false" sap:label="Client" sap:creatable="false" sap:updatable="false" sap:sortable="false" sap:filterable="false"/>
                <Property Name="Vhcle" Type="Edm.String" Nullable="false" MaxLength="10" sap:unicode="false" sap:label="Internal Vehicel Number" sap:creatable="false" sap:updatable="false"/>
                <Property Name="Matnr" Type="Edm.String" Nullable="false" MaxLength="40" sap:unicode="false" sap:label="Vehicle Model" sap:creatable="false" sap:updatable="false" sap:sortable="false" sap:filterable="false"/>
                <Property Name="Lifnr" Type="Edm.String" Nullable="false" MaxLength="10" sap:unicode="false" sap:label="Vendor" sap:creatable="false" sap:updatable="false" sap:sortable="false" sap:filterable="false"/>
                <Property Name="Charg" Type="Edm.String" Nullable="false" MaxLength="10" sap:unicode="false" sap:label="Batch" sap:creatable="false" sap:updatable="false" sap:sortable="false" sap:filterable="false"/>
                <Property Name="Equnr" Type="Edm.String" Nullable="false" MaxLength="18" sap:unicode="false" sap:label="Equipment" sap:creatable="false" sap:updatable="false" sap:sortable="false" sap:filterable="false"/>
                <Property Name="Werks" Type="Edm.String" Nullable="false" MaxLength="4" sap:unicode="false" sap:label="Plant" sap:creatable="false" sap:updatable="false" sap:sortable="false" sap:filterable="false"/>
                <Property Name="Lgort" Type="Edm.String" Nullable="false" MaxLength="4" sap:unicode="false" sap:label="Stor. Loc." sap:creatable="false" sap:updatable="false" sap:sortable="false" sap:filterable="false"/>
                <Property Name="Bwtar" Type="Edm.String" Nullable="false" MaxLength="10" sap:unicode="false" sap:label="Valuation Type" sap:creatable="false" sap:updatable="false" sap:sortable="false" sap:filterable="false"/>
                <Property Name="Cuobj" Type="Edm.String" Nullable="false" MaxLength="18" sap:unicode="false" sap:label="Int. object no." sap:creatable="false" sap:updatable="false" sap:sortable="false" sap:filterable="false"/>
                <Property Name="Cuaba" Type="Edm.String" Nullable="false" MaxLength="4" sap:unicode="false" sap:label="Action Document Type" sap:creatable="false" sap:updatable="false" sap:sortable="false" sap:filterable="false"/>
                <Property Name="Mmctr" Type="Edm.String" Nullable="false" MaxLength="4" sap:unicode="false" sap:label="Action Control" sap:creatable="false" sap:updatable="false" sap:sortable="false" sap:filterable="false"/>
                <Property Name="Mmsta" Type="Edm.String" Nullable="false" MaxLength="4" sap:unicode="false" sap:label="Primary Status" sap:creatable="false" sap:updatable="false" sap:sortable="false" sap:filterable="false"/>
                <Property Name="Sdctr" Type="Edm.String" Nullable="false" MaxLength="4" sap:unicode="false" sap:label="Action Control" sap:creatable="false" sap:updatable="false" sap:sortable="false" sap:filterable="false"/>
                <Property Name="Sdsta" Type="Edm.String" Nullable="false" MaxLength="4" sap:unicode="false" sap:label="Secondary Status" sap:creatable="false" sap:updatable="false" sap:sortable="false" sap:filterable="false"/>
                <Property Name="Kunnr" Type="Edm.String" Nullable="false" MaxLength="10" sap:unicode="false" sap:label="Customer" sap:creatable="false" sap:updatable="false" sap:sortable="false" sap:filterable="false"/>
                <Property Name="Endcu" Type="Edm.String" Nullable="false" MaxLength="10" sap:unicode="false" sap:label="End Customer" sap:creatable="false" sap:updatable="false" sap:sortable="false" sap:filterable="false"/>
                <Property Name="Vhvin" Type="Edm.String" Nullable="false" MaxLength="35" sap:unicode="false" sap:label="VIN" sap:creatable="false" sap:updatable="false"/>
                <Property Name="Vhcex" Type="Edm.String" Nullable="false" MaxLength="35" sap:unicode="false" sap:label="Ext.Veh.Number" sap:creatable="false" sap:updatable="false" sap:sortable="false" sap:filterable="false"/>
                <Property Name="Avail" Type="Edm.String" Nullable="false" MaxLength="2" sap:unicode="false" sap:label="Availability" sap:creatable="false" sap:updatable="false" sap:sortable="false" sap:filterable="false"/>
                <Property Name="Vblty" Type="Edm.String" Nullable="false" MaxLength="1" sap:unicode="false" sap:label="Visibility" sap:creatable="false" sap:updatable="false" sap:sortable="false" sap:filterable="false"/>
                <Property Name="Loctn" Type="Edm.String" Nullable="false" MaxLength="10" sap:unicode="false" sap:label="Vehicle Location" sap:creatable="false" sap:updatable="false" sap:sortable="false" sap:filterable="false"/>
                <Property Name="Gprice" Type="Edm.Decimal" Precision="18" Scale="3" sap:unicode="false" sap:unit="Gpricecuky" sap:label="Gross List Price" sap:creatable="false" sap:updatable="false" sap:sortable="false" sap:filterable="false"/>
                <Property Name="Gpricecuky" Type="Edm.String" Nullable="false" MaxLength="5" sap:unicode="false" sap:label="Currency" sap:creatable="false" sap:updatable="false" sap:sortable="false" sap:filterable="false" sap:semantics="currency-code"/>
                <Property Name="Ernam" Type="Edm.String" Nullable="false" MaxLength="12" sap:unicode="false" sap:label="Created by" sap:creatable="false" sap:updatable="false" sap:sortable="false" sap:filterable="false"/>
                <Property Name="Vhusg" Type="Edm.String" Nullable="false" MaxLength="2" sap:unicode="false" sap:label="Vehicle Usage" sap:creatable="false" sap:updatable="false" sap:sortable="false" sap:filterable="false"/>
                <Property Name="Cmpgn" Type="Edm.String" Nullable="false" MaxLength="10" sap:unicode="false" sap:label="Sales Campaign" sap:creatable="false" sap:updatable="false" sap:sortable="false" sap:filterable="false"/>
                <Property Name="Pcount" Type="Edm.Decimal" Precision="7" Scale="0" sap:unicode="false" sap:unit="PcountU" sap:label="Counter reading" sap:creatable="false" sap:updatable="false" sap:sortable="false" sap:filterable="false"/>
                <Property Name="PcountU" Type="Edm.String" Nullable="false" MaxLength="3" sap:unicode="false" sap:label="COunter unit" sap:creatable="false" sap:updatable="false" sap:sortable="false" sap:filterable="false" sap:semantics="unit-of-measure"/>
                <Property Name="Vhsar" Type="Edm.String" Nullable="false" MaxLength="10" sap:unicode="false" sap:label="Veh.Search Area" sap:creatable="false" sap:updatable="false" sap:sortable="false" sap:filterable="false"/>
                <Property Name="Vhord" Type="Edm.String" Nullable="false" MaxLength="10" sap:unicode="false" sap:label="Orig. Ord. Pty" sap:creatable="false" sap:updatable="false" sap:sortable="false" sap:filterable="false"/>
                <Property Name="Shlvl" Type="Edm.String" Nullable="false" MaxLength="2" sap:unicode="false" sap:label="Sharing Levels" sap:creatable="false" sap:updatable="false" sap:sortable="false" sap:filterable="false"/>
                <Property Name="ArchiveFlag" Type="Edm.Boolean" sap:unicode="false" sap:label="Archiving" sap:creatable="false" sap:updatable="false" sap:sortable="false" sap:filterable="false"/>
                <Property Name="UsedVehicle" Type="Edm.Boolean" sap:unicode="false" sap:label="Used Vehicle" sap:creatable="false" sap:updatable="false" sap:sortable="false" sap:filterable="false"/>
                <Property Name="Zzdig" Type="Edm.String" Nullable="false" MaxLength="5" sap:unicode="false" sap:label="Digital Sig" sap:creatable="false" sap:updatable="false" sap:sortable="false" sap:filterable="false"/>
                <Property Name="Zzsalest" Type="Edm.String" Nullable="false" MaxLength="2" sap:unicode="false" sap:label="Sales Type" sap:creatable="false" sap:updatable="false" sap:sortable="false" sap:filterable="false"/>
                <Property Name="ZextSts" Type="Edm.String" Nullable="false" MaxLength="4" sap:unicode="false" sap:label="External Status" sap:creatable="false" sap:updatable="false" sap:sortable="false" sap:filterable="false"/>
                <Property Name="Zzlistid" Type="Edm.String" Nullable="false" MaxLength="60" sap:unicode="false" sap:label="List id" sap:creatable="false" sap:updatable="false" sap:sortable="false" sap:filterable="false"/>
                <Property Name="ZzrsnCodeN" Type="Edm.String" Nullable="false" MaxLength="3" sap:unicode="false" sap:label="NatHld RsCd" sap:creatable="false" sap:updatable="false" sap:sortable="false" sap:filterable="false"/>
                <Property Name="ZzrsnCodeR" Type="Edm.String" Nullable="false" MaxLength="3" sap:unicode="false" sap:label="ResHld RsCd" sap:creatable="false" sap:updatable="false" sap:sortable="false" sap:filterable="false"/>
                <Property Name="ZznhldComm" Type="Edm.String" Nullable="false" MaxLength="25" sap:unicode="false" sap:label="NHD Comment" sap:creatable="false" sap:updatable="false" sap:sortable="false" sap:filterable="false"/>
                <Property Name="ZzrhldComm" Type="Edm.String" Nullable="false" MaxLength="25" sap:unicode="false" sap:label="RHD Comment" sap:creatable="false" sap:updatable="false" sap:sortable="false" sap:filterable="false"/>
                <Property Name="Zzportout" Type="Edm.String" Nullable="false" MaxLength="4" sap:unicode="false" sap:label="Export Port" sap:creatable="false" sap:updatable="false" sap:sortable="false" sap:filterable="false"/>
                <Property Name="Zzportin" Type="Edm.String" Nullable="false" MaxLength="4" sap:unicode="false" sap:label="Destination Port" sap:creatable="false" sap:updatable="false" sap:sortable="false" sap:filterable="false"/>
                <Property Name="Zzdlyplant" Type="Edm.String" Nullable="false" MaxLength="4" sap:unicode="false" sap:label="Delivery Plant" sap:creatable="false" sap:updatable="false" sap:sortable="false" sap:filterable="false"/>
                <Property Name="Zzorgch" Type="Edm.String" Nullable="false" MaxLength="25" sap:unicode="false" sap:label="Org. Channel" sap:creatable="false" sap:updatable="false" sap:sortable="false" sap:filterable="false"/>
                <Property Name="ZzreaRemload" Type="Edm.String" Nullable="false" MaxLength="20" sap:unicode="false" sap:label="Reason code  Remload" sap:creatable="false" sap:updatable="false" sap:sortable="false" sap:filterable="false"/>
                <Property Name="ZzprocessorOrigin" Type="Edm.String" Nullable="false" MaxLength="10" sap:unicode="false" sap:label="Proc at Org." sap:creatable="false" sap:updatable="false" sap:sortable="false" sap:filterable="false"/>
                <Property Name="ZzprocessorDest" Type="Edm.String" Nullable="false" MaxLength="10" sap:unicode="false" sap:label="Proc at Dest." sap:creatable="false" sap:updatable="false" sap:sortable="false" sap:filterable="false"/>
                <Property Name="Zzregion" Type="Edm.String" Nullable="false" MaxLength="3" sap:unicode="false" sap:label="Planning Region" sap:creatable="false" sap:updatable="false" sap:sortable="false" sap:filterable="false"/>
                <Property Name="ZzvehicleText" Type="Edm.String" Nullable="false" MaxLength="50" sap:unicode="false" sap:label="Vehicle Text" sap:creatable="false" sap:updatable="false" sap:sortable="false" sap:filterable="false"/>
                <Property Name="ZzbayLocation" Type="Edm.String" Nullable="false" MaxLength="20" sap:unicode="false" sap:label="Bay Location" sap:creatable="false" sap:updatable="false" sap:sortable="false" sap:filterable="false"/>
                <Property Name="ZzmarineCarrier" Type="Edm.String" Nullable="false" MaxLength="10" sap:unicode="false" sap:label="Marine Carrier" sap:creatable="false" sap:updatable="false" sap:sortable="false" sap:filterable="false"/>
                <Property Name="ZzterminalOrigin" Type="Edm.String" Nullable="false" MaxLength="10" sap:unicode="false" sap:label="Terminal - Export Port" sap:creatable="false" sap:updatable="false" sap:sortable="false" sap:filterable="false"/>
                <Property Name="ZzterminalDest" Type="Edm.String" Nullable="false" MaxLength="10" sap:unicode="false" sap:label="Terminal - Destination Port" sap:creatable="false" sap:updatable="false" sap:sortable="false" sap:filterable="false"/>
                <Property Name="ZzmesIndt" Type="Edm.String" Nullable="false" MaxLength="50" sap:unicode="false" sap:label="Message Identifier" sap:creatable="false" sap:updatable="false" sap:sortable="false" sap:filterable="false"/>
                <Property Name="Zzstatus" Type="Edm.String" Nullable="false" MaxLength="30" sap:unicode="false" sap:label="Status" sap:creatable="false" sap:updatable="false" sap:sortable="false" sap:filterable="false"/>
                <Property Name="ZzcarrierVpc" Type="Edm.String" Nullable="false" MaxLength="10" sap:unicode="false" sap:label="Carrier port to VPC" sap:creatable="false" sap:updatable="false" sap:sortable="false" sap:filterable="false"/>
                <Property Name="Pdtime" Type="Edm.Time" Precision="0" sap:unicode="false" sap:label="Production Time" sap:creatable="false" sap:updatable="false" sap:sortable="false" sap:filterable="false"/>
                <Property Name="Cstryear" Type="Edm.String" Nullable="false" MaxLength="4" sap:unicode="false" sap:label="Construct. Year" sap:creatable="false" sap:updatable="false" sap:sortable="false" sap:filterable="false"/>
                <Property Name="Cstrmonth" Type="Edm.String" Nullable="false" MaxLength="2" sap:unicode="false" sap:label="ConstructMth" sap:creatable="false" sap:updatable="false" sap:sortable="false" sap:filterable="false"/>
                <Property Name="Matnrtxt" Type="Edm.String" Nullable="false" MaxLength="40" sap:unicode="false" sap:label="Vehicle Model" sap:creatable="false" sap:updatable="false" sap:sortable="false" sap:filterable="false"/>
                <Property Name="Mmctrtxt" Type="Edm.String" Nullable="false" MaxLength="40" sap:unicode="false" sap:label="Prim. Act. Ctrl" sap:creatable="false" sap:updatable="false" sap:sortable="false" sap:filterable="false"/>
                <Property Name="Mmstatxt" Type="Edm.String" Nullable="false" MaxLength="40" sap:unicode="false" sap:label="Primary Status" sap:creatable="false" sap:updatable="false" sap:sortable="false" sap:filterable="false"/>
                <Property Name="Sdctrtxt" Type="Edm.String" Nullable="false" MaxLength="40" sap:unicode="false" sap:label="Sec. Act. Ctrl" sap:creatable="false" sap:updatable="false" sap:sortable="false" sap:filterable="false"/>
                <Property Name="Sdstatxt" Type="Edm.String" Nullable="false" MaxLength="40" sap:unicode="false" sap:label="Secondary Status" sap:creatable="false" sap:updatable="false" sap:sortable="false" sap:filterable="false"/>
                <Property Name="Availtxt" Type="Edm.String" Nullable="false" MaxLength="40" sap:unicode="false" sap:label="Availability" sap:creatable="false" sap:updatable="false" sap:sortable="false" sap:filterable="false"/>
                <Property Name="Loctncity" Type="Edm.String" Nullable="false" MaxLength="30" sap:unicode="false" sap:label="Location" sap:creatable="false" sap:updatable="false" sap:sortable="false" sap:filterable="false"/>
                <Property Name="Loctntxt" Type="Edm.String" Nullable="false" MaxLength="30" sap:unicode="false" sap:label="Vehicle Location" sap:creatable="false" sap:updatable="false" sap:sortable="false" sap:filterable="false"/>
                <Property Name="Vhusgtxt" Type="Edm.String" Nullable="false" MaxLength="40" sap:unicode="false" sap:label="Vehicle Usage" sap:creatable="false" sap:updatable="false" sap:sortable="false" sap:filterable="false"/>
                <Property Name="Vbltytxt" Type="Edm.String" Nullable="false" MaxLength="40" sap:unicode="false" sap:label="Visibility" sap:creatable="false" sap:updatable="false" sap:sortable="false" sap:filterable="false"/>
                <Property Name="ShlvlTxt" Type="Edm.String" Nullable="false" MaxLength="60" sap:unicode="false" sap:label="Sharing Levels" sap:creatable="false" sap:updatable="false" sap:sortable="false" sap:filterable="false"/>
                <Property Name="Vhsartxt" Type="Edm.String" Nullable="false" MaxLength="30" sap:unicode="false" sap:label="Veh. Srch Area" sap:creatable="false" sap:updatable="false" sap:sortable="false" sap:filterable="false"/>
                <Property Name="Cmpgntxt" Type="Edm.String" Nullable="false" MaxLength="40" sap:unicode="false" sap:label="Sales Campaign" sap:creatable="false" sap:updatable="false" sap:sortable="false" sap:filterable="false"/>
                <Property Name="Endcutxt" Type="Edm.String" Nullable="false" MaxLength="40" sap:unicode="false" sap:label="Name" sap:creatable="false" sap:updatable="false" sap:sortable="false" sap:filterable="false"/>
                <Property Name="CuName1" Type="Edm.String" Nullable="false" MaxLength="35" sap:unicode="false" sap:label="Customer Name" sap:creatable="false" sap:updatable="false" sap:sortable="false" sap:filterable="false"/>
                <Property Name="SuName1" Type="Edm.String" Nullable="false" MaxLength="35" sap:unicode="false" sap:label="Name of Vendor" sap:creatable="false" sap:updatable="false" sap:sortable="false" sap:filterable="false"/>
                <Property Name="Convprice" Type="Edm.Decimal" Precision="18" Scale="3" sap:unicode="false" sap:unit="Convpricecuky" sap:label="Gross List Price" sap:creatable="false" sap:updatable="false" sap:sortable="false" sap:filterable="false"/>
                <Property Name="Convpricecuky" Type="Edm.String" Nullable="false" MaxLength="5" sap:unicode="false" sap:label="Currency" sap:creatable="false" sap:updatable="false" sap:sortable="false" sap:filterable="false" sap:semantics="currency-code"/>
                <Property Name="Werksname" Type="Edm.String" Nullable="false" MaxLength="30" sap:unicode="false" sap:label="Plant" sap:creatable="false" sap:updatable="false" sap:sortable="false" sap:filterable="false"/>
                <Property Name="Xerror" Type="Edm.Boolean" sap:unicode="false" sap:label="Error" sap:creatable="false" sap:updatable="false" sap:sortable="false" sap:filterable="false"/>
                <Property Name="Actled" Type="Edm.String" Nullable="false" MaxLength="132" sap:unicode="false" sap:label="Success Indicator" sap:creatable="false" sap:updatable="false" sap:sortable="false" sap:filterable="false"/>
                <Property Name="Actdoctype" Type="Edm.String" Nullable="false" MaxLength="4" sap:unicode="false" sap:label="Action Document Type" sap:creatable="false" sap:updatable="false" sap:sortable="false" sap:filterable="false"/>
                <Property Name="Category" Type="Edm.String" Nullable="false" MaxLength="11" sap:unicode="false" sap:label="Category" sap:creatable="false" sap:updatable="false" sap:sortable="false" sap:filterable="false"/>
                <Property Name="Acternam" Type="Edm.String" Nullable="false" MaxLength="12" sap:unicode="false" sap:label="Created by" sap:creatable="false" sap:updatable="false" sap:sortable="false" sap:filterable="false"/>
                <Property Name="PrevVhcle" Type="Edm.String" Nullable="false" MaxLength="10" sap:unicode="false" sap:label="Preceding Veh. Numb." sap:creatable="false" sap:updatable="false" sap:sortable="false" sap:filterable="false"/>
                <Property Name="FollVhcle" Type="Edm.String" Nullable="false" MaxLength="10" sap:unicode="false" sap:label="Following Veh. Numb." sap:creatable="false" sap:updatable="false" sap:sortable="false" sap:filterable="false"/>
                <Property Name="Akncat" Type="Edm.String" Nullable="false" MaxLength="6" sap:unicode="false" sap:label="Ackn. Category" sap:creatable="false" sap:updatable="false" sap:sortable="false" sap:filterable="false"/>
                <Property Name="Akncatt" Type="Edm.String" Nullable="false" MaxLength="40" sap:unicode="false" sap:label="Ackn.Cat. Desc." sap:creatable="false" sap:updatable="false" sap:sortable="false" sap:filterable="false"/>
                <Property Name="Vbeln" Type="Edm.String" Nullable="false" MaxLength="10" sap:unicode="false" sap:label="Sales Document" sap:creatable="false" sap:updatable="false" sap:sortable="false" sap:filterable="false"/>
                <Property Name="KunnrSd" Type="Edm.String" Nullable="false" MaxLength="10" sap:unicode="false" sap:label="Customer" sap:creatable="false" sap:updatable="false" sap:sortable="false" sap:filterable="false"/>
                <Property Name="KunamSd" Type="Edm.String" Nullable="false" MaxLength="35" sap:unicode="false" sap:label="Customer Name" sap:creatable="false" sap:updatable="false" sap:sortable="false" sap:filterable="false"/>
                <Property Name="KunweSd" Type="Edm.String" Nullable="false" MaxLength="10" sap:unicode="false" sap:label="Ship-to party" sap:creatable="false" sap:updatable="false" sap:sortable="false" sap:filterable="false"/>
                <Property Name="WenamSd" Type="Edm.String" Nullable="false" MaxLength="35" sap:unicode="false" sap:label="Name" sap:creatable="false" sap:updatable="false" sap:sortable="false" sap:filterable="false"/>
                <Property Name="KunreSd" Type="Edm.String" Nullable="false" MaxLength="10" sap:unicode="false" sap:label="Bill-to party" sap:creatable="false" sap:updatable="false" sap:sortable="false" sap:filterable="false"/>
                <Property Name="RenamSd" Type="Edm.String" Nullable="false" MaxLength="35" sap:unicode="false" sap:label="Name" sap:creatable="false" sap:updatable="false" sap:sortable="false" sap:filterable="false"/>
                <Property Name="KunrgSd" Type="Edm.String" Nullable="false" MaxLength="10" sap:unicode="false" sap:label="Payer" sap:creatable="false" sap:updatable="false" sap:sortable="false" sap:filterable="false"/>
                <Property Name="RgnamSd" Type="Edm.String" Nullable="false" MaxLength="35" sap:unicode="false" sap:label="Name" sap:creatable="false" sap:updatable="false" sap:sortable="false" sap:filterable="false"/>
                <Property Name="Vbtyp" Type="Edm.String" Nullable="false" MaxLength="4" sap:unicode="false" sap:label="Document Cat." sap:creatable="false" sap:updatable="false" sap:sortable="false" sap:filterable="false"/>
                <Property Name="Auart" Type="Edm.String" Nullable="false" MaxLength="4" sap:unicode="false" sap:label="Sales Doc. Type" sap:creatable="false" sap:updatable="false" sap:sortable="false" sap:filterable="false"/>
                <Property Name="Augru" Type="Edm.String" Nullable="false" MaxLength="3" sap:unicode="false" sap:label="Order Reason" sap:creatable="false" sap:updatable="false" sap:sortable="false" sap:filterable="false"/>
                <Property Name="Vsart" Type="Edm.String" Nullable="false" MaxLength="2" sap:unicode="false" sap:label="Shipping Type" sap:creatable="false" sap:updatable="false" sap:sortable="false" sap:filterable="false"/>
                <Property Name="Abstk" Type="Edm.String" Nullable="false" MaxLength="1" sap:unicode="false" sap:label="Rejection Sts" sap:creatable="false" sap:updatable="false" sap:sortable="false" sap:filterable="false"/>
                <Property Name="Faksk" Type="Edm.String" Nullable="false" MaxLength="2" sap:unicode="false" sap:label="Billing Block" sap:creatable="false" sap:updatable="false" sap:sortable="false" sap:filterable="false"/>
                <Property Name="Netwr" Type="Edm.Decimal" Precision="16" Scale="3" sap:unicode="false" sap:unit="Waerk" sap:label="Net Value" sap:creatable="false" sap:updatable="false" sap:sortable="false" sap:filterable="false"/>
                <Property Name="Waerk" Type="Edm.String" Nullable="false" MaxLength="5" sap:unicode="false" sap:label="Doc. Currency" sap:creatable="false" sap:updatable="false" sap:sortable="false" sap:filterable="false" sap:semantics="currency-code"/>
                <Property Name="Vkorg" Type="Edm.String" Nullable="false" MaxLength="4" sap:unicode="false" sap:label="Sales Org." sap:creatable="false" sap:updatable="false" sap:sortable="false" sap:filterable="false"/>
                <Property Name="Vkorgtxt" Type="Edm.String" Nullable="false" MaxLength="20" sap:unicode="false" sap:label="Sales Organization" sap:creatable="false" sap:updatable="false" sap:sortable="false" sap:filterable="false"/>
                <Property Name="Vtweg" Type="Edm.String" Nullable="false" MaxLength="2" sap:unicode="false" sap:label="Distr. Channel" sap:creatable="false" sap:updatable="false" sap:sortable="false" sap:filterable="false"/>
                <Property Name="Vtwegtxt" Type="Edm.String" Nullable="false" MaxLength="20" sap:unicode="false" sap:label="Distribution Channel" sap:creatable="false" sap:updatable="false" sap:sortable="false" sap:filterable="false"/>
                <Property Name="Spart" Type="Edm.String" Nullable="false" MaxLength="2" sap:unicode="false" sap:label="Division" sap:creatable="false" sap:updatable="false" sap:sortable="false" sap:filterable="false"/>
                <Property Name="Sparttxt" Type="Edm.String" Nullable="false" MaxLength="20" sap:unicode="false" sap:label="Division" sap:creatable="false" sap:updatable="false" sap:sortable="false" sap:filterable="false"/>
                <Property Name="Vkgrp" Type="Edm.String" Nullable="false" MaxLength="3" sap:unicode="false" sap:label="Sales group" sap:creatable="false" sap:updatable="false" sap:sortable="false" sap:filterable="false"/>
                <Property Name="Vkbur" Type="Edm.String" Nullable="false" MaxLength="4" sap:unicode="false" sap:label="Sales office" sap:creatable="false" sap:updatable="false" sap:sortable="false" sap:filterable="false"/>
                <Property Name="Bstnk" Type="Edm.String" Nullable="false" MaxLength="20" sap:unicode="false" sap:label="Cust. Reference" sap:creatable="false" sap:updatable="false" sap:sortable="false" sap:filterable="false"/>
                <Property Name="ErnamSd" Type="Edm.String" Nullable="false" MaxLength="12" sap:unicode="false" sap:label="Created by" sap:creatable="false" sap:updatable="false" sap:sortable="false" sap:filterable="false"/>
                <Property Name="Posnr" Type="Edm.String" Nullable="false" MaxLength="6" sap:unicode="false" sap:label="Item" sap:creatable="false" sap:updatable="false" sap:sortable="false" sap:filterable="false"/>
                <Property Name="CuobjSd" Type="Edm.String" Nullable="false" MaxLength="18" sap:unicode="false" sap:label="Int. object no." sap:creatable="false" sap:updatable="false" sap:sortable="false" sap:filterable="false"/>
                <Property Name="Arktx" Type="Edm.String" Nullable="false" MaxLength="40" sap:unicode="false" sap:label="Item Descr." sap:creatable="false" sap:updatable="false" sap:sortable="false" sap:filterable="false"/>
                <Property Name="Pstyv" Type="Edm.String" Nullable="false" MaxLength="4" sap:unicode="false" sap:label="Item category" sap:creatable="false" sap:updatable="false" sap:sortable="false" sap:filterable="false"/>
                <Property Name="Posar" Type="Edm.String" Nullable="false" MaxLength="1" sap:unicode="false" sap:label="Item Type" sap:creatable="false" sap:updatable="false" sap:sortable="false" sap:filterable="false"/>
                <Property Name="Lfrel" Type="Edm.Boolean" sap:unicode="false" sap:label="Item Del.f.Dlv." sap:creatable="false" sap:updatable="false" sap:sortable="false" sap:filterable="false"/>
                <Property Name="Fkrel" Type="Edm.String" Nullable="false" MaxLength="1" sap:unicode="false" sap:label="Relev.for Bill." sap:creatable="false" sap:updatable="false" sap:sortable="false" sap:filterable="false"/>
                <Property Name="Abgru" Type="Edm.String" Nullable="false" MaxLength="2" sap:unicode="false" sap:label="RejectionReason" sap:creatable="false" sap:updatable="false" sap:sortable="false" sap:filterable="false"/>
                <Property Name="Zmeng" Type="Edm.Decimal" Precision="13" Scale="3" sap:unicode="false" sap:unit="Zieme" sap:label="Target Quantity" sap:creatable="false" sap:updatable="false" sap:sortable="false" sap:filterable="false"/>
                <Property Name="Zieme" Type="Edm.String" Nullable="false" MaxLength="3" sap:unicode="false" sap:label="Target Qty UoM" sap:creatable="false" sap:updatable="false" sap:sortable="false" sap:filterable="false" sap:semantics="unit-of-measure"/>
                <Property Name="Optype" Type="Edm.String" Nullable="false" MaxLength="4" sap:unicode="false" sap:label="Operation Type" sap:creatable="false" sap:updatable="false" sap:sortable="false" sap:filterable="false"/>
                <Property Name="Optypet" Type="Edm.String" Nullable="false" MaxLength="40" sap:unicode="false" sap:label="Operation Type" sap:creatable="false" sap:updatable="false" sap:sortable="false" sap:filterable="false"/>
                <Property Name="Vstatu" Type="Edm.String" Nullable="false" MaxLength="6" sap:unicode="false" sap:label="Vehicle Status" sap:creatable="false" sap:updatable="false" sap:sortable="false" sap:filterable="false"/>
                <Property Name="Vstatut" Type="Edm.String" Nullable="false" MaxLength="40" sap:unicode="false" sap:label="Vehicle Status" sap:creatable="false" sap:updatable="false" sap:sortable="false" sap:filterable="false"/>
                <Property Name="Trguid" Type="Edm.Guid" sap:unicode="false" sap:label="Veh. Trf. GUID" sap:creatable="false" sap:updatable="false" sap:sortable="false" sap:filterable="false"/>
                <Property Name="Dvdealer" Type="Edm.String" Nullable="false" MaxLength="10" sap:unicode="false" sap:label="Owning Customer" sap:creatable="false" sap:updatable="false" sap:sortable="false" sap:filterable="false"/>
                <Property Name="Dvdealnam" Type="Edm.String" Nullable="false" MaxLength="35" sap:unicode="false" sap:label="Own. Cust. Name" sap:creatable="false" sap:updatable="false" sap:sortable="false" sap:filterable="false"/>
                <Property Name="Rqdealer" Type="Edm.String" Nullable="false" MaxLength="10" sap:unicode="false" sap:label="Req. Customer" sap:creatable="false" sap:updatable="false" sap:sortable="false" sap:filterable="false"/>
                <Property Name="Rqdealnam" Type="Edm.String" Nullable="false" MaxLength="35" sap:unicode="false" sap:label="Req. Cust. Name" sap:creatable="false" sap:updatable="false" sap:sortable="false" sap:filterable="false"/>
                <Property Name="Transstat" Type="Edm.String" Nullable="false" MaxLength="10" sap:unicode="false" sap:label="Vehi Trans Stat" sap:creatable="false" sap:updatable="false" sap:sortable="false" sap:filterable="false"/>
                <Property Name="Transstatt" Type="Edm.String" Nullable="false" MaxLength="20" sap:unicode="false" sap:label="Desc. TrStat." sap:creatable="false" sap:updatable="false" sap:sortable="false" sap:filterable="false"/>
                <Property Name="ImmDate" Type="Edm.DateTime" Precision="7" sap:unicode="false" sap:label="Initial Registn.Date" sap:creatable="false" sap:updatable="false" sap:sortable="false" sap:filterable="false"/>
            </EntityType>
            <EntityType Name="VehicleSaleItem" sap:content-version="1">
                <Key>
                    <PropertyRef Name="Kschl"/>
                </Key>
                <Property Name="Handle" Type="Edm.Guid" Nullable="false" sap:unicode="false" sap:label="GUID 16" sap:creatable="false" sap:updatable="false" sap:sortable="false" sap:filterable="false"/>
                <Property Name="Kschl" Type="Edm.String" Nullable="false" MaxLength="4" sap:unicode="false" sap:label="Condition type" sap:creatable="false" sap:updatable="false" sap:sortable="false" sap:filterable="false"/>
                <Property Name="KbetrInt" Type="Edm.Decimal" Nullable="false" Precision="12" Scale="3" sap:unicode="false" sap:unit="KoeinInt" sap:label="Amount" sap:creatable="false" sap:updatable="false" sap:sortable="false" sap:filterable="false"/>
                <Property Name="KbetrExt" Type="Edm.String" Nullable="false" MaxLength="16" sap:unicode="false" sap:label="Field of length 16" sap:creatable="false" sap:updatable="false" sap:sortable="false" sap:filterable="false"/>
                <Property Name="Koein" Type="Edm.String" Nullable="false" MaxLength="5" sap:unicode="false" sap:label="Unit" sap:creatable="false" sap:updatable="false" sap:sortable="false" sap:filterable="false" sap:semantics="currency-code"/>
                <Property Name="KoeinInt" Type="Edm.String" Nullable="false" MaxLength="5" sap:unicode="false" sap:label="Unit" sap:creatable="false" sap:updatable="false" sap:sortable="false" sap:filterable="false" sap:semantics="currency-code"/>
                <Property Name="Kpein" Type="Edm.Decimal" Nullable="false" Precision="5" Scale="0" sap:unicode="false" sap:label="Pricing Unit" sap:creatable="false" sap:updatable="false" sap:sortable="false" sap:filterable="false"/>
                <Property Name="Kmein" Type="Edm.String" Nullable="false" MaxLength="3" sap:unicode="false" sap:label="Condition Unit" sap:creatable="false" sap:updatable="false" sap:sortable="false" sap:filterable="false" sap:semantics="unit-of-measure"/>
                <Property Name="KwertInt" Type="Edm.Decimal" Nullable="false" Precision="14" Scale="3" sap:unicode="false" sap:unit="Waerk" sap:label="Condition Value" sap:creatable="false" sap:updatable="false" sap:sortable="false" sap:filterable="false"/>
                <Property Name="KwertExt" Type="Edm.String" Nullable="false" MaxLength="18" sap:unicode="false" sap:label="Field length 18" sap:creatable="false" sap:updatable="false" sap:sortable="false" sap:filterable="false"/>
                <Property Name="Waerk" Type="Edm.String" Nullable="false" MaxLength="5" sap:unicode="false" sap:label="Doc. Currency" sap:creatable="false" sap:updatable="false" sap:sortable="false" sap:filterable="false" sap:semantics="currency-code"/>
                <Property Name="Kumza" Type="Edm.Decimal" Nullable="false" Precision="5" Scale="0" sap:unicode="false" sap:label="Numer.for Conv." sap:creatable="false" sap:updatable="false" sap:sortable="false" sap:filterable="false"/>
                <Property Name="Kumne" Type="Edm.Decimal" Nullable="false" Precision="5" Scale="0" sap:unicode="false" sap:label="Den. for Conv." sap:creatable="false" sap:updatable="false" sap:sortable="false" sap:filterable="false"/>
                <Property Name="Meins" Type="Edm.String" Nullable="false" MaxLength="3" sap:unicode="false" sap:label="Base Unit" sap:creatable="false" sap:updatable="false" sap:sortable="false" sap:filterable="false" sap:semantics="unit-of-measure"/>
                <Property Name="Kmei1" Type="Edm.String" Nullable="false" MaxLength="3" sap:unicode="false" sap:label="Unit of Measure" sap:creatable="false" sap:updatable="false" sap:sortable="false" sap:filterable="false" sap:semantics="unit-of-measure"/>
                <Property Name="Kinak" Type="Edm.String" Nullable="false" MaxLength="1" sap:unicode="false" sap:label="Inactive" sap:creatable="false" sap:updatable="false" sap:sortable="false" sap:filterable="false"/>
                <Property Name="Selkz" Type="Edm.String" Nullable="false" MaxLength="1" sap:unicode="false" sap:label="Selection" sap:creatable="false" sap:updatable="false" sap:sortable="false" sap:filterable="false"/>
                <Property Name="KschlT" Type="Edm.String" Nullable="false" MaxLength="20" sap:unicode="false" sap:label="Description" sap:creatable="false" sap:updatable="false" sap:sortable="false" sap:filterable="false"/>
                <Property Name="KinakT" Type="Edm.String" Nullable="false" MaxLength="60" sap:unicode="false" sap:label="Description" sap:creatable="false" sap:updatable="false" sap:sortable="false" sap:filterable="false"/>
                <Property Name="KrechR" Type="Edm.String" Nullable="false" MaxLength="1" sap:unicode="false" sap:label="Calculat.Type" sap:creatable="false" sap:updatable="false" sap:sortable="false" sap:filterable="false"/>
                <Property Name="KrechT" Type="Edm.String" Nullable="false" MaxLength="30" sap:unicode="false" sap:label="Description" sap:creatable="false" sap:updatable="false" sap:sortable="false" sap:filterable="false"/>
                <Property Name="KntypR" Type="Edm.String" Nullable="false" MaxLength="1" sap:unicode="false" sap:label="Condit.Category" sap:creatable="false" sap:updatable="false" sap:sortable="false" sap:filterable="false"/>
                <Property Name="KntypT" Type="Edm.String" Nullable="false" MaxLength="30" sap:unicode="false" sap:label="Description" sap:creatable="false" sap:updatable="false" sap:sortable="false" sap:filterable="false"/>
                <Property Name="KsteuR" Type="Edm.String" Nullable="false" MaxLength="1" sap:unicode="false" sap:label="Cond.Control" sap:creatable="false" sap:updatable="false" sap:sortable="false" sap:filterable="false"/>
                <Property Name="KsteuT" Type="Edm.String" Nullable="false" MaxLength="30" sap:unicode="false" sap:label="Description" sap:creatable="false" sap:updatable="false" sap:sortable="false" sap:filterable="false"/>
                <Property Name="KherkR" Type="Edm.String" Nullable="false" MaxLength="1" sap:unicode="false" sap:label="Condit.Origin" sap:creatable="false" sap:updatable="false" sap:sortable="false" sap:filterable="false"/>
                <Property Name="KherkT" Type="Edm.String" Nullable="false" MaxLength="30" sap:unicode="false" sap:label="Description" sap:creatable="false" sap:updatable="false" sap:sortable="false" sap:filterable="false"/>
                <Property Name="KzbzgR" Type="Edm.String" Nullable="false" MaxLength="1" sap:unicode="false" sap:label="Scale Base Type" sap:creatable="false" sap:updatable="false" sap:sortable="false" sap:filterable="false"/>
                <Property Name="KzbzgT" Type="Edm.String" Nullable="false" MaxLength="30" sap:unicode="false" sap:label="Description" sap:creatable="false" sap:updatable="false" sap:sortable="false" sap:filterable="false"/>
                <Property Name="KoaidR" Type="Edm.String" Nullable="false" MaxLength="1" sap:unicode="false" sap:label="Condition Class" sap:creatable="false" sap:updatable="false" sap:sortable="false" sap:filterable="false"/>
                <Property Name="KoaidT" Type="Edm.String" Nullable="false" MaxLength="60" sap:unicode="false" sap:label="Short text" sap:creatable="false" sap:updatable="false" sap:sortable="false" sap:filterable="false"/>
                <Property Name="Kmprs" Type="Edm.Boolean" Nullable="false" sap:unicode="false" sap:label="Changed Manual." sap:creatable="false" sap:updatable="false" sap:sortable="false" sap:filterable="false"/>
                <Property Name="KnumaBo" Type="Edm.String" Nullable="false" MaxLength="10" sap:unicode="false" sap:label="Agreement" sap:creatable="false" sap:updatable="false" sap:sortable="false" sap:filterable="false"/>
                <Property Name="Kdatu" Type="Edm.DateTime" Nullable="false" Precision="7" sap:unicode="false" sap:label="CondPricingDate" sap:creatable="false" sap:updatable="false" sap:sortable="false" sap:filterable="false"/>
                <Property Name="Kstat" Type="Edm.Boolean" Nullable="false" sap:unicode="false" sap:label="Statistical" sap:creatable="false" sap:updatable="false" sap:sortable="false" sap:filterable="false"/>
                <Property Name="KwertK" Type="Edm.Decimal" Nullable="false" Precision="14" Scale="3" sap:unicode="false" sap:unit="Kwaeh" sap:label="Condition Value" sap:creatable="false" sap:updatable="false" sap:sortable="false" sap:filterable="false"/>
                <Property Name="Kwaeh" Type="Edm.String" Nullable="false" MaxLength="5" sap:unicode="false" sap:label="Cond. Currency" sap:creatable="false" sap:updatable="false" sap:sortable="false" sap:filterable="false" sap:semantics="currency-code"/>
                <Property Name="Awei1" Type="Edm.String" Nullable="false" MaxLength="5" sap:unicode="false" sap:label="Unit" sap:creatable="false" sap:updatable="false" sap:sortable="false" sap:filterable="false" sap:semantics="currency-code"/>
                <Property Name="Awein" Type="Edm.String" Nullable="false" MaxLength="5" sap:unicode="false" sap:label="Unit" sap:creatable="false" sap:updatable="false" sap:sortable="false" sap:filterable="false" sap:semantics="currency-code"/>
                <Property Name="Kawrt" Type="Edm.Decimal" Nullable="false" Precision="16" Scale="3" sap:unicode="false" sap:unit="Awei1" sap:label="Cond.Basis" sap:creatable="false" sap:updatable="false" sap:sortable="false" sap:filterable="false"/>
            </EntityType>
            <EntityContainer Name="ZOTC_VEHICLE_SDETAIL_SRV_Entities" m:IsDefaultEntityContainer="true" sap:supported-formats="atom json xlsx">
                <EntitySet Name="VehicleSalesHSet" EntityType="ZOTC_VEHICLE_SDETAIL_SRV.VehicleSalesH" sap:creatable="false" sap:updatable="false" sap:deletable="false" sap:pageable="false" sap:content-version="1"/>
                <EntitySet Name="VehicleSaleItemSet" EntityType="ZOTC_VEHICLE_SDETAIL_SRV.VehicleSaleItem" sap:creatable="false" sap:updatable="false" sap:deletable="false" sap:pageable="false" sap:content-version="1"/>
            </EntityContainer>
            <atom:link
                xmlns:atom="http://www.w3.org/2005/Atom" rel="self" href="./sap/ZOTC_VEHICLE_SDETAIL_SRV/$metadata"/>
                <atom:link
                    xmlns:atom="http://www.w3.org/2005/Atom" rel="latest-version" href="./sap/ZOTC_VEHICLE_SDETAIL_SRV/$metadata"/>
                </Schema>
            </edmx:DataServices>
        </edmx:Edmx>