<core:FragmentDefinition xmlns="sap.m" xmlns:core="sap.ui.core">
	<Dialog id="atdaRosterDialogue" title="{i18n>rosterTitle}"
		class="sapUiSizeCompact dialog">
		<IconTabBar id="idAtdaRosterIconTabBar" select="atdaHandleIconTabBarSelect"
			class="clsITBarCls">
			<items>
				<IconTabFilter text="{i18n>rosterNoTabText}" key="{i18n>rosterNoTabText}">
					<Toolbar class="toolbarBottomBorderCls">
						<SearchField width="100%" class="sapUiSmallMargin searchFieldCls" liveChange="onAtdaRosterNoDescSearch" id="dialoguAtdaRosterNoDescSearch"
							placeholder="{i18n>rosterNoPlaceHolder}" search="onAtdaRosterSearch"/>
					</Toolbar>
					<Table id="atdaRosterNoDescTabTable" items="{path: 'atdaRosterNoDescModelData>/results'}" includeItemInSelection="true"
						class="tableCls" visible="false" growing="true" growingThreshold="20" growingScrollToLoad="true">
						<columns>
							<Column>
								<Label text="{i18n>rosterNoColumnLabel}" design="Bold"/>
							</Column>
							<Column>
								<VBox>
									<Label text="{i18n>rosterColumnLabel}" design="Bold"/>
									<Label text="{i18n>descColumnLabel}" design="Bold"/>
								</VBox>
							</Column>
							<Column>
								<Label text="{i18n>unionColumnLabel}" design="Bold"/>
							</Column>
							<Column>
								<Label text="{i18n>deptColumnLabel}" design="Bold"/>
							</Column>
							<Column visible="false">
								<Label text="{i18n>statusColumnLabel}" design="Bold"/>
							</Column>
						</columns>
						<items>
							<ColumnListItem press="onAtdaRosterDataSubmit" type="Active">
								<cells>
									<Text text="{atdaRosterNoDescModelData>RosterNo}" class="textColor"/>
									<Text text="{atdaRosterNoDescModelData>RostDesc}" class="textColor"/>
									<Text text="{atdaRosterNoDescModelData>Union}" class="textColor"/>
									<Text text="{atdaRosterNoDescModelData>Department}" class="textColor"/>
									<Text text="{atdaRosterNoDescModelData>Status}" class="textColor"/>
								</cells>
							</ColumnListItem>
						</items>
					</Table>
				</IconTabFilter>
				<IconTabFilter text="{i18n>deptTabText}" key="{i18n>deptTabText}">
					<Toolbar class="toolbarBottomBorderCls">
						<SearchField width="100%" class="sapUiSmallMargin searchFieldCls" liveChange="onAtdaDeptSearch" id="dialoguAtdaDeptSearch"
							placeholder="{i18n>deptSrchPlaceHolder}" search="onAtdaRosterSearch"/>
					</Toolbar>
					<Table id="atdaDeptTabTable" items="{path: 'atdaDeptModelData>/results'}" includeItemInSelection="true"
						class="tableCls" growing="true" growingThreshold="20" growingScrollToLoad="true" visible="false">
						<columns>
							<Column>
								<Label text="{i18n>rosterNoColumnLabel}" design="Bold"/>
							</Column>
							<Column>
								<VBox>
									<Label text="{i18n>rosterColumnLabel}" design="Bold"/>
									<Label text="{i18n>descColumnLabel}" design="Bold"/>
								</VBox>
							</Column>
							<Column>
								<Label text="{i18n>unionColumnLabel}" design="Bold"/>
							</Column>
							<Column>
								<Label text="{i18n>deptColumnLabel}" design="Bold"/>
							</Column>
							<Column visible="false">
								<Label text="{i18n>statusColumnLabel}" design="Bold"/>
							</Column>
						</columns>
						<items>
							<ColumnListItem press="onAtdaRosterDataSubmit" type="Active">
								<cells>
									<Text text="{atdaDeptModelData>RosterNo}" class="textColor"/>
									<Text text="{atdaDeptModelData>RostDesc}" class="textColor"/>
									<Text text="{atdaDeptModelData>Union}" class="textColor"/>
									<Text text="{atdaDeptModelData>Department}" class="textColor"/>
									<Text text="{atdaDeptModelData>Status}" class="textColor"/>
								</cells>
							</ColumnListItem>
						</items>
					</Table>
				</IconTabFilter>
				<IconTabFilter text="{i18n>empIdNameTabText}" key="{i18n>empIdNameTabText}">
					<Toolbar class="toolbarBottomBorderCls">
						<SearchField width="100%" class="sapUiSmallMargin searchFieldCls" liveChange="onAtdaEmpIdNameSearch" id="dialoguAtdaEmpIdNameSearch"
							placeholder="{i18n>empIdSrchPlaceHolder}" search="onAtdaRosterSearch"/>
					</Toolbar>
					<Table id="atdaEmpIdNameTabTable" items="{path:'atdaEmpIdNameModelData>/results'}" includeItemInSelection="true"
						class="tableCls" growing="true" growingThreshold="20" growingScrollToLoad="true" visible="false">
						<columns>
							<Column>
								<Label text="{i18n>rosterNoColumnLabel}" design="Bold"/>
							</Column>
							<Column>
								<VBox>
									<Label text="{i18n>rosterColumnLabel}" design="Bold"/>
									<Label text="{i18n>descColumnLabel}" design="Bold"/>
								</VBox>
							</Column>
							<Column>
								<Label text="{i18n>unionColumnLabel}" design="Bold"/>
							</Column>
							<Column>
								<Label text="{i18n>deptColumnLabel}" design="Bold"/>
							</Column>
							<Column visible="false">
								<Label text="{i18n>statusColumnLabel}" design="Bold"/>
							</Column>
						</columns>
						<items>
							<ColumnListItem press="onAtdaRosterDataSubmit" type="Active">
								<cells>
									<Text text="{atdaEmpIdNameModelData>RosterNo}" class="textColor"/>
									<Text text="{atdaEmpIdNameModelData>RostDesc}" class="textColor"/>
									<Text text="{atdaEmpIdNameModelData>Union}" class="textColor"/>
									<Text text="{atdaEmpIdNameModelData>Department}" class="textColor"/>
									<Text text="{atdaEmpIdNameModelData>Status}" class="textColor"/>
								</cells>
							</ColumnListItem>
						</items>
					</Table>
				</IconTabFilter>
			</items>
		</IconTabBar>
		<endButton>
			<Button text="{i18n>cancel}" press="onAtdaRosterDialogCancel" class="clsBtnColorYellowRed"/>
		</endButton>
	</Dialog>
</core:FragmentDefinition>