<core:FragmentDefinition xmlns="sap.m" xmlns:core="sap.ui.core">
	<Dialog id="divDialogId" title="{i18n>divTitle}" class="sapUiSizeCompact dialog">
		<Toolbar class="toolBarBottomCls">
			<SearchField width="100%" class="sapUiSmallMargin searchFieldCls" search="onDivDialogSearch" id="divDialogSearchId"
				placeholder="{i18n>enterDivPlaceHolder}"/>
		</Toolbar>
		<Table id="divDialogTableId" width="auto" items="{path:'divModelData>/results'}"
			class="sapUiResponsiveMargin tableCls" includeItemInSelection="true" mode="SingleSelectLeft">
			<columns>
				<Column>
					<Label text="{i18n>divColumnHeader}" design="Bold"/>
				</Column>
				<Column>
					<Label text="{i18n>descColumnLabel}" design="Bold"/>
				</Column>
			</columns>
			<items>
				<ColumnListItem>
					<cells>
						<Text text="{divModelData>EmpNo}" class="textColor"/>
						<Text text="{divModelData>EmpName}" class="textColor"/>
					</cells>
				</ColumnListItem>
			</items>
		</Table>
		<endButton>
			<Button text="{i18n>save}" press="onDivDialogSave" class="clsBtnColorYellowGreen"/>
			<Button text="{i18n>cancel}" press="onDivDialogCancel" class="clsBtnColorYellowRed"/>
		</endButton>
	</Dialog>
</core:FragmentDefinition>