<core:FragmentDefinition xmlns="sap.m" xmlns:core="sap.ui.core">
	<Dialog id="mechRosterDialogue" title="{i18n>rosterTitle}" class="sapUiSizeCompact dialog">
		<IconTabBar id="idMechRosterIconTabBar" select="mechHandleIconTabBarSelect" class="clsITBarCls">
			<items>
				<IconTabFilter text="{i18n>rosterNoTabText}" key="{i18n>rosterNoTabText}">
					<Toolbar class="toolbarBottomBorderCls">
						<SearchField width="100%" class="sapUiSmallMargin searchFieldCls" liveChange="onMechRosterNoDescSearch" id="dialoguMechRosterNoDescSearch"
							placeholder="{i18n>rosterNoPlaceHolder}" search="onMechRosterSearch"/>
					</Toolbar>
					<Table id="mechRosterNoDescTabTable" items="{path: 'mechRosterNoDescModelData>/results'}" includeItemInSelection="true" class="tableCls"
						visible="false" growing="true" growingThreshold="20" growingScrollToLoad="true">
						<columns>
							<Column width="18%">
								<Label text="{i18n>rosterNoColumnLabel}" design="Bold"/>
							</Column>
							<Column width="18%">
								<VBox>
									<Label text="{i18n>rosterColumnLabel}" design="Bold"/>
									<Label text="{i18n>descColumnLabel}" design="Bold"/>
								</VBox>
							</Column>
							<Column>
								<Label text="{i18n>unionColumnLabel}" design="Bold"/>
							</Column>
							<Column>
								<Label text="{i18n>craftColumnLabel}" design="Bold"/>
							</Column>
							<Column>
								<Label text="{i18n>territoryColumnLabel}" design="Bold"/>
							</Column>
							<Column>
								<Label text="{i18n>cityColumnLabel}" design="Bold"/>
							</Column>
							<Column>
								<Label text="{i18n>stateColumnLabel}" design="Bold"/>
							</Column>
							<Column visible="false">
								<Label text="{i18n>statusColumnLabel}" design="Bold"/>
							</Column>
						</columns>
						<items>
							<ColumnListItem press="onMechRosterDataSubmit" type="Active">
								<cells>
									<Text text="{mechRosterNoDescModelData>RosterNo}" class="textColor"/>
									<Text text="{mechRosterNoDescModelData>RostDesc}" class="textColor"/>
									<Text text="{mechRosterNoDescModelData>Union}" class="textColor"/>
									<Text text="{mechRosterNoDescModelData>CraftType}" class="textColor"/>
									<Text text="{mechRosterNoDescModelData>Territory}" class="textColor"/>
									<Text text="{mechRosterNoDescModelData>City}" class="textColor"/>
									<Text text="{mechRosterNoDescModelData>State}" class="textColor"/>
									<Text text="{mechRosterNoDescModelData>Status}" class="textColor"/>
								</cells>
							</ColumnListItem>
						</items>
					</Table>
				</IconTabFilter>
				<IconTabFilter text="{i18n>unionTabText}" key="{i18n>unionTabText}">
					<Toolbar class="toolbarBottomBorderCls">
						<ComboBox showSecondaryValues="true" items="{path:'mechUnionDropDownData>/results'}" id="mechUnionDropDown" loadItems="onUnionDropDown"
							change="onMechUnionSelectionChange" width="60%" placeholder="{i18n>selUnion}" class="comboCls">
							<core:ListItem key="{mechUnionDropDownData>Description}" text="{mechUnionDropDownData>Value}"
								additionalText="{mechUnionDropDownData>Description}"/>
						</ComboBox>
					</Toolbar>
					<Table id="mechUnionTabTable" items="{path: 'mechUnionModelData>/results'}" includeItemInSelection="true" class="tableCls" visible="false"
						growing="true" growingThreshold="20" growingScrollToLoad="true">
						<columns>
							<Column width="18%">
								<Label text="{i18n>rosterNoColumnLabel}" design="Bold"/>
							</Column>
							<Column width="18%">
								<VBox>
									<Label text="{i18n>rosterColumnLabel}" design="Bold"/>
									<Label text="{i18n>descColumnLabel}" design="Bold"/>
								</VBox>
							</Column>
							<Column>
								<Label text="{i18n>unionColumnLabel}" design="Bold"/>
							</Column>
							<Column>
								<Label text="{i18n>craftColumnLabel}" design="Bold"/>
							</Column>
							<Column>
								<Label text="{i18n>territoryColumnLabel}" design="Bold"/>
							</Column>
							<Column>
								<Label text="{i18n>cityColumnLabel}" design="Bold"/>
							</Column>
							<Column>
								<Label text="{i18n>stateColumnLabel}" design="Bold"/>
							</Column>
							<Column visible="false">
								<Label text="{i18n>statusColumnLabel}" design="Bold"/>
							</Column>
						</columns>
						<items>
							<ColumnListItem press="onMechRosterDataSubmit" type="Active">
								<cells>
									<Text text="{mechUnionModelData>RosterNo}" class="textColor"/>
									<Text text="{mechUnionModelData>RostDesc}" class="textColor"/>
									<Text text="{mechUnionModelData>Union}" class="textColor"/>
									<Text text="{mechUnionModelData>CraftType}" class="textColor"/>
									<Text text="{mechUnionModelData>Territory}" class="textColor"/>
									<Text text="{mechUnionModelData>City}" class="textColor"/>
									<Text text="{mechUnionModelData>State}" class="textColor"/>
									<Text text="{mechUnionModelData>Status}" class="textColor"/>
								</cells>
							</ColumnListItem>
						</items>
					</Table>
				</IconTabFilter>
				<IconTabFilter text="{i18n>craftTabText}" key="{i18n>craftTabText}">
					<Toolbar class="toolbarBottomBorderCls">
						<ComboBox showSecondaryValues="true" items="{path:'mechCraftDropDownData>/results'}" id="mechCraftDropDown" loadItems="onCraftDropDown"
							change="onCraftSelectionChange" width="60%" placeholder="{i18n>selCraft}" class="comboCls">
							<core:ListItem key="{mechCraftDropDownData>Description}" text="{mechCraftDropDownData>Value}"
								additionalText="{mechCraftDropDownData>Description}"/>
						</ComboBox>
					</Toolbar>
					<Table id="mechCraftTabTable" items="{path: 'mechCraftModelData>/results'}" includeItemInSelection="true" class="tableCls" visible="false"
						growing="true" growingThreshold="20" growingScrollToLoad="true">
						<columns>
							<Column width="18%">
								<Label text="{i18n>rosterNoColumnLabel}" design="Bold"/>
							</Column>
							<Column width="18%">
								<VBox>
									<Label text="{i18n>rosterColumnLabel}" design="Bold"/>
									<Label text="{i18n>descColumnLabel}" design="Bold"/>
								</VBox>
							</Column>
							<Column>
								<Label text="{i18n>unionColumnLabel}" design="Bold"/>
							</Column>
							<Column>
								<Label text="{i18n>craftColumnLabel}" design="Bold"/>
							</Column>
							<Column>
								<Label text="{i18n>territoryColumnLabel}" design="Bold"/>
							</Column>
							<Column>
								<Label text="{i18n>cityColumnLabel}" design="Bold"/>
							</Column>
							<Column>
								<Label text="{i18n>stateColumnLabel}" design="Bold"/>
							</Column>
							<Column visible="false">
								<Label text="{i18n>statusColumnLabel}" design="Bold"/>
							</Column>
						</columns>
						<items>
							<ColumnListItem press="onMechRosterDataSubmit" type="Active">
								<cells>
									<Text text="{mechCraftModelData>RosterNo}" class="textColor"/>
									<Text text="{mechCraftModelData>RostDesc}" class="textColor"/>
									<Text text="{mechCraftModelData>Union}" class="textColor"/>
									<Text text="{mechCraftModelData>CraftType}" class="textColor"/>
									<Text text="{mechCraftModelData>Territory}" class="textColor"/>
									<Text text="{mechCraftModelData>City}" class="textColor"/>
									<Text text="{mechCraftModelData>State}" class="textColor"/>
									<Text text="{mechCraftModelData>Status}" class="textColor"/>
								</cells>
							</ColumnListItem>
						</items>
					</Table>
				</IconTabFilter>
				<IconTabFilter text="{i18n>territoryTabText}" key="{i18n>territoryTabText}">
					<Toolbar class="toolbarBottomBorderCls">
						<ComboBox showSecondaryValues="true" items="{path:'mechTerritoryDropDownData>/results'}" id="mechTerritoryDropDown"
							loadItems="onTerritoryDropDown" change="onMechTerritorySelectionChange" width="60%" placeholder="{i18n>selTerritory}" class="comboCls">
							<core:ListItem key="{mechTerritoryDropDownData>Description}" text="{mechTerritoryDropDownData>Value}"
								additionalText="{mechTerritoryDropDownData>Description}"/>
						</ComboBox>
					</Toolbar>
					<Table id="mechTerritoryTabTable" items="{path: 'mechTerritoryModelData>/results'}" includeItemInSelection="true" class="tableCls"
						visible="false" growing="true" growingThreshold="20" growingScrollToLoad="true">
						<columns>
							<Column width="18%">
								<Label text="{i18n>rosterNoColumnLabel}" design="Bold"/>
							</Column>
							<Column width="18%">
								<VBox>
									<Label text="{i18n>rosterColumnLabel}" design="Bold"/>
									<Label text="{i18n>descColumnLabel}" design="Bold"/>
								</VBox>
							</Column>
							<Column>
								<Label text="{i18n>unionColumnLabel}" design="Bold"/>
							</Column>
							<Column>
								<Label text="{i18n>craftColumnLabel}" design="Bold"/>
							</Column>
							<Column>
								<Label text="{i18n>territoryColumnLabel}" design="Bold"/>
							</Column>
							<Column>
								<Label text="{i18n>cityColumnLabel}" design="Bold"/>
							</Column>
							<Column>
								<Label text="{i18n>stateColumnLabel}" design="Bold"/>
							</Column>
							<Column visible="false">
								<Label text="{i18n>statusColumnLabel}" design="Bold"/>
							</Column>
						</columns>
						<items>
							<ColumnListItem press="onMechRosterDataSubmit" type="Active">
								<cells>
									<Text text="{mechTerritoryModelData>RosterNo}" class="textColor"/>
									<Text text="{mechTerritoryModelData>RostDesc}" class="textColor"/>
									<Text text="{mechTerritoryModelData>Union}" class="textColor"/>
									<Text text="{mechTerritoryModelData>CraftType}" class="textColor"/>
									<Text text="{mechTerritoryModelData>Territory}" class="textColor"/>
									<Text text="{mechTerritoryModelData>City}" class="textColor"/>
									<Text text="{mechTerritoryModelData>State}" class="textColor"/>
									<Text text="{mechTerritoryModelData>Status}" class="textColor"/>
								</cells>
							</ColumnListItem>
						</items>
					</Table>
				</IconTabFilter>
				<IconTabFilter text="{i18n>cityTabText}" key="{i18n>cityTabText}">
					<Toolbar class="toolbarBottomBorderCls">
						<SearchField width="100%" class="sapUiSmallMargin searchFieldCls" liveChange="onMechCitySearch" id="dialoguMechCitySearch"
							placeholder="{i18n>cityPlaceHolder}" search="onMechRosterSearch"/>
					</Toolbar>
					<Table id="mechCityTabTable" items="{path: 'mechRosterCityModelData>/results'}" includeItemInSelection="true" class="tableCls"
						visible="false" growing="true" growingThreshold="20" growingScrollToLoad="true">
						<columns>
							<Column width="18%">
								<Label text="{i18n>rosterNoColumnLabel}" design="Bold"/>
							</Column>
							<Column width="18%">
								<VBox>
									<Label text="{i18n>rosterColumnLabel}" design="Bold"/>
									<Label text="{i18n>descColumnLabel}" design="Bold"/>
								</VBox>
							</Column>
							<Column>
								<Label text="{i18n>unionColumnLabel}" design="Bold"/>
							</Column>
							<Column>
								<Label text="{i18n>craftColumnLabel}" design="Bold"/>
							</Column>
							<Column>
								<Label text="{i18n>territoryColumnLabel}" design="Bold"/>
							</Column>
							<Column>
								<Label text="{i18n>cityColumnLabel}" design="Bold"/>
							</Column>
							<Column>
								<Label text="{i18n>stateColumnLabel}" design="Bold"/>
							</Column>
							<Column visible="false">
								<Label text="{i18n>statusColumnLabel}" design="Bold"/>
							</Column>
						</columns>
						<items>
							<ColumnListItem press="onMechRosterDataSubmit" type="Active">
								<cells>
									<Text text="{mechRosterCityModelData>RosterNo}" class="textColor"/>
									<Text text="{mechRosterCityModelData>RostDesc}" class="textColor"/>
									<Text text="{mechRosterCityModelData>Union}" class="textColor"/>
									<Text text="{mechRosterCityModelData>CraftType}" class="textColor"/>
									<Text text="{mechRosterCityModelData>Territory}" class="textColor"/>
									<Text text="{mechRosterCityModelData>City}" class="textColor"/>
									<Text text="{mechRosterCityModelData>State}" class="textColor"/>
									<Text text="{mechRosterCityModelData>Status}" class="textColor"/>
								</cells>
							</ColumnListItem>
						</items>
					</Table>
				</IconTabFilter>
				<IconTabFilter text="{i18n>stateTabText}" key="{i18n>stateTabText}">
					<Toolbar class="toolbarBottomBorderCls">
						<ComboBox showSecondaryValues="true" items="{path:'mechStateDropDownData>/results'}" id="mechStateDropDown" loadItems="onStateDropDown"
							change="onMechStateSelectionChange" width="60%" placeholder="{i18n>selState}" class="comboCls">
							<core:ListItem key="{mechStateDropDownData>Description}" text="{mechStateDropDownData>Value}"
								additionalText="{mechStateDropDownData>Description}"/>
						</ComboBox>
					</Toolbar>
					<Table id="mechStateTabTable" items="{path: 'mechStateModelData>/results'}" includeItemInSelection="true" class="tableCls" visible="false"
						growing="true" growingThreshold="20" growingScrollToLoad="true">
						<columns>
							<Column width="18%">
								<Label text="{i18n>rosterNoColumnLabel}" design="Bold"/>
							</Column>
							<Column width="18%">
								<VBox>
									<Label text="{i18n>rosterColumnLabel}" design="Bold"/>
									<Label text="{i18n>descColumnLabel}" design="Bold"/>
								</VBox>
							</Column>
							<Column>
								<Label text="{i18n>unionColumnLabel}" design="Bold"/>
							</Column>
							<Column>
								<Label text="{i18n>craftColumnLabel}" design="Bold"/>
							</Column>
							<Column>
								<Label text="{i18n>territoryColumnLabel}" design="Bold"/>
							</Column>
							<Column>
								<Label text="{i18n>cityColumnLabel}" design="Bold"/>
							</Column>
							<Column>
								<Label text="{i18n>stateColumnLabel}" design="Bold"/>
							</Column>
							<Column visible="false">
								<Label text="{i18n>statusColumnLabel}" design="Bold"/>
							</Column>
						</columns>
						<items>
							<ColumnListItem press="onMechRosterDataSubmit" type="Active">
								<cells>
									<Text text="{mechStateModelData>RosterNo}" class="textColor"/>
									<Text text="{mechStateModelData>RostDesc}" class="textColor"/>
									<Text text="{mechStateModelData>Union}" class="textColor"/>
									<Text text="{mechStateModelData>CraftType}" class="textColor"/>
									<Text text="{mechStateModelData>Territory}" class="textColor"/>
									<Text text="{mechStateModelData>City}" class="textColor"/>
									<Text text="{mechStateModelData>State}" class="textColor"/>
									<Text text="{mechStateModelData>Status}" class="textColor"/>
								</cells>
							</ColumnListItem>
						</items>
					</Table>
				</IconTabFilter>
				<IconTabFilter text="{i18n>empIdNameTabText}" key="{i18n>empIdNameTabText}">
					<Toolbar class="toolbarBottomBorderCls">
						<SearchField width="100%" class="sapUiSmallMargin searchFieldCls" liveChange="onMechEmpIdNameSearch" id="dialoguMechEmpIdNameSearch"
							placeholder="{i18n>empIdSrchPlaceHolder}" search="onMechRosterSearch"/>
					</Toolbar>
					<Table id="mechEmpIdNameTabTable" items="{path:'mechRosterEmpIdNameModelData>/results'}" includeItemInSelection="true" class="tableCls"
						growing="true" growingThreshold="20" growingScrollToLoad="true" visible="false">
						<columns>
							<Column width="18%">
								<Label text="{i18n>rosterNoColumnLabel}" design="Bold"/>
							</Column>
							<Column width="18%">
								<VBox>
									<Label text="{i18n>rosterColumnLabel}" design="Bold"/>
									<Label text="{i18n>descColumnLabel}" design="Bold"/>
								</VBox>
							</Column>
							<Column>
								<Label text="{i18n>unionColumnLabel}" design="Bold"/>
							</Column>
							<Column>
								<Label text="{i18n>craftColumnLabel}" design="Bold"/>
							</Column>
							<Column>
								<Label text="{i18n>territoryColumnLabel}" design="Bold"/>
							</Column>
							<Column>
								<Label text="{i18n>cityColumnLabel}" design="Bold"/>
							</Column>
							<Column>
								<Label text="{i18n>stateColumnLabel}" design="Bold"/>
							</Column>
							<Column visible="false">
								<Label text="{i18n>statusColumnLabel}" design="Bold"/>
							</Column>
						</columns>
						<items>
							<ColumnListItem press="onMechRosterDataSubmit" type="Active">
								<cells>
									<Text text="{mechRosterEmpIdNameModelData>RosterNo}" class="textColor"/>
									<Text text="{mechRosterEmpIdNameModelData>RostDesc}" class="textColor"/>
									<Text text="{mechRosterEmpIdNameModelData>Union}" class="textColor"/>
									<Text text="{mechRosterEmpIdNameModelData>CraftType}" class="textColor"/>
									<Text text="{mechRosterEmpIdNameModelData>Territory}" class="textColor"/>
									<Text text="{mechRosterEmpIdNameModelData>City}" class="textColor"/>
									<Text text="{mechRosterEmpIdNameModelData>State}" class="textColor"/>
									<Text text="{mechRosterEmpIdNameModelData>Status}" class="textColor"/>
								</cells>
							</ColumnListItem>
						</items>
					</Table>
				</IconTabFilter>
			</items>
		</IconTabBar>
		<endButton>
			<Button text="{i18n>cancel}" press="onMechRosterDialogueCancel" class="clsBtnColorYellowRed"/>
		</endButton>
	</Dialog>
</core:FragmentDefinition>