<core:FragmentDefinition xmlns="sap.m" xmlns:core="sap.ui.core">
	<Dialog id="qualDialogue" title="{i18n>qualDialogTitle}" class="sapUiSizeCompact dialog">
		<Toolbar class="toolbarBottomBorderCls">
			<SearchField width="100%" class="sapUiSmallMargin searchFieldCls" liveChange="onQualTableFilter" search="onQualSearch" id="qualSearch"
				placeholder="{i18n>enterQualorDesc}"/>
		</Toolbar>
		<Table id="qualMaintenanceTable1" width="auto" growing="true" growingThreshold="50" growingScrollToLoad="false"
			items="{path:'oQualData>/results'}" class="sapUiResponsiveMargin tableCls" includeItemInSelection="true">
			<columns>
				<Column>
					<Label text="{i18n>qualColumnLabel}" design="Bold"/>
				</Column>
				<Column>
					<Label text="{i18n>descColumnLabel}" design="Bold"/>
				</Column>
				<Column >
					<Label text="ID" design="Bold"/>
				</Column>
			</columns>
			<items>
				<ColumnListItem press="onQualSubmit" type="Active">
					<cells>
						<Text text="{oQualData>Qualification}" class="textColor"/>
						<Text text="{oQualData>QualDesc}" class="textColor"/>
						<Text text="{oQualData>QualId}" class="textColor"/>
					</cells>
				</ColumnListItem>
			</items>
		</Table>
		<beginButton>
			<Button visible="false" text="{i18n>submit}" press="onQualSubmit" class="clsBtnColorYellowGreen"/>
		</beginButton>
		<endButton>
			<Button text="{i18n>cancel}" press="onQualCancel" class="clsBtnColorYellowRed"/>
		</endButton>
	</Dialog>
</core:FragmentDefinition>