<core:FragmentDefinition xmlns="sap.m" xmlns:core="sap.ui.core" xmlns:l="sap.ui.layout" xmlns:f="sap.ui.layout.form">
	<Dialog  title="{i18n>eTitle}" class="sapUiSizeCompact dialog">
		<f:SimpleForm  singleContainerFullSize="true" columnsM="1" columnsL="1" columnsXL="2" emptySpanS="2" emptySpanM="2"
			emptySpanL="2" emptySpanXL="6" adjustLabelSpan="true" labelSpanS="4" labelSpanM="4" labelSpanL="4" labelSpanXL="4"
			layout="ResponsiveGridLayout" editable="true" class="FormTitleHeight">
			<f:content>
				<Label text="{i18n>qual}" design="Bold" class="clsLabelColor"/>
				<Input id="endQual" class="clsTxtColor inpBaseBg inpIconColor" enabled="false"></Input>
				<Label text="{i18n>enddate}" design="Bold" class="clsLabelColor"></Label>
				<DatePicker width="100%" id="qualEndDate" displayFormat="MM/dd/yyyy" placeholder="{i18n>senDatePlaceHolder}" valueFormat="yyyyMMdd"
					change="onEndDateChange" enabled="true" class="datePickerCls"></DatePicker>
			</f:content>
		</f:SimpleForm>
		<beginButton>
			<Button text="{i18n>update}" press="onUpdateEndDate" class="clsBtnColorYellowGreen"/>
		</beginButton>
		<endButton>
			<Button text="{i18n>cancel}" press="onEndDateCancel" class="clsBtnColorYellowRed"/>
		</endButton>
	</Dialog>
</core:FragmentDefinition>