{
  "projectType": [
    "sap.watt.uitools.ide.fiori",
    "com.watt.common.builder.sapui5clientbuild",
    "com.sap.webide.hybrid.cordova"
  ],
  "generation": [
    {
      "templateId": "ui5template.basicSAPUI5ApplicationProjectCommon",
      "templateVersion": "1.32.0",
      "dateTimeStamp": "Fri, 02 Mar 2018 12:59:32 GMT"
    },
    {
      "templateId": "ui5template.basicSAPUI5ApplicationProject",
      "templateVersion": "1.40.12",
      "dateTimeStamp": "Fri, 02 Mar 2018 12:59:34 GMT"
    }
  ],
  "translation": {
    "translationDomain": "",
    "supportedLanguages": "en,fr,de",
    "defaultLanguage": "en",
    "defaultI18NPropertyFile": "i18n.properties",
    "resourceModelName": "i18n"
  },
  "basevalidator": {
    "services": {
      "xml": "fioriXmlAnalysis",
      "js": "fioriJsValidator"
    }
  },
  "codeCheckingTriggers": {
    "notifyBeforePush": true,
    "notifyBeforePushLevel": "Error",
    "blockPush": false,
    "blockPushLevel": "Error"
  },
  "build": {
    "buildRequired": true,
    "sourceFolder": "webapp",
    "targetFolder": "dist",
    "excludedFolders": [],
    "excludedFiles": [],
    "lastBuildDateTime": "Tue, 06 Mar 2018 11:44:29 GMT"
  },
  "hybrid": {
    "hatVersion": "1.28.8",
    "appNamespace": "BarCode",
    "FacadeConfig": {
      "cordova-plugin-device-orientation": false,
      "accelerometer": {},
      "compass": {},
      "bFacade": true
    }
  },
  "hcpdeploy": {
    "account": "p1941735982trial",
    "name": "barcode",
    "lastVersionWeTriedToDeploy": "1.0.6"
  }
}