<core:FragmentDefinition xmlns="sap.m" xmlns:core="sap.ui.core">
	<Dialog title="Bulletin Comments" class="sapUiSizeCompact dialog" contentWidth="34rem">
		<VBox>
			<TextArea change="onInpChange" enabled="{viewModel>/enabled}" width="100%" height="300px" liveChange="onEngBullChan"
				class="sapUiSmallMarginBegin" value="{oDataModel>/BullComm}"/>
		</VBox>
		<endButton>
			<Button text="{i18n>ok}" press="onBullCommentCancel" type="Accept" class="clsBtnColorYellowGreen" width="20%"/>
		</endButton>
		<!--<endButton>-->
		<!--	<Button text="{i18n>cancel}" press="onBullCommentCancel" type="Reject" class="clsBtnColorYellowRed" width="25%"/>-->
		<!--</endButton>-->
	</Dialog>
</core:FragmentDefinition>