<core:FragmentDefinition xmlns="sap.m" xmlns:l="sap.ui.layout" xmlns:f="sap.ui.layout.form" xmlns:core="sap.ui.core">
	<Panel class="DatesPanel">
		<f:SimpleForm editable="true" layout="ResponsiveGridLayout" labelSpanXL="4" labelSpanL="4" labelSpanM="4" labelSpanS="1"
			adjustLabelSpan="false" emptySpanXL="2" emptySpanL="2" emptySpanM="2" emptySpanS="0" columnsXL="3" columnsL="3" columnsM="3"
			singleContainerFullSize="false" class="FormTitleHeight">
			<f:content>
				<core:Title text=""></core:Title>
				<Label text="{i18n>effectiveDateLabelF}" design="Bold" class="labelCls" required="true"/>
				<DatePicker width="100%" name="effectiveDate" value="{oDataModel>/StartDate}" displayFormat="MM/dd/yyyy" placeholder="MM/DD/YYYY"
					valueFormat="yyyyMMdd" change="onChangeEngStDateSelection" editable="true" valueState="{viewModel>/posStartDateValState}"
					enabled="{=${viewModel>/enabled}}" class="datePickerCls"/>
				<core:Title text=""></core:Title>
				<Label text="{i18n>endDateLabel}" design="Bold" class="labelCls"/>
				<DatePicker width="100%" name="EndDate" value="{oDataModel>/EndDate}" displayFormat="MM/dd/yyyy" placeholder="MM/DD/YYYY"
					valueFormat="yyyyMMdd" change="onDateSelection" editable="false" class="datePickerCls" valueState="{viewModel>/posStartDateValState}"/>
				<core:Title text=""></core:Title>
				<Label text="Current Occupant" design="Bold" class="labelCls"/>
				<!--<Text text="{EmpId}-{EmpName}"></Text>-->
				<Text text="{oDataModel>/EmpId} {= ${oDataModel>/EmpName} === '' ? ' ' : '-' } {oDataModel>/EmpName}"></Text>
			</f:content>
		</f:SimpleForm>
	</Panel>
</core:FragmentDefinition>