<core:FragmentDefinition xmlns="sap.m" xmlns:core="sap.ui.core">
	<Dialog title="Internal Commentss" class="sapUiSizeCompact dialog" contentWidth="34rem">
		<VBox>
			<TextArea change="onInpChange" enabled="{viewModel>/enabled}" width="100%" height="300px" liveChange="onEngBullChan"
				class="sapUiSmallMarginBegin" value="{oDataModel>/IntComm}"/>
		</VBox>
		<endButton>
			<Button text="{i18n>ok}" press="onIntCommentCancel" type="Accept" class="clsBtnColorYellowGreen" width="20%"/>
		</endButton>
	</Dialog>
</core:FragmentDefinition>