<core:FragmentDefinition xmlns="sap.m" xmlns:core="sap.ui.core" xmlns:t="sap.ui.table">
	<Dialog title="{i18n>positionIdLabel}" class="sapUiSizeCompact dialog dialogWidthCls">
		<IconTabBar select="onSelectIconTabBar" class="clsITBarCls" expandable="false">
			<items>
				<IconTabFilter text="{i18n>posIdTabText}" key="{i18n>posIdTabText}"
					visible="{= ${viewModel>/Group} === 'SE'|| ${viewModel>/Group} === 'A'|| ${viewModel>/Group} === 'E'|| ${viewModel>/Group} === 'M'|| ${viewModel>/Group} === 'T'|| ${viewModel>/Group} === 'SM'|| ${viewModel>/Group} === 'SI'|| ${viewModel>/Group} === 'I' || ${viewModel>/Group} === 'D'|| ${viewModel>/Group} === 'SD' || ${viewModel>/Group} === 'SL'|| ${viewModel>/Group} === 'L' || ${viewModel>/Group} === 'Conrail'||${viewModel>/Group} === 'SC'||${viewModel>/Group} === 'C' || ${viewModel>/Group} === 'ST' || ${viewModel>/Group} === 'Payroll' || ${viewModel>/Group} === 'P'|| ${viewModel>/Group} === 'SP'|| ${viewModel>/Group} === 'SN'|| ${viewModel>/Group} === 'N'}">
					<Toolbar class="toolBarCls">
						<SearchField width="100%" id="positionSearch" class="searchFieldCls" placeholder="{i18n>posIdPlaceHolder}" search="positionTitleSearch"
							value="{viewModel>/posIdSearchValue}"/>
					</Toolbar>
				</IconTabFilter>
				<IconTabFilter text="{i18n>unionTabText}" key="{i18n>unionTabText}"
					visible="{= ${viewModel>/Group} === 'SE'|| ${viewModel>/Group} === 'E'|| ${viewModel>/Group} === 'Conrail'|| ${viewModel>/Group} === 'SC'|| ${viewModel>/Group} === 'C' || ${viewModel>/Group} === 'SI'|| ${viewModel>/Group} === 'I' || ${viewModel>/Group} === 'M'|| ${viewModel>/Group} === 'SM'|| ${viewModel>/Group} === 'SN'|| ${viewModel>/Group} === 'P'|| ${viewModel>/Group} === 'SP' || ${viewModel>/Group} === 'Payroll' || ${viewModel>/Group} === 'N' }">
					<Toolbar class="toolBarCls">
						<ComboBox name="Union" showSecondaryValues="true" value="{ValueModel>/Uninonval}" items="{path:'UninonModel>/results'}"
							loadItems="onPosIdDropDown" selectionChange="onDropDownSelectionChange" width="60%" placeholder="{i18n>selUnion}" class="comboCls">
							<core:ListItem key="{UninonModel>Description}" text="{UninonModel>Value}" additionalText="{UninonModel>Description}"/>
						</ComboBox>
					</Toolbar>
				</IconTabFilter>
				<IconTabFilter text="{i18n>agreementCodeLabel}" key="Agreement Code"
					visible="{= ${viewModel>/Group} === 'SP'|| ${viewModel>/Group} === 'P'|| ${viewModel>/Group} === 'Payroll'}">
					<Toolbar class="toolBarCls">
						<ComboBox name="AgreementCode" showSecondaryValues="true" items="{path:'payrollAggDropDownModelData>/results'}" id="payRollAggCode"
							loadItems="onPosIdDropDown" selectionChange="onDropDownSelectionChange" width="60%" placeholder="Select Agreement Code" class="comboCls">
							<core:ListItem key="{payrollAggDropDownModelData>Value}" text="{payrollAggDropDownModelData>Value}"
								additionalText="{payrollAggDropDownModelData>Description}"/>
						</ComboBox>
					</Toolbar>
				</IconTabFilter>
				<IconTabFilter text="{i18n>costCenterLabel}" key="CostCenter"
					visible="{= ${viewModel>/Group} === 'Payroll' || ${viewModel>/Group} === 'P'|| ${viewModel>/Group} === 'SP'}">
					<Toolbar class="toolBarCls">
						<SearchField width="50%" class="searchFieldCls" liveChange="onEngPosLiveChangeSearch" id="payrollCostcenter" placeholder="Enter Cost Center"
							search="positionTitleSearch" value="{viewModel>/posIdSearchValue}"/>
					</Toolbar>
				</IconTabFilter>
				<IconTabFilter text="{i18n>assignSupTabText}" key="{i18n>assignSupTabText}"
					visible="{= ${viewModel>/Group} === 'E' || ${viewModel>/Group} === 'SE'}">
					<Toolbar class="toolBarCls">
						<SearchField width="100%" class="searchFieldCls" liveChange="onEngPosSupLiveChangeSearch" placeholder="{i18n>posSupSrchPlaceHolder}"
							search="positionTitleSearch" value="{viewModel>/posIdSearchValue}"/>
					</Toolbar>
				</IconTabFilter>
				<IconTabFilter text="{i18n>areaTabText}" key="{i18n>areaTabText}"
					visible="{= ${viewModel>/Group} === 'Mechanical' || ${viewModel>/Group} === 'M' || ${viewModel>/Group} === 'SM'}">
					<Toolbar class="toolBarCls">
						<ComboBox name="Area" showSecondaryValues="true" items="{path:'mechAreaDropDownModelData>/results'}" id="mechAreaDropDown"
							loadItems="onPosIdDropDown" selectionChange="onDropDownSelectionChange" width="60%" placeholder="{i18n>selArea}" class="comboCls">
							<core:ListItem key="{mechAreaDropDownModelData>Description}" text="{mechAreaDropDownModelData>Value}"
								additionalText="{mechAreaDropDownModelData>Description}"/>
						</ComboBox>
					</Toolbar>
				</IconTabFilter>
				<!--vinod-->
				<IconTabFilter text="{i18n>craftTabText}" key="{i18n>craftTabText}"
					visible="{=${viewModel>/Group} === 'Mechanical' || ${viewModel>/Group} === 'M' || ${viewModel>/Group} === 'SM'}">
					<Toolbar class="toolBarCls">
						<ComboBox name="craftName" showSecondaryValues="true" items="{path:'craftModelData>/results'}" id="mechCraftDropDown"
							loadItems="onPosIdDropDown" selectionChange="onDropDownSelectionChange" width="60%" placeholder="{i18n>selCraft}" class="comboCls">
							<core:ListItem key="{craftModelData>Description}" text="{craftModelData>Value}" additionalText="{craftModelData>Description}"/>
						</ComboBox>
					</Toolbar>
				</IconTabFilter>
				<IconTabFilter text="{i18n>territoryTabText}" key="{i18n>territoryTabText}"
					visible="{=${viewModel>/Group} === 'Mechanical' || ${viewModel>/Group} === 'M' || ${viewModel>/Group} === 'SM'}">
					<Toolbar class="toolBarCls">
						<ComboBox name="Territory" showSecondaryValues="true" items="{path:'mechTerritoryModelData>/results'}" id="mechTerritoryDropDown"
							loadItems="onPosIdDropDown" selectionChange="onDropDownSelectionChange" class="comboCls" width="60%" placeholder="{i18n>selTerritory}">
							<core:ListItem key="{mechTerritoryModelData>Description}" text="{mechTerritoryModelData>Value}"
								additionalText="{mechTerritoryModelData>Description}"/>
						</ComboBox>
					</Toolbar>
				</IconTabFilter>
				<IconTabFilter text="{i18n>cityTabText}" key="{i18n>cityTabText}"
					visible="{= ${viewModel>/Group} === 'Engineering' || ${viewModel>/Group} === 'E' || ${viewModel>/Group} === 'SE'}">
					<Toolbar class="toolBarCls">
						<SearchField width="100%" class="searchFieldCls" liveChange="onEngPosCityLiveChangeSearch" placeholder="{i18n>posCitySrchPlaceHolder}"
							search="positionTitleSearch" value="{viewModel>/posIdSearchValue}"/>
					</Toolbar>
				</IconTabFilter>
				<IconTabFilter text="{i18n>stateTabText}" key="{i18n>stateTabText}"
					visible="{= ${viewModel>/Group} === 'Engineering' || ${viewModel>/Group} === 'E' || ${viewModel>/Group} === 'SE'}">
					<Toolbar class="toolBarCls">
						<ComboBox name="State" showSecondaryValues="true" items="{stateModelData>/results}" loadItems="onPosIdDropDown"
							selectionChange="onDropDownSelectionChange" width="60%" placeholder="{i18n>selState}" class="comboCls" value="{ValueModel>/StateVal}">
							<core:ListItem key="{stateModelData>Description}" text="{stateModelData>Value}" additionalText="{stateModelData>Description}"/>
						</ComboBox>
					</Toolbar>
				</IconTabFilter>
				<IconTabFilter text="{i18n>divTabText}" key="{i18n>divTabText}" visible="{= ${viewModel>/Group} === 'E' || ${viewModel>/Group} === 'SE'}">
					<Toolbar class="toolBarCls">
						<ComboBox name="Division" showSecondaryValues="true" items="{path:'DivisnModelData>/results'}" loadItems="onPosIdDropDown"
							selectionChange="onDropDownSelectionChange" width="60%" placeholder="{i18n>selDiv}" class="comboCls" value="{ValueModel>/DivisionVal}">
							<core:ListItem key="{DivisnModelData>Description}" text="{DivisnModelData>Value}" additionalText="{DivisnModelData>Description}"/>
						</ComboBox>
					</Toolbar>
				</IconTabFilter>
				<IconTabFilter text="{i18n>gangTabText}" key="{i18n>gangTabText}"
					visible="{= ${viewModel>/Group} === 'Engineering' || ${viewModel>/Group} === 'E' || ${viewModel>/Group} === 'SE'}">
					<Toolbar class="toolBarCls">
						<ComboBox name="Gang" showSecondaryValues="true" filterSecondaryValues="true" items="{GangModelDropModel>/results}"
							loadItems="onPosIdDropDown" selectionChange="onDropDownSelectionChange" width="60%" placeholder="{i18n>posGangIdSrchPlaceHolder}"
							class="comboCls" value="{ValueModel>/GangVal}">
							<core:ListItem key="{GangModelDropModel>Description}" text="{GangModelDropModel>Value}" additionalText="{GangModelDropModel>Description}"/>
						</ComboBox>
					</Toolbar>
				</IconTabFilter>
				<IconTabFilter text="{i18n>deskTabText}" key="{i18n>deskTabText}" visible="{= ${viewModel>/Group} === 'SD' || ${viewModel>/Group} === 'D'}">
					<Toolbar class="toolBarCls">
						<!--<SearchField width="100%" class="searchFieldCls" liveChange="onTcuPosIdOrTitleSearch" id="dialoguTcuPosIdOrTitleSearch"-->
						<!--	placeholder="{i18n>deskSrchPlaceHolder}" search="positionTitleSearch" value="{viewModel>/posIdSearchValue}"/>-->
						<ComboBox showSecondaryValues="true" name="desk" items="{path:'deskModel>/results'}" id="dialoguTcuPosDeskSearch"
							loadItems="onPosIdDropDown" selectionChange="onDropDownSelectionChange" width="60%" placeholder="{i18n>deskSrchPlaceHolder}"
							class="comboCls">
							<core:ListItem key="{deskModel>Value}" text="{deskModel>Value}" additionalText="{deskModel>Description}"/>
						</ComboBox>
					</Toolbar>
				</IconTabFilter>
				<IconTabFilter text="{i18n>deptTabText1}" key="{i18n>deptTabText}" visible="{= ${viewModel>/Group} === 'ST' || ${viewModel>/Group} === 'T'}">
					<Toolbar class="toolBarCls">
						<ComboBox name="deprtmet" showSecondaryValues="true" value="{ValueModel>/Uninonval}" items="{path:'deptModel>/results'}"
							loadItems="onPosIdDropDown" selectionChange="onDropDownSelectionChange" width="60%" placeholder="{i18n>deptSrchPlaceHolder}"
							class="comboCls">
							<core:ListItem key="{deptModel>Value}" text="{deptModel>Value}" additionalText="{deptModel>Description}"/>
						</ComboBox>
					</Toolbar>
				</IconTabFilter>
				<IconTabFilter text="{i18n>empTabText}" key="{i18n>empTabText}"
					visible="{= ${viewModel>/Group} === 'SC' || ${viewModel>/Group} === 'Conrail'|| ${viewModel>/Group} === 'C'|| ${viewModel>/Group} === 'ST' || ${viewModel>/Group} === 'T'|| ${viewModel>/Group} === 'SN'|| ${viewModel>/Group} === 'N'|| ${viewModel>/Group} === 'SE'|| ${viewModel>/Group} === 'E' || ${viewModel>/Group} === 'M' || ${viewModel>/Group} === 'SM' || ${viewModel>/Group} === 'ST'|| ${viewModel>/Group} === 'T' || ${viewModel>/Group} === 'SL'|| ${viewModel>/Group} === 'L'|| ${viewModel>/Group} === 'ILA' || ${viewModel>/Group} === 'SD' || ${viewModel>/Group} === 'D'|| ${viewModel>/Group} === 'SI' || ${viewModel>/Group} === 'I'|| ${viewModel>/Group} === 'Payroll' || ${viewModel>/Group} === 'P'|| ${viewModel>/Group} === 'SP'}">
					<Toolbar class="toolBarCls">
						<SearchField width="100%" class="sapUiSmallMargin searchFieldCls" liveChange="onMechEmpSearch" placeholder="{i18n>empSrchPlaceHolder}"
							search="positionTitleSearch" value="{viewModel>/posIdSearchValue}"/>
					</Toolbar>
				</IconTabFilter>
			</items>
		</IconTabBar>
		<HBox>
			<VBox>
				<t:Table id="PositionIdTable" rows="{ path:'positionModelData>/'}" cellClick="onPositionSubmit" class="uiTableCls columnHeaderCss"
					visible="{visibleModel>/posGlobalTable}" enableBusyIndicator="true" selectionMode="None" width="auto">
					<t:columns>
						<t:Column>
							<HBox>
								<Label text="{i18n>posIdColumnLabel}" design="Bold"/>
							</HBox>
							<t:template>
								<Text text="{positionModelData>PositionId}"></Text>
							</t:template>
						</t:Column>
						<t:Column filterProperty="PositionDesc"
							visible="{= ${viewModel>/Group} === 'E' || ${viewModel>/Group} === 'SE'|| ${viewModel>/Group} === 'Engineering'}">
							<HBox>
								<Label text="{i18n>descColumnLabel}" design="Bold"/>
								<core:Icon src="sap-icon://add-filter" class="sapUiSmallMarginTop sapUiSmallMarginBegin" color="#E69A17"/>
							</HBox>
							<t:template>
								<Text visible="{= ${viewModel>/Group} === 'SE' || ${viewModel>/Group} === 'E'}" text="{positionModelData>PositionDesc}"></Text>
							</t:template>
						</t:Column>
						<t:Column visible="{= ${viewModel>/Group} !== 'SE'}">
							<HBox>
								<Label text="{i18n>descColumnLabel}" design="Bold"/>
							</HBox>
							<t:template>
								<Text visible="{= ${viewModel>/Group} !== 'SE'}" text="{positionModelData>PositionDesc}"></Text>
							</t:template>
						</t:Column>
						<t:Column >
							<HBox>
								<Label text="{i18n>unionColumnLabel}" design="Bold"/>
							</HBox>
							<t:template>
								<Text text="{positionModelData>Union}"></Text>
							</t:template>
						</t:Column>
						<t:Column visible="{= ${viewModel>/Group} === 'Payroll' || ${viewModel>/Group} === 'P'|| ${viewModel>/Group} === 'SP'}">
							<HBox>
								<Label text="Agreement Code" design="Bold"/>
							</HBox>
							<t:template>
								<Text text="{positionModelData>AgreementCode}"
									visible="{= ${viewModel>/Group} === 'Payroll' || ${viewModel>/Group} === 'P'|| ${viewModel>/Group} === 'SP'}"></Text>
							</t:template>
						</t:Column>
						<t:Column visible="{= ${viewModel>/Group} === 'Payroll' || ${viewModel>/Group} === 'P'|| ${viewModel>/Group} === 'SP'}">
							<HBox>
								<Label text="Cost Center" design="Bold"/>
							</HBox>
							<t:template>
								<Text text="{positionModelData>CostCenter}"
									visible="{= ${viewModel>/Group} === 'Payroll' || ${viewModel>/Group} === 'P'|| ${viewModel>/Group} === 'SP'}"></Text>
							</t:template>
						</t:Column>
						<t:Column visible="{= ${viewModel>/Group} === 'Mechanical' || ${viewModel>/Group} === 'SM'|| ${viewModel>/Group} === 'M'}">
							<HBox>
								<Label text="{i18n>areaColumnLabel}" design="Bold"/>
							</HBox>
							<t:template>
								<Text text="{positionModelData>Area}"
									visible="{= ${viewModel>/Group} === 'Mechanical' || ${viewModel>/Group} === 'SM'|| ${viewModel>/Group} === 'M'}"></Text>
							</t:template>
						</t:Column>
						<t:Column visible="{= ${viewModel>/Group} === 'Mechanical' || ${viewModel>/Group} === 'SM'|| ${viewModel>/Group} === 'M'}">
							<HBox>
								<Label text="{i18n>craftColumnLabel}" design="Bold"/>
							</HBox>
							<t:template>
								<Text text="{positionModelData>Craft}"
									visible="{= ${viewModel>/Group} === 'Mechanical' || ${viewModel>/Group} === 'SM'|| ${viewModel>/Group} === 'M'}"></Text>
							</t:template>
						</t:Column>
						<t:Column visible="{= ${viewModel>/Group} === 'Mechanical' || ${viewModel>/Group} === 'SM'|| ${viewModel>/Group} === 'M'}">
							<HBox>
								<Label text="{i18n>territoryColumnLabel}" design="Bold"/>
							</HBox>
							<t:template>
								<Text text="{positionModelData>Territory}"
									visible="{= ${viewModel>/Group} === 'Mechanical' || ${viewModel>/Group} === 'SM'|| ${viewModel>/Group} === 'M'}"></Text>
							</t:template>
						</t:Column>
						<t:Column visible="{= ${viewModel>/Group} === 'TCU' || ${viewModel>/Group} === 'ST' || ${viewModel>/Group} === 'T'}">
							<HBox>
								<Label text="{i18n>deptColumnLabel}" design="Bold"/>
							</HBox>
							<t:template>
								<Text text="{positionModelData>Department}"></Text>
							</t:template>
						</t:Column>
						<t:Column filterProperty="AssignSup"
							visible="{= ${viewModel>/Group} === 'E' || ${viewModel>/Group} === 'SE'|| ${viewModel>/Group} === 'Engineering'}">
							<HBox>
								<Label text="{i18n>superVisorColumnLabel}" design="Bold"/>
								<core:Icon src="sap-icon://add-filter" class="sapUiSmallMarginTop sapUiSmallMarginBegin" color="#E69A17"/>
							</HBox>
							<t:template>
								<Text text="{positionModelData>AssignSup}"></Text>
							</t:template>
						</t:Column>
						<t:Column filterProperty="City"
							visible="{= ${viewModel>/Group} === 'E' || ${viewModel>/Group} === 'SE'|| ${viewModel>/Group} === 'Engineering'}">
							<HBox>
								<Label text="{i18n>cityColumnLabel}" design="Bold"/>
								<core:Icon src="sap-icon://add-filter" class="sapUiMediumMarginBegin" color="#E69A17"/>
							</HBox>
							<t:template>
								<Text text="{positionModelData>City}"></Text>
							</t:template>
						</t:Column>
						<t:Column filterProperty="State"
							visible="{= ${viewModel>/Group} === 'E' || ${viewModel>/Group} === 'SE'|| ${viewModel>/Group} === 'Engineering'}">
							<HBox>
								<Label text="{i18n>stateColumnLabel}" design="Bold"/>
								<core:Icon src="sap-icon://add-filter" class="sapUiMediumMarginBegin" color="#E69A17"/>
							</HBox>
							<t:template>
								<Text text="{positionModelData>State}"></Text>
							</t:template>
						</t:Column>
						<t:Column filterProperty="Divison"
							visible="{= ${viewModel>/Group} === 'E' || ${viewModel>/Group} === 'SE'|| ${viewModel>/Group} === 'Engineering'}">
							<HBox>
								<Label text="{i18n>divColumnLabel}" design="Bold"/>
								<core:Icon src="sap-icon://add-filter" class="sapUiMediumMarginBegin" color="#E69A17"/>
							</HBox>
							<t:template>
								<Text text="{positionModelData>Divison}"></Text>
							</t:template>
						</t:Column>
						<t:Column
							visible="{= ${viewModel>/Group} === 'ATDA' || ${viewModel>/Group} === 'Dispatchers'|| ${viewModel>/Group} === 'SD'|| ${viewModel>/Group} === 'D'}">
							<HBox>
								<Label text="{i18n>desk}" design="Bold"/>
							</HBox>
							<t:template>
								<Text text="{positionModelData>Desk_Num_Desc}"></Text>
							</t:template>
						</t:Column>
						<t:Column visible="{= ${viewModel>/Group} === 'E' || ${viewModel>/Group} === 'SE'|| ${viewModel>/Group} === 'Engineering'}">
							<HBox>
								<Label text="{i18n>reqColumnLabel}" design="Bold"/>
							</HBox>
							<t:template>
								<Text text="{positionModelData>Qualification}"></Text>
							</t:template>
						</t:Column>
						<t:Column>
							<HBox>
								<Label text="{i18n>OccuColumnLabel}" design="Bold"/>
							</HBox>
							<t:template>
								<Text text="{positionModelData>CurntOcupnt}"></Text>
							</t:template>
						</t:Column>
					</t:columns>
				</t:Table>
			</VBox>
		</HBox>
		<endButton>
			<Button text="{i18n>cancel}" press="onDialogClose" class="clsBtnColorYellowRed"/>
		</endButton>
	</Dialog>
</core:FragmentDefinition>