<core:FragmentDefinition xmlns="sap.m" xmlns:l="sap.ui.layout" xmlns:f="sap.ui.layout.form" xmlns:core="sap.ui.core">
	<VBox visible="{visibleModel>/iconTabContent}">
		<core:Fragment fragmentName="com.position.fragment.datesPanel" type="XML"/>
		<f:SimpleForm id="PositionFormId" editable="true" layout="ResponsiveGridLayout" labelSpanXL="6" labelSpanL="6" labelSpanM="6" labelSpanS="1"
			adjustLabelSpan="false" emptySpanXL="1" emptySpanL="1" emptySpanM="1" emptySpanS="0" columnsXL="3" columnsL="3" columnsM="3"
			singleContainerFullSize="false" class="FormTitleHeight">
			<f:content>
				<core:Title text=""></core:Title>
				<Label text="{i18n>posIdLabel}" design="Bold" class="labelCls" visible="false"/>
				<Input visible="false" width="100%" value="{oDataModel>/PosId}" change="onInpChange" showValueHelp="true" id="changeEngPosId"
					editable="false" class="valueHelpCls"></Input>
				<Label text="{i18n>posTitleLabel}" design="Bold" class="labelCls" visible="false"/>
				<Input visible="false" width="100%" value="{oDataModel>/PosDesc}" change="onInpChange" showValueHelp="false" id="changeEngPosTitleId"
					editable="false"/>
				<Label text="{i18n>cityLabel}" design="Bold" class="labelCls" required="true"/>
				<Input required="true" visible="{= ${viewModel>/Group} === 'Engineering' || ${viewModel>/Group} === 'E' || ${viewModel>/Group} === 'SE'}"
					placeholder="Select City" value="{oDataModel>/City}" id="changeEngCityDropDown" width="100%" enabled="false"></Input>
				<Label text="{i18n>stateLabel}" design="Bold" class="labelCls" required="true"/>
				<ComboBox required="true" visible="{= ${viewModel>/Group} === 'Engineering' || ${viewModel>/Group} === 'E' || ${viewModel>/Group} === 'SE'}"
					id="changeEngStateDropDown" selectedKey="{oDataModel>/State}" value="false" width="100%" showSecondaryValues="true" change="onInpChange"
					selectionChange="onSelectionChange" enabled="false" items="{StateData>/results}" class="comboCls">
					<core:ListItem key="{StateData>StateKey}" text="{StateData>StateDesc}" additionalText="{StateData>StateKey}"></core:ListItem>
				</ComboBox>
				<Label text="{i18n>regionLabel}" design="Bold" class="labelCls" required="true"/>
				<ComboBox required="true" visible="{= ${viewModel>/Group} === 'Engineering' || ${viewModel>/Group} === 'E' || ${viewModel>/Group} === 'SE'}"
					value="{oDataModel>/Region}" selectedKey="{oDataModel>/Region}" id="changeEngRegion" width="100%" class="comboCls"
					showSecondaryValues="true" enabled="{viewModel>/enabled}" selectionChange="onSelectionChange" filterSecondaryValues="true"
					change="onValueChange" items="{RegionJsModel>/results}">
					<core:ListItem key="{RegionJsModel>Region}" text="{RegionJsModel>Region}"></core:ListItem>
				</ComboBox>
				<Label text="{i18n>divLabel}" design="Bold" class="labelCls" required="true"/>
				<ComboBox required="true" visible="{= ${viewModel>/Group} === 'Engineering' || ${viewModel>/Group} === 'E' || ${viewModel>/Group} === 'SE'}"
					id="changeEngDivDropDown" value="{oDataModel>/Division}" width="100%" showSecondaryValues="true" change="onValueChange"
					selectionChange="onSelectionChange" enabled="false" items="{DiviData>/results}" class="comboCls">
					<core:ListItem key="{DiviData>Division}" text="{DiviData>Division}"></core:ListItem>
				</ComboBox>
				<Label text="{i18n>districtLabel}" design="Bold" class="labelCls" required="true"/>
				<ComboBox required="true" visible="{= ${viewModel>/Group} === 'Engineering' || ${viewModel>/Group} === 'E' || ${viewModel>/Group} === 'SE'}"
					id="districtId" value="{oDataModel>/District}" width="100%" showSecondaryValues="true" selectionChange="onSelectionChange"
					change="onInpChange" enabled="{viewModel>/enabled}" items="{DistData>/results}" class="comboCls">
					<core:ListItem key="{DistData>District}" text="{DistData>District}"></core:ListItem>
				</ComboBox>
				<Label text="{i18n>dpgZoneLabel}" design="Bold" class="labelCls"/>
				<Input visible="{= ${viewModel>/Group} === 'Engineering' || ${viewModel>/Group} === 'E' || ${viewModel>/Group} === 'SE'}" width="100%"
					liveChange="onInpChange" editable="false" value="{DPGZone}"/>
				<Label text="{i18n>headQuartersLabel}" design="Bold" class="labelCls"/>
				<ComboBox visible="{= ${viewModel>/Group} === 'Engineering' || ${viewModel>/Group} === 'E' || ${viewModel>/Group} === 'SE'}"
					id="changeEngGangClsId" width="100%" selectedKey="{oDataModel>/GangClass}" showSecondaryValues="true" change="onValueChange"
					class="comboCls" enabled="false" selectionChange="onSelectionChange">
					<core:ListItem key="a" text=" "></core:ListItem>
					<core:ListItem key="H" text="Headquarters"></core:ListItem>
					<core:ListItem key="M" text="Mobile"></core:ListItem>
				</ComboBox>
				<Label text="{i18n>union}" design="Bold" class="labelCls"/>
				<Input
					visible="{= ${viewModel>/Group} === 'Engineering' || ${viewModel>/Group} === 'E' || ${viewModel>/Group} === 'Payroll' || ${viewModel>/Group} === 'SP' || ${viewModel>/Group} === 'P' || ${viewModel>/Group} === 'SE'}"
					width="100%" value="{oDataModel>/Union}" change="onInpChange" showValueHelp="true" id="changeEngUnionCodeId" editable="false"
					class="valueHelpCls"></Input>
				<Label text="{i18n>totalRateLabel}" design="Bold" class="labelCls" visible="false"/>
				<Input visible="false" width="100%" value="{oDataModel>/TotRate}" class="valueHelpCls" change="onInpChange" showValueHelp="true"
					id="changeEngTotalRateId" editable="false"></Input>
				<Label text="{i18n>prorataRateLabel}" design="Bold" class="labelCls" visible="false"/>
				<Input width="100%" value="{oDataModel>/ProRate}" showValueHelp="false" id="changeEngProrataId" editable="false" visible="false"/>
				<Label text="{i18n>holdDays}" design="Bold" class="labelCls" required="false"/>
				<ComboBox visible="{= ${viewModel>/Group} === 'Engineering' || ${viewModel>/Group} === 'E' || ${viewModel>/Group} === 'SE'}"
					id="holdDropDown" selectedKey="{oDataModel>/HoldDays}" width="100%" selectionChange="onSelectionChange" change="onValueChange"
					enabled="{viewModel>/enabled}" items="{holdDropDown>/results}" class="comboCls">
					<core:ListItem key="{holdDropDown>Value}" text="{holdDropDown>Description}"></core:ListItem>
				</ComboBox>
				<Label text="{i18n>noBidLabel}" design="Bold" class="labelCls"/>
				<CheckBox visible="{= ${viewModel>/Group} === 'Engineering' || ${viewModel>/Group} === 'E' || ${viewModel>/Group} === 'SE'}" id="noBidId"
					editable="false" selected="{parts:[{path:'oDataModel>/NoBid'}], formatter:'.formatter.checkBoxFormatter'}" class="checkBoxCls"></CheckBox>
				<Label text="{i18n>obsoleteLabel}" design="Bold" class="labelCls"/>
				<CheckBox visible="{= ${viewModel>/Group} === 'Engineering' || ${viewModel>/Group} === 'E' || ${viewModel>/Group} === 'SE'}" id="Obsolete"
					editable="false" selected="{parts:[{path:'oDataModel>/ObsFlag'}], formatter:'.formatter.checkBoxFormatter'}" class="checkBoxCls"></CheckBox>
				<!--Mechanical Fields column 1-->
				<Label text="{i18n>union}" design="Bold" class="labelCls"/>
				<Input
					visible="{= ${viewModel>/Group} === 'Mechanical' || ${viewModel>/Group} === 'M' || ${viewModel>/Group} === 'SM' || ${viewModel>/Group} === 'TCU' || ${viewModel>/Group} === 'ATDA'|| ${viewModel>/Group} === 'Dispatchers'|| ${viewModel>/Group} === 'ILA'|| ${viewModel>/Group} === 'T'|| ${viewModel>/Group} === 'D'|| ${viewModel>/Group} === 'L'|| ${viewModel>/Group} === 'ST'|| ${viewModel>/Group} === 'SD'|| ${viewModel>/Group} === 'SL'}"
					width="100%" value="{oDataModel>/Union}" showValueHelp="true" id="changeMechUnionCodeId" editable="false" class="valueHelpCls"></Input>
				<Label text="{i18n>jpLabel}" design="Bold" class="labelCls"/>
				<Input
					visible="{= ${viewModel>/Group} === 'Payroll' || ${viewModel>/Group} === 'SP' || ${viewModel>/Group} === 'P' || ${viewModel>/Group} === 'Mechanical' || ${viewModel>/Group} === 'M' || ${viewModel>/Group} === 'SM' || ${viewModel>/Group} === 'TCU' || ${viewModel>/Group} === 'ATDA'|| ${viewModel>/Group} === 'Dispatchers'|| ${viewModel>/Group} === 'ILA'|| ${viewModel>/Group} === 'T'|| ${viewModel>/Group} === 'D'|| ${viewModel>/Group} === 'L'|| ${viewModel>/Group} === 'ST'|| ${viewModel>/Group} === 'SD'|| ${viewModel>/Group} === 'SL'}"
					width="100%" value="{oDataModel>/JPId}" showValueHelp="false" id="changeMechJpId" editable="false" change="onInpChange"/>
				<Label text="{i18n>clonedFromLabel}" design="Bold" class="labelCls"/>
				<Input
					visible="{= ${viewModel>/Group} === 'Payroll' || ${viewModel>/Group} === 'SP' || ${viewModel>/Group} === 'P' || ${viewModel>/Group} === 'Mechanical' || ${viewModel>/Group} === 'M' || ${viewModel>/Group} === 'SM' || ${viewModel>/Group} === 'TCU' || ${viewModel>/Group} === 'ATDA'|| ${viewModel>/Group} === 'Dispatchers'|| ${viewModel>/Group} === 'ILA'|| ${viewModel>/Group} === 'T'|| ${viewModel>/Group} === 'D'|| ${viewModel>/Group} === 'L'|| ${viewModel>/Group} === 'ST'|| ${viewModel>/Group} === 'SD'|| ${viewModel>/Group} === 'SL'}"
					width="100%" value="{oDataModel>/SourcePos}" showValueHelp="false" id="changeMechPosSourcePosId" editable="false"/>
				<Label text="{i18n>currentBulletinNoLabel}" design="Bold" class="labelCls"/>
				<Input
					visible="{= ${viewModel>/Group} === 'Payroll' || ${viewModel>/Group} === 'SP' || ${viewModel>/Group} === 'P' || ${viewModel>/Group} === 'Mechanical' || ${viewModel>/Group} === 'M' || ${viewModel>/Group} === 'SM'}"
					width="100%" value="{oDataModel>/BullNo}" showValueHelp="false" id="changeMechBulletinNoId" editable="false"/>
				<Label text="{i18n>totalRateLabel}" design="Bold" class="labelCls" visible="false"/>
				<Input visible="false" width="100%" value="{oDataModel>/TotRate}" showValueHelp="true" id="changeMechTotalRateId" editable="false"
					class="valueHelpCls"></Input>
				<Label visible="false" text="Prorated Rate" design="Bold" class="labelCls"/>
				<Input visible="false" width="100%" value="{oDataModel>/ProRate}" showValueHelp="false" id="changeMechProrataId" editable="false"/>
				<Label text="{i18n>craftColumnLabel}" design="Bold" class="labelCls" required="true"/>
				<ComboBox required="true" name="Craft"
					visible="{= ${viewModel>/Group} === 'Payroll' || ${viewModel>/Group} === 'SP' || ${viewModel>/Group} === 'P' || ${viewModel>/Group} === 'Mechanical' || ${viewModel>/Group} === 'M' || ${viewModel>/Group} === 'SM'}"
					value="{oDataModel>/CraftDesc}" selectedKey="{oDataModel>/Craft}" id="changeMechraftId" width="100%" showSecondaryValues="true"
					change="onValueChange" enabled="{viewModel>/enabled}" selectionChange="onSelectionChange" filterSecondaryValues="true"
					items="{CraftModel>/results}" class="comboCls">
					<core:ListItem key="{CraftModel>CraftId}" text="{CraftModel>Craft}" additionalText="{CraftModel>CraftId}"></core:ListItem>
				</ComboBox>
				<Label text=""
					visible="{= ${viewModel>/Group} === 'Payroll' || ${viewModel>/Group} === 'SP' || ${viewModel>/Group} === 'P' || ${viewModel>/Group} === 'Mechanical' || ${viewModel>/Group} === 'M' || ${viewModel>/Group} === 'SM'}"/>
				<Text text="{oDataModel>/CraftDesc}"
					visible="{= ${viewModel>/Group} === 'Payroll' || ${viewModel>/Group} === 'SP'|| ${viewModel>/Group} === 'P' || ${viewModel>/Group} === 'Mechanical' || ${viewModel>/Group} === 'M' || ${viewModel>/Group} === 'SM'}"/>
				<Label text="{i18n>territoryColumnLabel}" design="Bold" class="labelCls" required="true"/>
				<ComboBox required="true" name="Territory"
					visible="{= ${viewModel>/Group} === 'Payroll' || ${viewModel>/Group} === 'SP' || ${viewModel>/Group} === 'P' || ${viewModel>/Group} === 'Mechanical' || ${viewModel>/Group} === 'M' || ${viewModel>/Group} === 'SM'}"
					value="{oDataModel>/Territory}" selectedKey="{oDataModel>/Territory}" id="changeMechTerriId" width="100%" showSecondaryValues="true"
					enabled="{viewModel>/enabled}" selectionChange="onSelectionChange" class="comboCls" filterSecondaryValues="true" change="onValueChange"></ComboBox>
				<Label text=""
					visible="{= ${viewModel>/Group} === 'Payroll' || ${viewModel>/Group} === 'SP' || ${viewModel>/Group} === 'P' || ${viewModel>/Group} === 'Mechanical' || ${viewModel>/Group} === 'M' || ${viewModel>/Group} === 'SM'}"/>
				<Text
					visible="{= ${viewModel>/Group} === 'Payroll' || ${viewModel>/Group} === 'SP' || ${viewModel>/Group} === 'P' || ${viewModel>/Group} === 'Mechanical' || ${viewModel>/Group} === 'M' || ${viewModel>/Group} === 'SM'}"
					id="changeMechTerriIdDesc" text="{oDataModel>/Territory}"/>
				<Label text="{i18n>posTypeLabel}" design="Bold" class="labelCls" required="true"/>
				<ComboBox required="true"
					visible="{= ${viewModel>/Group} === 'Payroll' || ${viewModel>/Group} === 'SP' || ${viewModel>/Group} === 'P' || ${viewModel>/Group} === 'Mechanical' || ${viewModel>/Group} === 'M' || ${viewModel>/Group} === 'SM'}"
					value="{oDataModel>/PosTypeDesc}" selectedKey="{oDataModel>/PosType}" id="changeMechPosTypeId" width="100%" showSecondaryValues="true"
					change="onValueChange" enabled="{viewModel>/enabled}" selectionChange="onSelectionChange" class="comboCls" filterSecondaryValues="true"
					items="{PosTypeModel>/results}">
					<core:ListItem key="{PosTypeModel>PosValue}" text="{PosTypeModel>PosType}" additionalText="{PosTypeModel>PosValue}"></core:ListItem>
				</ComboBox>
				<Label text="{i18n>reportsToLabel}" design="Bold" class="labelCls"/>
				<Input name="reportsTo"
					visible="{= ${viewModel>/Group} === 'Payroll' || ${viewModel>/Group} === 'SP' || ${viewModel>/Group} === 'P' || ${viewModel>/Group} === 'Mechanical' || ${viewModel>/Group} === 'M' || ${viewModel>/Group} === 'SM'}"
					width="100%" value="{oDataModel>/AssignSupEmp} {= ${oDataModel>/AssignSupEmpName} === '' ? ' ' : '-' } {oDataModel>/AssignSupEmpName}"
					valueHelpRequest="onAssSupValueHelp" id="changeMechAssSup" showValueHelp="true" editable="false" class="rosterNoDesc valueHelpCls"
					liveChange="onAssignSupLiveChange"/>
				<Label text="" design="Bold" class="labelCls"/>
				<Input
					visible="{= ${viewModel>/Group} === 'Payroll' || ${viewModel>/Group} === 'SP' || ${viewModel>/Group} === 'P' || ${viewModel>/Group} === 'Mechanical' || ${viewModel>/Group} === 'M' || ${viewModel>/Group} === 'SM'}"
					width="100%" value="{oDataModel>/ADE} {= ${oDataModel>/ADEName} === '' ? ' ' : '-' } {oDataModel>/ADEName}" showValueHelp="false"
					id="changeMechAde" editable="false"/>
				<Label
					visible="{= ${viewModel>/Group} === 'Payroll' || ${viewModel>/Group} === 'SP' || ${viewModel>/Group} === 'P' || ${viewModel>/Group} === 'Mechanical' || ${viewModel>/Group} === 'M' || ${viewModel>/Group} === 'SM'}"
					text="" design="Bold" class="labelCls"/>
				<Input
					visible="{= ${viewModel>/Group} === 'Payroll' || ${viewModel>/Group} === 'SP' || ${viewModel>/Group} === 'P' || ${viewModel>/Group} === 'Mechanical' || ${viewModel>/Group} === 'M' || ${viewModel>/Group} === 'SM'}"
					width="100%" value="{oDataModel>/DE} {= ${oDataModel>/DEName} === '' ? ' ' : '-' } {oDataModel>/DEName}" showValueHelp="false"
					id="changeMechDe" editable="false"/>
				<Label text="" design="Bold" class="labelCls"/>
				<Input
					visible="{= ${viewModel>/Group} === 'Payroll' || ${viewModel>/Group} === 'SP' || ${viewModel>/Group} === 'P' || ${viewModel>/Group} === 'Mechanical' || ${viewModel>/Group} === 'M' || ${viewModel>/Group} === 'SM'}"
					width="100%" value="{oDataModel>/CE} {= ${oDataModel>/CEName} === '' ? ' ' : '-' } {oDataModel>/CEName}" showValueHelp="false"
					id="changeMechCe" editable="false"/>
				<!--Mechanical Fields Column END-->
				<!--TCU Column1 Fields Start-->
				<Label text="{i18n>currentBulletinNoLabel}" design="Bold" class="labelCls"/>
				<Input visible="false" width="100%" value="{oDataModel>/BullNo}" showValueHelp="false" id="tcuChangeBulletinNoId" enabled="false"/>
				<Label text="{i18n>totalRateLabel}" design="Bold" class="labelCls"/>
				<Input visible="false" width="100%" value="{oDataModel>/TotRate}" showValueHelp="true" id="tcuChangeTotalRateId" enabled="false"
					class="valueHelpCls"></Input>
				<Label visible="false" text="{i18n>proratedRate}" design="Bold" class="labelCls"/>
				<Input visible="false" width="100%" value="{oDataModel>/ProRate}" showValueHelp="false" id="tcuChangeProrataId" enabled="false"/>
				<Label text="{i18n>rosterLabel}" design="Bold" class="labelCls" required="true"/>
				<Input name="roster" required="true"
					visible="{= ${viewModel>/Group} === 'TCU' || ${viewModel>/Group} === 'ATDA'|| ${viewModel>/Group} === 'Dispatchers'|| ${viewModel>/Group} === 'ILA'|| ${viewModel>/Group} === 'T'|| ${viewModel>/Group} === 'D'|| ${viewModel>/Group} === 'L'|| ${viewModel>/Group} === 'ST'|| ${viewModel>/Group} === 'SD'|| ${viewModel>/Group} === 'SL'}"
					width="200%" value="{oDataModel>/RosterNo}" id="tcuChangeRosterId" change="onValueChange" showValueHelp="true"
					enabled="{viewModel>/enabled}" valueHelpRequest="onRosterNumberValueHelp" submit="onRosterNumberValueHelp" liveChange="onTCUATDARosterClear"
					class="rosterNoDesc valueHelpCls" description="{oDataModel>/RosterNo}"></Input>
				<Label text=""
					visible="{= ${viewModel>/Group} === 'TCU' || ${viewModel>/Group} === 'ATDA'|| ${viewModel>/Group} === 'Dispatchers'|| ${viewModel>/Group} === 'ILA'|| ${viewModel>/Group} === 'T'|| ${viewModel>/Group} === 'D'|| ${viewModel>/Group} === 'L'|| ${viewModel>/Group} === 'ST'|| ${viewModel>/Group} === 'SD'|| ${viewModel>/Group} === 'SL'}"></Label>
				<Text text="{oDataModel>/RostDesc}" id="chngTcuRosterDesc"
					visible="{= ${viewModel>/Group} === 'TCU' || ${viewModel>/Group} === 'ATDA'|| ${viewModel>/Group} === 'Dispatchers'|| ${viewModel>/Group} === 'ILA'|| ${viewModel>/Group} === 'T'|| ${viewModel>/Group} === 'D'|| ${viewModel>/Group} === 'L'|| ${viewModel>/Group} === 'ST'|| ${viewModel>/Group} === 'SD'|| ${viewModel>/Group} === 'SL'}"></Text>
				<Label text="{i18n>positionTypeLabel}" design="Bold" class="labelCls" required="true"/>
				<ComboBox required="true"
					visible="{= ${viewModel>/Group} === 'TCU' || ${viewModel>/Group} === 'ATDA'|| ${viewModel>/Group} === 'Dispatchers'|| ${viewModel>/Group} === 'ILA'|| ${viewModel>/Group} === 'T'|| ${viewModel>/Group} === 'D'|| ${viewModel>/Group} === 'L'|| ${viewModel>/Group} === 'ST'|| ${viewModel>/Group} === 'SD'|| ${viewModel>/Group} === 'SL'}"
					value="{oDataModel>/PosTypeDesc}" selectedKey="{oDataModel>/PosType}" id="tcuChangePosTypeId" width="100%" showSecondaryValues="true"
					change="onValueChange" enabled="{viewModel>/enabled}" selectionChange="onSelectionChange" filterSecondaryValues="true"
					items="{PosTypeModel>/results}" class="comboCls">
					<core:ListItem key="{PosTypeModel>PosValue}" text="{PosTypeModel>PosType}" additionalText="{PosTypeModel>PosValue}"></core:ListItem>
				</ComboBox>
				<Label text="{i18n>reportsToLabel}" design="Bold" class="labelCls"/>
				<Input name="reportsTo"
					visible="{= ${viewModel>/Group} === 'TCU' || ${viewModel>/Group} === 'ATDA'|| ${viewModel>/Group} === 'Dispatchers'|| ${viewModel>/Group} === 'ILA'|| ${viewModel>/Group} === 'T'|| ${viewModel>/Group} === 'D'|| ${viewModel>/Group} === 'L'|| ${viewModel>/Group} === 'ST'|| ${viewModel>/Group} === 'SD'|| ${viewModel>/Group} === 'SL'}"
					value="{oDataModel>/AssignSupEmp}{= ${oDataModel>/AssignSupEmpName} === '' ? ' ' : '-' }{oDataModel>/AssignSupEmpName}"
					valueHelpRequest="onAssSupValueHelp" id="changeTcuAssSup" showValueHelp="true" editable="false" liveChange="onAssignSupLiveChange"/>
				<Label text="" design="Bold" class="labelCls"/>
				<Input
					visible="{= ${viewModel>/Group} === 'TCU' || ${viewModel>/Group} === 'ATDA'|| ${viewModel>/Group} === 'Dispatchers'|| ${viewModel>/Group} === 'ILA'|| ${viewModel>/Group} === 'T'|| ${viewModel>/Group} === 'D'|| ${viewModel>/Group} === 'L'|| ${viewModel>/Group} === 'ST'|| ${viewModel>/Group} === 'SD'|| ${viewModel>/Group} === 'SL'}"
					width="100%" value="{oDataModel>/ADE}{= ${oDataModel>/ADEName} === '' ? ' ' : '-' }{oDataModel>/ADEName}" showValueHelp="false"
					id="changeTcuAde" editable="false"/>
				<Label text="" design="Bold" class="labelCls"/>
				<Input
					visible="{= ${viewModel>/Group} === 'TCU' || ${viewModel>/Group} === 'ATDA'|| ${viewModel>/Group} === 'Dispatchers'|| ${viewModel>/Group} === 'ILA'|| ${viewModel>/Group} === 'T'|| ${viewModel>/Group} === 'D'|| ${viewModel>/Group} === 'L'|| ${viewModel>/Group} === 'ST'|| ${viewModel>/Group} === 'SD'|| ${viewModel>/Group} === 'SL'}"
					width="100%" value="{oDataModel>/DE}{= ${oDataModel>/DEName} === '' ? ' ' : '-' }{oDataModel>/DEName}" showValueHelp="false"
					id="changeTcuDe" editable="false"/>
				<Label text="" design="Bold" class="labelCls"/>
				<Input
					visible="{= ${viewModel>/Group} === 'TCU' || ${viewModel>/Group} === 'ATDA'|| ${viewModel>/Group} === 'Dispatchers'|| ${viewModel>/Group} === 'ILA'|| ${viewModel>/Group} === 'T'|| ${viewModel>/Group} === 'D'|| ${viewModel>/Group} === 'L'|| ${viewModel>/Group} === 'ST'|| ${viewModel>/Group} === 'SD'|| ${viewModel>/Group} === 'SL'}"
					width="100%" value="{oDataModel>/CE}{= ${oDataModel>/CEName} === '' ? ' ' : '-' }{oDataModel>/CEName}" showValueHelp="false"
					id="changeTcuCe" editable="false"/>
				<!--TCU Column 1 END-->
				<!-- Position Payroll content work schedule-->
				<Label text="{i18n>workScheduleLabel}" design="Bold" class="labelCls"/>
				<Input name="WorkSchd" value="{oDataModel>/WorkSchd}" width="100%" showValueHelp="true" valueHelpRequest="onWorkSchValueHelp"
					change="onValueChange" enabled="{viewModel>/enabled}" valueHelpOnly="true" class="valueHelpCls"
					visible="{= ${viewModel>/Group} === 'IHB' || ${viewModel>/Group} === 'NAHR' || ${viewModel>/Group} === 'Conrail'|| ${viewModel>/Group} === 'SI' || ${viewModel>/Group} === 'SN'|| ${viewModel>/Group} === 'SC'|| ${viewModel>/Group} === 'C' || ${viewModel>/Group} === 'N'}"></Input>
				<Label text="{i18n>shiftTimingsLabel}" design="Bold" class="labelCls"/>
				<Input width="100%" value="{oDataModel>/ShiftStartTime}-{oDataModel>/ShiftEndTime}" showValueHelp="false" id="posShift" editable="false"
					visible="{= ${viewModel>/Group} === 'IHB' || ${viewModel>/Group} === 'NAHR' || ${viewModel>/Group} === 'Conrail'|| ${viewModel>/Group} === 'SI' || ${viewModel>/Group} === 'SN'|| ${viewModel>/Group} === 'SC' || ${viewModel>/Group} === 'C' || ${viewModel>/Group} === 'N'}"></Input>
				<Label text="{i18n>resrDaysLabel}" design="Bold" class="labelCls"/>
				<Input width="100%" value="{oDataModel>/RestDays}" showValueHelp="false" id="posRestDays" editable="false"
					visible="{= ${viewModel>/Group} === 'IHB' || ${viewModel>/Group} === 'NAHR' || ${viewModel>/Group} === 'Conrail'|| ${viewModel>/Group} === 'SI' || ${viewModel>/Group} === 'SN'|| ${viewModel>/Group} === 'SC' || ${viewModel>/Group} === 'C' || ${viewModel>/Group} === 'N'}"></Input>
				<Label text="{i18n>mealPeriodLabel}" design="Bold" class="labelCls"/>
				<Input width="100%" value="{oDataModel>/BreakDuration}" showValueHelp="false" id="posBreakTime" editable="false"
					visible="{= ${viewModel>/Group} === 'IHB' || ${viewModel>/Group} === 'NAHR' || ${viewModel>/Group} === 'Conrail'|| ${viewModel>/Group} === 'SI' || ${viewModel>/Group} === 'SN'|| ${viewModel>/Group} === 'SC' || ${viewModel>/Group} === 'C' || ${viewModel>/Group} === 'N'}"></Input>
				<!--New code start-->
				<Label id="ihblb2PayrollGrouping" text="{i18n>PayrollGrouping}" design="Bold" class="labelCls"
					visible="{= ${viewModel>/Group} === 'IHB' || ${viewModel>/Group} === 'NAHR' || ${viewModel>/Group} === 'Conrail'|| ${viewModel>/Group} === 'SI' || ${viewModel>/Group} === 'SN'|| ${viewModel>/Group} === 'SC' || ${viewModel>/Group} === 'C' || ${viewModel>/Group} === 'N'}"/>
				<ComboBox id="ihbcPayrollGrouping" selectedKey="{oDataModel>/PayGroup}" width="100%" showSecondaryValues="true" change="onValueChange"
					enabled="{viewModel>/enabled}" class="comboCls" items="{PaySuggModel>/results}"
					visible="{= ${viewModel>/Group} === 'IHB' || ${viewModel>/Group} === 'NAHR' || ${viewModel>/Group} === 'Conrail'|| ${viewModel>/Group} === 'SI' || ${viewModel>/Group} === 'SN'|| ${viewModel>/Group} === 'SC' || ${viewModel>/Group} === 'C' || ${viewModel>/Group} === 'N'}">
					<core:ListItem key="{PaySuggModel>Value}" text="{PaySuggModel>Value}" additionalText="{PaySuggModel>Description}"></core:ListItem>
				</ComboBox>
				<!--New code end-->
				<!-- Position Payroll content work schedule-->
				<core:Title text=""></core:Title>
				<Label text="{i18n>gangDescriptionLabel}" design="Bold" class="labelCls"/>
				<Input visible="{= ${viewModel>/Group} === 'Engineering' || ${viewModel>/Group} === 'E' || ${viewModel>/Group} === 'SE'}" width="100%"
					value="{oDataModel>/GangDesc}" showValueHelp="false" id="changeEngGangDesId" editable="false"/>
				<Label text="{i18n>gangIDLabel}" design="Bold" class="labelCls"/>
				<Input name="gangID" visible="{= ${viewModel>/Group} === 'Engineering' || ${viewModel>/Group} === 'E' || ${viewModel>/Group} === 'SE'}"
					width="100%" value="{oDataModel>/GangId}" change="onInpChange" id="changeEngPosgangId" placeholder="Enter Employee Number"
					showValueHelp="true" type="Text" liveChange="onSupChange" suggest="handleSuggest" valueHelpRequest="inputValueHelpRequest" editable="false"
					class="valueHelpCls"></Input>
				<Label text="{i18n>rosterLabel}" design="Bold" class="labelCls" required="true"/>
				<Input name="RosterNo" required="true"
					visible="{= ${viewModel>/Group} === 'Engineering' || ${viewModel>/Group} === 'E' || ${viewModel>/Group} === 'SE'}" width="100%"
					value="{oDataModel>/RosterNo}" id="changeEngRosterNumId" change="onValueChange" showValueHelp="true" enabled="{viewModel>/enabled}"
					valueHelpRequest="onRosterNumberValueHelp" submit="onRosterNumberValueHelp" liveChange="onRosterClear"
					class="rosterNoDesc sInputs valueHelpCls"></Input>
				<Label text="" visible="{= ${viewModel>/Group} === 'Engineering' || ${viewModel>/Group} === 'E' || ${viewModel>/Group} === 'SE'}"></Label>
				<Text visible="{= ${viewModel>/Group} === 'Engineering' || ${viewModel>/Group} === 'E' || ${viewModel>/Group} === 'SE'}"
					text="{oDataModel>/RostDesc}" id="chngRostDesc"></Text>
				<Label text="{i18n>priorRightsRosterLabel}" design="Bold" class="labelCls"/>
				<Input name="priorRightsRoster"
					visible="{= ${viewModel>/Group} === 'Engineering' || ${viewModel>/Group} === 'E' || ${viewModel>/Group} === 'SE'}" width="100%"
					value="{oDataModel>/PriorRightsRosterNo}" liveChange="onPRRosterClear" id="changeEngPRosterNumId" change="onValueChange"
					showValueHelp="true" enabled="{viewModel>/enabled}" valueHelpRequest="onRosterNumberValueHelp" submit="onRosterNumberValueHelp"
					class="rosterNoDesc sInputs valueHelpCls"></Input>
				<Label text=""></Label>
				<Text visible="{= ${viewModel>/Group} === 'Engineering' || ${viewModel>/Group} === 'E' || ${viewModel>/Group} === 'SE'}"
					text="{oDataModel>/PriorRightsRostDesc}" id="chngPRRostDesc"></Text>
				<Label text="{i18n>priorRightsDateLabel}" design="Bold" class="labelCls"/>
				<DatePicker visible="{= ${viewModel>/Group} === 'Engineering' || ${viewModel>/Group} === 'E' || ${viewModel>/Group} === 'SE'}" width="100%"
					id="changeEngPrDate" value="{oDataModel>/PriorRightsDate}" displayFormat="MM/dd/yyyy" placeholder="MM/DD/YYYY" valueFormat="yyyyMMdd"
					enabled="{viewModel>/enabled}" change="onDateSelection" class="datePickerCls"/>
				<Label text="{i18n>railRoadCodeLabel}" design="Bold" class="labelCls" required="false"/>
				<ComboBox visible="{= ${viewModel>/Group} === 'Engineering' || ${viewModel>/Group} === 'E' || ${viewModel>/Group} === 'SE'}"
					value="{oDataModel>/RRCode}" selectedKey="{oDataModel>/RRCode}" id="changeEngRailRaodCodeId" width="100%" class="comboCls"
					showSecondaryValues="true" enabled="{viewModel>/enabled}" selectionChange="onSelectionChange" filterSecondaryValues="true"
					change="onValueChange" items="{RrCodeJsModel>/results}">
					<core:ListItem key="{RrCodeJsModel>RRCode}" text="{RrCodeJsModel>RRCode}"></core:ListItem>
				</ComboBox>
				<!--commented by vinod-->
				<!--<Label text="{i18n>positionTypeLabel}" design="Bold" class="labelCls" required="true"/>-->
				<!--<ComboBox required="true" visible="{= ${viewModel>/Group} === 'Engineering' || ${viewModel>/Group} === 'E' || ${viewModel>/Group} === 'SE'}"-->
				<!--	value="{oDataModel>/PosTypeDesc}" selectedKey="{oDataModel>/PosType}" id="changeEngPosType" width="100%" showSecondaryValues="true"-->
				<!--	enabled="{viewModel>/enabled}" selectionChange="onSelectionChange" filterSecondaryValues="true" change="onValueChange"-->
				<!--	items="{PosTypeModel>/results}" class="comboCls">-->
				<!--	<core:ListItem key="{PosTypeModel>PosValue}" text="{PosTypeModel>PosType}" additionalText="{PosTypeModel>PosValue}"></core:ListItem>-->
				<!--</ComboBox>-->
				<Label text="{i18n>positionTypeLabel}" design="Bold" class="labelCls"/>
				<Input visible="{= ${viewModel>/Group} === 'Engineering' || ${viewModel>/Group} === 'E' || ${viewModel>/Group} === 'SE'}" width="100%"
					value="Permanent" editable="false"></Input>
				<Label text="{i18n>milePostLabel}" design="Bold" class="labelCls"/>
				<Input visible="{= ${viewModel>/Group} === 'Engineering' || ${viewModel>/Group} === 'E' || ${viewModel>/Group} === 'SE'}" width="100%"
					value="{oDataModel>/MilePost}" change="onSelectionChange" showValueHelp="false" id="changeEngMilePostId" enabled="{viewModel>/enabled}"></Input>
				<Label text="{i18n>reportsToLabel}" design="Bold" class="labelCls"/>
				<Input name="reportsTo" visible="{= ${viewModel>/Group} === 'Engineering' || ${viewModel>/Group} === 'E' || ${viewModel>/Group} === 'SE'}"
					width="100%" value="{oDataModel>/AssignSupEmp}{= ${oDataModel>/AssignSupEmpName} === '' ? ' ' : '-' }{oDataModel>/AssignSupEmpName}"
					valueHelpRequest="onAssSupValueHelp" id="changeEngAssSup" showValueHelp="true" editable="false" class="rosterNoDesc valueHelpCls"
					liveChange="onAssignSupLiveChange"/>
				<Label text="" design="Bold" class="labelCls"/>
				<Input visible="{= ${viewModel>/Group} === 'Engineering' || ${viewModel>/Group} === 'E' || ${viewModel>/Group} === 'SE'}" width="100%"
					value="{oDataModel>/ADE}{= ${oDataModel>/ADEName} === '' ? ' ' : '-' }{oDataModel>/ADEName}" showValueHelp="false" id="changeEngAde"
					editable="false"/>
				<Label text="" design="Bold" class="labelCls"/>
				<Input visible="{= ${viewModel>/Group} === 'Engineering' || ${viewModel>/Group} === 'E' || ${viewModel>/Group} === 'SE'}" width="100%"
					value="{oDataModel>/DE}{= ${oDataModel>/DEName} === '' ? ' ' : '-' }{oDataModel>/DEName}" showValueHelp="false" id="changeEngDe"
					editable="false"/>
				<Label text="" design="Bold" class="labelCls"/>
				<Input visible="{= ${viewModel>/Group} === 'Engineering' || ${viewModel>/Group} === 'E' || ${viewModel>/Group} === 'SE'}" width="100%"
					value="{oDataModel>/CE}{= ${oDataModel>/CEName} === '' ? ' ' : '-' }{oDataModel>/CEName}" showValueHelp="false" id="changeEngCe"
					editable="false"/>
				<!--<Mechanical Coloum 2-->
				<Label text="{i18n>workScheduleCodeLabel}" design="Bold" class="labelCls" required="true"/>
				<Input required="true" name="WorkSch"
					visible="{= ${viewModel>/Group} === 'Payroll' || ${viewModel>/Group} === 'P' || ${viewModel>/Group} === 'SP' || ${viewModel>/Group} === 'Mechanical' || ${viewModel>/Group} === 'M' || ${viewModel>/Group} === 'SM'}"
					value="{oDataModel>/WorkSch}" valueHelpRequest="onWorkSchValueHelp" showValueHelp="true" id="changeMechWorkSchId" width="100%"
					enabled="{viewModel>/enabled}" change="onValueChange" class="valueHelpCls"></Input>
				<Label text="{i18n>hoursLabel}" design="Bold" class="labelCls"/>
				<Input
					visible="{= ${viewModel>/Group} === 'Payroll' || ${viewModel>/Group} === 'SP' || ${viewModel>/Group} === 'P' || ${viewModel>/Group} === 'Mechanical' || ${viewModel>/Group} === 'M' || ${viewModel>/Group} === 'SM'}"
					width="100%" value="{oDataModel>/ShiftStatTime}-{oDataModel>/ShiftEndTime}" showValueHelp="false" id="mechChangeShiftTimings"
					editable="false"></Input>
				<Label text="{i18n>resrDaysLabel}" design="Bold" class="labelCls"/>
				<Input
					visible="{= ${viewModel>/Group} === 'Payroll' || ${viewModel>/Group} === 'SP' || ${viewModel>/Group} === 'P' || ${viewModel>/Group} === 'Mechanical' || ${viewModel>/Group} === 'M' || ${viewModel>/Group} === 'SM'}"
					width="100%" value="{oDataModel>/RestDays}" showValueHelp="false" id="mechChangeResetDays" editable="false"></Input>
				<Label text="{i18n>mealPeriodLabel}" design="Bold" class="labelCls"/>
				<Input
					visible="{= ${viewModel>/Group} === 'Payroll' || ${viewModel>/Group} === 'SP'|| ${viewModel>/Group} === 'P' || ${viewModel>/Group} === 'Mechanical' || ${viewModel>/Group} === 'M' || ${viewModel>/Group} === 'SM'}"
					width="100%" value="{oDataModel>/BreakDuration}" showValueHelp="false" id="mechChangeBreakPeriods" editable="false"></Input>
				<Label text="{i18n>mondayLabel}" design="Bold" class="labelCls"/>
				<ComboBox
					enabled="{= ${path:'viewModel>/enabled'} === true ? ${parts:[{path:'viewModel>/enabled'},{path:'oDataModel>/RestDays'}],formatter:'.formatter.restDaysMon'}=== true?true:false:false}"
					visible="{= ${viewModel>/Group} === 'Payroll' || ${viewModel>/Group} === 'SP' || ${viewModel>/Group} === 'P' || ${viewModel>/Group} === 'Mechanical' || ${viewModel>/Group} === 'M' || ${viewModel>/Group} === 'SM'}"
					width="100%" value="{oDataModel>/Monday}" class="comboCls" selectionChange="onSelectionChange" items="{AreaData>/results}">
					<core:ListItem key="{AreaData>Area}" text="{AreaData>Area}"></core:ListItem>
				</ComboBox>
				<Label text="{i18n>tuesdayLabel}" design="Bold" class="labelCls"/>
				<ComboBox
					enabled="{= ${path:'viewModel>/enabled'} === true ? ${parts:[{path:'viewModel>/enabled'},{path:'oDataModel>/RestDays'}],formatter:'.formatter.restDaysTues'}=== true?true:false:false}"
					visible="{= ${viewModel>/Group} === 'Payroll' || ${viewModel>/Group} === 'SP' || ${viewModel>/Group} === 'P' || ${viewModel>/Group} === 'Mechanical' || ${viewModel>/Group} === 'M' || ${viewModel>/Group} === 'SM'}"
					width="100%" value="{oDataModel>/Tuesday}" selectionChange="onSelectionChange" class="comboCls" id="mechChangTuesdayDays"
					items="{AreaData>/results}">
					<core:ListItem key="{AreaData>Area}" text="{AreaData>Area}"></core:ListItem>
				</ComboBox>
				<Label text="{i18n>wednesdayLabel}" design="Bold" class="labelCls"/>
				<ComboBox
					enabled="{= ${path:'viewModel>/enabled'} === true ? ${parts:[{path:'viewModel>/enabled'},{path:'oDataModel>/RestDays'}],formatter:'.formatter.restDaysWedn'}=== true?true:false:false}"
					visible="{= ${viewModel>/Group} === 'Payroll' || ${viewModel>/Group} === 'SP' || ${viewModel>/Group} === 'P' || ${viewModel>/Group} === 'Mechanical' || ${viewModel>/Group} === 'M' || ${viewModel>/Group} === 'SM'}"
					width="100%" value="{oDataModel>/Wednesday}" class="comboCls" selectionChange="onSelectionChange" id="mechChangWednesdayDays"
					items="{AreaData>/results}">
					<core:ListItem key="{AreaData>Area}" text="{AreaData>Area}"></core:ListItem>
				</ComboBox>
				<Label text="{i18n>thursdayLabel}" design="Bold" class="labelCls"/>
				<ComboBox
					enabled="{= ${path:'viewModel>/enabled'} === true ? ${parts:[{path:'viewModel>/enabled'},{path:'oDataModel>/RestDays'}],formatter:'.formatter.restDaysThurs'}=== true?true:false:false}"
					visible="{= ${viewModel>/Group} === 'Payroll' || ${viewModel>/Group} === 'SP' || ${viewModel>/Group} === 'P' || ${viewModel>/Group} === 'Mechanical' || ${viewModel>/Group} === 'M' || ${viewModel>/Group} === 'SM'}"
					width="100%" value="{oDataModel>/Thursday}" class="comboCls" id="mechChangThursdayDays" selectionChange="onSelectionChange"
					items="{AreaData>/results}">
					<core:ListItem key="{AreaData>Area}" text="{AreaData>Area}"></core:ListItem>
				</ComboBox>
				<Label text="{i18n>fridayLabel}" design="Bold" class="labelCls"/>
				<ComboBox
					enabled="{= ${path:'viewModel>/enabled'} === true ? ${parts:[{path:'viewModel>/enabled'},{path:'oDataModel>/RestDays'}],formatter:'.formatter.restDaysFriday'}=== true?true:false:false}"
					visible="{= ${viewModel>/Group} === 'Payroll' || ${viewModel>/Group} === 'SP' || ${viewModel>/Group} === 'P' || ${viewModel>/Group} === 'Mechanical' || ${viewModel>/Group} === 'M' || ${viewModel>/Group} === 'SM'}"
					width="100%" value="{oDataModel>/Friday}" class="comboCls" selectionChange="onSelectionChange" id="mechChangFridayDays"
					items="{AreaData>/results}">
					<core:ListItem key="{AreaData>Area}" text="{AreaData>Area}"></core:ListItem>
				</ComboBox>
				<Label text="{i18n>saturdayLabel}" design="Bold" class="labelCls"/>
				<ComboBox
					enabled="{= ${path:'viewModel>/enabled'} === true ? ${parts:[{path:'viewModel>/enabled'},{path:'oDataModel>/RestDays'}],formatter:'.formatter.restDaysSatrday'}=== true?true:false:false}"
					visible="{= ${viewModel>/Group} === 'Payroll' || ${viewModel>/Group} === 'SP' || ${viewModel>/Group} === 'P' || ${viewModel>/Group} === 'Mechanical' || ${viewModel>/Group} === 'M' || ${viewModel>/Group} === 'SM'}"
					width="100%" value="{oDataModel>/Saturday}" class="comboCls" id="mechChangSaturdayDays" selectionChange="onSelectionChange"
					items="{AreaData>/results}">
					<core:ListItem key="{AreaData>Area}" text="{AreaData>Area}"></core:ListItem>
				</ComboBox>
				<Label text="{i18n>sundayLabel}" design="Bold" class="labelCls"/>
				<ComboBox
					enabled="{= ${path:'viewModel>/enabled'} === true ? ${parts:[{path:'viewModel>/enabled'},{path:'oDataModel>/RestDays'}],formatter:'.formatter.restDaysSundy'}=== true?true:false:false}"
					visible="{= ${viewModel>/Group} === 'Payroll' || ${viewModel>/Group} === 'SP' || ${viewModel>/Group} === 'P' || ${viewModel>/Group} === 'Mechanical' || ${viewModel>/Group} === 'M' || ${viewModel>/Group} === 'SM'}"
					width="100%" value="{oDataModel>/Sunday}" class="comboCls" selectionChange="onSelectionChange" id="mechChangSundayDays"
					items="{AreaData>/results}">
					<core:ListItem key="{AreaData>Area}" text="{AreaData>Area}"></core:ListItem>
				</ComboBox>
				<Label text="{i18n>skillDifferentialLabel}" design="Bold" class="labelCls"/>
				<ComboBox enabled="{viewModel>/enabled}"
					visible="{= ${viewModel>/Group} === 'Payroll' || ${viewModel>/Group} === 'SP' || ${viewModel>/Group} === 'P' || ${viewModel>/Group} === 'Mechanical' || ${viewModel>/Group} === 'M' || ${viewModel>/Group} === 'SM'}"
					value="{oDataModel>/SkillDiffDesc}" selectedKey="{oDataModel>/SkillDiff}" id="mechpayskillDiffEditId" width="100%"
					showSecondaryValues="true" selectionChange="onSelectionChange" filterSecondaryValues="true" items="{SkillDiffSuggModel>/results}"
					class="comboCls">
					<core:ListItem key="{SkillDiffSuggModel>SkillDiffKey}" text="{SkillDiffSuggModel>SkillDiffValue}"
						additionalText="{SkillDiffSuggModel>SkillDiffKey}"></core:ListItem>
				</ComboBox>
				<!--<Label text="{i18n>agreementCodeLabel}" design="Bold" class="labelCls" required="true" visible="false"/>-->
				<!--<ComboBox visible="false" value="{AggCode}" class="comboCls" selectedKey="{AggCode}" id="changeMechAgreementId" width="100%"-->
				<!--	showSecondaryValues="true" selectionChange="onSelectionChange"enabled="{viewModel>/enabled}" selectionChange="onMechAggrSelectionChange"-->
				<!--	filterSecondaryValues="true"></ComboBox>-->
				<!-- Mechanical Column 2 END-->
				<!--TCU Column2 STart-->
				<Label text="{i18n>priorRightsRosterLabel}" design="Bold" class="labelCls" visible="false"/>
				<Input name="priorRightsRoster" width="100%" visible="false" value="{oDataModel>/PriorRightsRosterNo}" id="changetcuPRosterNumId"
					change="onValueChange" showValueHelp="true" enabled="{viewModel>/enabled}" submit="onPRosterNumberValueHelp"
					valueHelpRequest="inputValueHelpRequest" class="rosterNoDesc valueHelpCls" description="{oDataModel>/PriorRightsRosterNo}"></Input>
				<Label text="{i18n>priorRightsDateLabel}" design="Bold" class="labelCls" visible="false"/>
				<DatePicker width="100%" visible="false" id="changetcuPrDate" value="{oDataModel>/PriorRightsDate}" displayFormat="MM/dd/yyyy"
					placeholder="MM/DD/YYYY" change="onDateSelection" valueFormat="yyyyMMdd" enabled="{viewModel>/enabled}" class="datePickerCls"/>
				<Label text="{i18n>workScheduleCodeLabel}" design="Bold" class="labelCls" required="true"/>
				<VBox
					visible="{= ${viewModel>/Group} === 'TCU' || ${viewModel>/Group} === 'ATDA'|| ${viewModel>/Group} === 'Dispatchers'|| ${viewModel>/Group} === 'ILA'|| ${viewModel>/Group} === 'T'|| ${viewModel>/Group} === 'D'|| ${viewModel>/Group} === 'L'|| ${viewModel>/Group} === 'ST'|| ${viewModel>/Group} === 'SD'|| ${viewModel>/Group} === 'SL'}">
					<Input required="true" name="WorkSch" value="{oDataModel>/WorkSch}" id="tcuChangeWorkSchId" enabled="{viewModel>/enabled}"
						editable="{= ${oDataModel>/PosType} !== '3'}" width="100%" showValueHelp="true" valueHelpRequest="onWorkSchValueHelp" change="onValueChange"
						class="valueHelpCls"></Input>
					<Text text="{i18n>extraBoard/Relief}" id="tcnote" visible="{= ${oDataModel>/WorkSch} === 'FLEXIBLE'}"></Text>
				</VBox>
				<Label text="{i18n>hoursLabel}" design="Bold" class="labelCls"/>
				<Input
					visible="{= ${viewModel>/Group} === 'TCU' || ${viewModel>/Group} === 'ATDA'|| ${viewModel>/Group} === 'Dispatchers'|| ${viewModel>/Group} === 'ILA'|| ${viewModel>/Group} === 'T'|| ${viewModel>/Group} === 'D'|| ${viewModel>/Group} === 'L'|| ${viewModel>/Group} === 'ST'|| ${viewModel>/Group} === 'SD'|| ${viewModel>/Group} === 'SL'}"
					width="100%" value="{oDataModel>/ShiftStatTime}-{oDataModel>/ShiftEndTime}" showValueHelp="false" id="tcuChangeShiftTimings" enabled="false"></Input>
				<Label text="{i18n>resrDaysLabel}" design="Bold" class="labelCls"/>
				<Input
					visible="{= ${viewModel>/Group} === 'TCU' || ${viewModel>/Group} === 'ATDA'|| ${viewModel>/Group} === 'Dispatchers'|| ${viewModel>/Group} === 'ILA'|| ${viewModel>/Group} === 'T'|| ${viewModel>/Group} === 'D'|| ${viewModel>/Group} === 'L'|| ${viewModel>/Group} === 'ST'|| ${viewModel>/Group} === 'SD'|| ${viewModel>/Group} === 'SL'}"
					width="100%" value="{oDataModel>/RestDays}" showValueHelp="false" id="tcuChangeResetDays" editable="false"></Input>
				<Label text="{i18n>mealPeriodLabel}" design="Bold" class="labelCls"/>
				<Input
					visible="{= ${viewModel>/Group} === 'TCU' || ${viewModel>/Group} === 'ATDA'|| ${viewModel>/Group} === 'Dispatchers'|| ${viewModel>/Group} === 'ILA'|| ${viewModel>/Group} === 'T'|| ${viewModel>/Group} === 'D'|| ${viewModel>/Group} === 'L'|| ${viewModel>/Group} === 'ST'|| ${viewModel>/Group} === 'SD'|| ${viewModel>/Group} === 'SL'}"
					width="100%" value="{oDataModel>/BreakDuration}" showValueHelp="false" id="tcuChangeBreakPeriods" editable="false"></Input>
				<Label text="{i18n>deptColumnLabel}" design="Bold" class="labelCls" required="{= ${FlagDeptMandt} === 'X'}"/>
				<ComboBox
					visible="{= ${viewModel>/Group} === 'TCU' || ${viewModel>/Group} === 'ATDA'|| ${viewModel>/Group} === 'Dispatchers'|| ${viewModel>/Group} === 'ILA'|| ${viewModel>/Group} === 'T'|| ${viewModel>/Group} === 'D'|| ${viewModel>/Group} === 'L'|| ${viewModel>/Group} === 'ST'|| ${viewModel>/Group} === 'SD'|| ${viewModel>/Group} === 'SL'}"
					value="{oDataModel>/Department}" selectedKey="{oDataModel>/DepartmentCode}"
					enabled="{= ${viewModel>/Group} === 'ATDA'? false : ${viewModel>/Group} === 'D'? false : ${viewModel>/Group} === 'SD'? false : ${viewModel>/enabled}}"
					id="tcuChangeDepartmentId" width="100%" showSecondaryValues="true" filterSecondaryValues="true" items="{TCUDepartmentSuggDropdown>/results}"
					change="onSelectionChange" class="comboCls">
					<core:ListItem key="{TCUDepartmentSuggDropdown>DeptKey}" text="{TCUDepartmentSuggDropdown>DeptValue}"></core:ListItem>
				</ComboBox>
				<Label text="Desk" design="Bold" id="deskLableChangeId" class="labelCls" visible="true"/>
				<ComboBox value="{oDataModel>/DeskNum}" items="{DeskNumberJSModel>/results}" placeholder="Select Desk Number" id="deskNumChangeId"
					width="100%" showSecondaryValues="true" class="comboCls" selectionChange="onSelectionChange" enabled="{viewModel>/enabled}"
					filterSecondaryValues="true"
					visible="{= ${viewModel>/Group} === 'ATDA'|| ${viewModel>/Group} === 'Dispatchers'|| ${viewModel>/Group} === 'D'|| ${viewModel>/Group} === 'SD'}">
					<core:ListItem key="{DeskNumberJSModel>Desk_Num}" text="{DeskNumberJSModel>Desk_Num_Desc}" additionalText="{DeskNumberJSModel>Desk_Num}"></core:ListItem>
				</ComboBox>
				<Label text="{i18n>agreementCodeLabel}" design="Bold" class="labelCls" required="true" visible="false"/>
				<ComboBox required="true" visible="false" id="tcuChangeAgreementId" value="{oDataModel>/AggCode}" width="100%" showSecondaryValues="true"
					selectionChange="onSelectionChange" filterSecondaryValues="true" class="comboCls"></ComboBox>
				<Label text="{i18n>PayrollGrouping}" design="Bold" class="labelCls"/>
				<ComboBox
					visible="{= ${viewModel>/Group} === 'TCU' || ${viewModel>/Group} === 'ATDA'|| ${viewModel>/Group} === 'Dispatchers'|| ${viewModel>/Group} === 'ILA'|| ${viewModel>/Group} === 'T'|| ${viewModel>/Group} === 'D'|| ${viewModel>/Group} === 'L'|| ${viewModel>/Group} === 'ST'|| ${viewModel>/Group} === 'SD'|| ${viewModel>/Group} === 'SL'}"
					id="CTcuPayrollGrouping" selectedKey="{oDataModel>/Selpaygroup}" width="100%" showSecondaryValues="true" selectionChange="onSelectionChange"
					enabled="{viewModel>/enabled}" class="comboCls" items="{PaySuggModel>/results}">
					<core:ListItem key="{PaySuggModel>Value}" text="{PaySuggModel>Value}" additionalText="{PaySuggModel>Description}"></core:ListItem>
				</ComboBox>
				<!--TCU Column 2 END-->
				<core:Title text=""></core:Title>
				<Label text="{i18n>currentBulletinNoLabel}" design="Bold" class="labelCls"/>
				<Input visible="{= ${viewModel>/Group} === 'Engineering' || ${viewModel>/Group} === 'E' || ${viewModel>/Group} === 'SE'}" width="100%"
					value="{oDataModel>/BullNo}" showValueHelp="false" id="changeEngBulletinNoId" editable="false"/>
				<Label text="{i18n>workScheduleCodeLabel}" design="Bold" class="labelCls" required="true"/>
				<Input name="WorkSch" required="true"
					visible="{= ${viewModel>/Group} === 'Engineering' || ${viewModel>/Group} === 'E' || ${viewModel>/Group} === 'SE'}"
					value="{oDataModel>/WorkSch}" valueHelpRequest="onWorkSchValueHelp" showValueHelp="true" id="changeEngWorkSch" width="100%" enabled="false"
					change="onValueChange" class="valueHelpCls"></Input>
				<Label text="{i18n>hoursLabel}" design="Bold" class="labelCls"/>
				<Input visible="{= ${viewModel>/Group} === 'Engineering' || ${viewModel>/Group} === 'E' || ${viewModel>/Group} === 'SE'}" width="100%"
					value="{oDataModel>/ShiftStatTime}-{oDataModel>/ShiftEndTime}" showValueHelp="false" id="engChngShiftTimings" editable="false"></Input>
				<Label text="{i18n>resrDaysLabel}" design="Bold" class="labelCls"/>
				<Input visible="{= ${viewModel>/Group} === 'Engineering' || ${viewModel>/Group} === 'E' || ${viewModel>/Group} === 'SE'}" width="100%"
					value="{oDataModel>/RestDays}" showValueHelp="false" id="engChngResetDays" editable="false"></Input>
				<Label text="{i18n>mealPeriodLabel}" design="Bold" class="labelCls"/>
				<Input visible="{= ${viewModel>/Group} === 'Engineering' || ${viewModel>/Group} === 'E' || ${viewModel>/Group} === 'SE'}" width="100%"
					value="{oDataModel>/BreakDuration}" showValueHelp="false" id="engChngBreakPeriods" editable="false"></Input>
				<Label text="{i18n>ruleLable}" design="Bold" class="labelCls"/>
				<Input visible="{= ${viewModel>/Group} === 'Engineering' || ${viewModel>/Group} === 'E' || ${viewModel>/Group} === 'SE'}" width="100%"
					value="{oDataModel>/Rule}" showValueHelp="false" id="changeEngRule" enabled="{viewModel>/enabled}" change="onInpChange"/>
				<Label text="{i18n>jpLabel}" design="Bold" class="labelCls"/>
				<Input visible="{= ${viewModel>/Group} === 'Engineering' || ${viewModel>/Group} === 'E' || ${viewModel>/Group} === 'SE'}" width="100%"
					value="{oDataModel>/JPId}" showValueHelp="false" id="changeEngJpId" editable="false" change="onInpChange"/>
				<Label text="{i18n>clonedFromLabel}" design="Bold" class="labelCls"/>
				<Input visible="{= ${viewModel>/Group} === 'Engineering' || ${viewModel>/Group} === 'E' || ${viewModel>/Group} === 'SE'}" width="100%"
					value="{oDataModel>/SourcePos}" showValueHelp="false" id="changeEngPosSourcePosId" editable="false"/>
				<Label text="{i18n>nedJobCode}" design="Bold" class="labelCls"/>
				<Input visible="{= ${viewModel>/Group} === 'Engineering' || ${viewModel>/Group} === 'E' || ${viewModel>/Group} === 'SE'}" width="100%"
					value="{oDataModel>/NEEDSJobCode}" showValueHelp="false" change="onInpChange" id="changeEngNedsId" editable="false"/>
				<Label text="{i18n>bulletinCommentsLabel}" design="Bold" class="labelCls"/>
				<TextArea visible="{= ${viewModel>/Group} === 'Engineering' || ${viewModel>/Group} === 'E' || ${viewModel>/Group} === 'SE'}" rows="2"
					cols="30" width="100%" value="{oDataModel>/BullComm}" id="changeEngBulletinCommId" change="onInpChange" enabled="{viewModel>/enabled}"
					liveChange="onEngBullChan"></TextArea>
				<Button icon="sap-icon://show"
					visible="{= ${viewModel>/Group} === 'Engineering' || ${viewModel>/Group} === 'E' || ${viewModel>/Group} === 'SE'}"
					class="clsBtnColorYellowRed" press="onBulltinComentsPress" width="87%"/>
				<Label text="{i18n>intCommentsLabel}" design="Bold" class="labelCls"/>
				<TextArea visible="{= ${viewModel>/Group} === 'Engineering' || ${viewModel>/Group} === 'E' || ${viewModel>/Group} === 'SE'}" rows="2"
					cols="30" width="100%" change="onInpChange" value="{oDataModel>/IntComm}" id="changeEngintCommId" enabled="{viewModel>/enabled}"/>
				<Button icon="sap-icon://show" width="87%"
					visible="{= ${viewModel>/Group} === 'Engineering' || ${viewModel>/Group} === 'E' || ${viewModel>/Group} === 'SE'}"
					class="clsBtnColorYellowRed" press="onIntalComentsPress"/>
				<Label text="{i18n>agreementCodeLabel}" design="Bold" class="labelCls" required="true"/>
				<ComboBox required="true" visible="false" value="{oDataModel>/AggCode}" selectedKey="{oDataModel>/AggCode}" id="changeEngAggrCode"
					width="100%" showSecondaryValues="true" enabled="{viewModel>/enabled}" selectionChange="onSelectionChange" filterSecondaryValues="true"
					class="comboCls"></ComboBox>
				<Label text="{i18n>PayrollGrouping}" design="Bold" class="labelCls"/>
				<ComboBox visible="{= ${viewModel>/Group} === 'Engineering' || ${viewModel>/Group} === 'E' || ${viewModel>/Group} === 'SE'}"
					id="CEnaPayrollGrouping" selectedKey="{oDataModel>/Selpaygroup}" width="100%" showSecondaryValues="true" change="onSelectionChange"
					enabled="{viewModel>/enabled}" class="comboCls" items="{PaySuggModel>/results}">
					<core:ListItem key="{PaySuggModel>Value}" text="{PaySuggModel>Value}" additionalText="{PaySuggModel>Description}"></core:ListItem>
				</ComboBox>
				<Label visible="false"></Label>
				<Button id="engBullCommentEditBtn" icon="sap-icon://edit" press="onEngBullCommentEdit" type="Emphasized" width="20%"
					class="sapUiTinyMarginBegin clsBtnColorYellowGreen" visible="false"/>
				<!--Mechanical column 3 fields-->
				<!--Vinod 16/11/2022-->
				<Label text="{i18n>rosterLabel}" design="Bold" class="labelCls" required="true"/>
				<!--<Input required="true" name="roster"-->
				<!--	visible="{= ${viewModel>/Group} === 'Payroll' || ${viewModel>/Group} === 'P' || ${viewModel>/Group} === 'Mechanical' || ${viewModel>/Group} === 'M' || ${viewModel>/Group} === 'SM'}"-->
				<!--	width="100%" value="{oDataModel>/RosterNo}" id="changeMechRosterId" change="onValueChange" showValueHelp="true"-->
				<!--	enabled="{viewModel>/enabled}" valueHelpRequest="onRosterNumberValueHelp" submit="onRosterNumberValueHelp" class="rosterNoDesc valueHelpCls"></Input>-->
				<ComboBox required="true" name="rosterM"
					visible="{= ${viewModel>/Group} === 'Payroll' || ${viewModel>/Group} === 'P' || ${viewModel>/Group} === 'SP'|| ${viewModel>/Group} === 'Mechanical' || ${viewModel>/Group} === 'M' || ${viewModel>/Group} === 'SM'}"
					value="{oDataModel>/RosterNo}" selectedKey="{oDataModel>/RosterNo}" width="100%" id="rosterId" showSecondaryValues="true"
					enabled="{viewModel>/enabled}" selectionChange="onSelectionChange" class="comboCls" filterSecondaryValues="true" change="onValueChange"></ComboBox>
				<Label text=""
					visible="{= ${viewModel>/Group} === 'Payroll' || ${viewModel>/Group} === 'P' || ${viewModel>/Group} === 'SP' || ${viewModel>/Group} === 'Mechanical' || ${viewModel>/Group} === 'M' || ${viewModel>/Group} === 'SM'}"></Label>
				<Text text="{oDataModel>/RosterNo}" id="chngMechRostDesc"
					visible="{= ${viewModel>/Group} === 'Mechanical' || ${viewModel>/Group} === 'M' || ${viewModel>/Group} === 'SM'}"></Text>
				<Label text="{i18n>priorRightsRosterLabel}" design="Bold" class="labelCls"/>
				<!--mech - prir roster label-->
				<Input name="priorRightsRoster"
					visible="{= ${viewModel>/Group} === 'Payroll' || ${viewModel>/Group} === 'P' || ${viewModel>/Group} === 'SP' || ${viewModel>/Group} === 'Mechanical' || ${viewModel>/Group} === 'M' || ${viewModel>/Group} === 'SM'}"
					width="100%" value="{oDataModel>/PriorRightsRosterNo}" id="changeMechPRosterNumId" change="onInpChange" showValueHelp="true"
					enabled="{viewModel>/enabled}" valueHelpRequest="onRosterNumberValueHelp" submit="onPRosterNumberValueHelp"
					class="rosterNoDesc valueHelpCls"></Input>
				<Label text="" visible="{= ${viewModel>/Group} === 'Mechanical' || ${viewModel>/Group} === 'M' || ${viewModel>/Group} === 'SM'}"></Label>
				<Text text="{oDataModel>/PriorRightsRostDesc}" id="chngMechPRRostDesc"
					visible="{= ${viewModel>/Group} === 'Payroll' || ${viewModel>/Group} === 'SP' || ${viewModel>/Group} === 'P' || ${viewModel>/Group} === 'Mechanical' || ${viewModel>/Group} === 'M' || ${viewModel>/Group} === 'SM'}"></Text>
				<Label text="{i18n>priorRightsDateLabel}" design="Bold" class="labelCls"/>
				<DatePicker
					visible="{= ${viewModel>/Group} === 'Payroll' || ${viewModel>/Group} === 'SP' || ${viewModel>/Group} === 'P' || ${viewModel>/Group} === 'Mechanical' || ${viewModel>/Group} === 'M' || ${viewModel>/Group} === 'SM'}"
					width="100%" id="changeMechPrDate" value="{oDataModel>/PriorRightsDate}" displayFormat="MM/dd/yyyy" placeholder="MM/DD/YYYY"
					change="onDateSelection" valueFormat="yyyyMMdd" enabled="{viewModel>/enabled}" class="datePickerCls"/>
				<Label text="{i18n>bulletinCommentsLabel}" design="Bold" class="labelCls"/>
				<TextArea
					visible="{= ${viewModel>/Group} === 'Payroll' || ${viewModel>/Group} === 'SP' || ${viewModel>/Group} === 'P' || ${viewModel>/Group} === 'Mechanical' || ${viewModel>/Group} === 'M' || ${viewModel>/Group} === 'SM'}"
					rows="2" cols="40" width="100%" value="{oDataModel>/BullComm}" change="onInpChange" id="changeMechBulletinCommId"
					enabled="{viewModel>/enabled}" liveChange="onInpChange"/>
				<Button icon="sap-icon://show"
					visible="{= ${viewModel>/Group} === 'Payroll' || ${viewModel>/Group} === 'SP' || ${viewModel>/Group} === 'P' || ${viewModel>/Group} === 'Mechanical' || ${viewModel>/Group} === 'M' || ${viewModel>/Group} === 'SM'}"
					class="clsBtnColorYellowRed" press="onBulltinComentsPress" width="87%"/>
				<Label text="{i18n>intCommentsLabel}" design="Bold" class="labelCls"/>
				<TextArea
					visible="{= ${viewModel>/Group} === 'Payroll' || ${viewModel>/Group} === 'SP' || ${viewModel>/Group} === 'P' || ${viewModel>/Group} === 'Mechanical' || ${viewModel>/Group} === 'M' || ${viewModel>/Group} === 'SM'}"
					rows="2" cols="40" liveChange="onInpChange" width="100%" value="{oDataModel>/IntComm}" id="changeMechintCommId"
					enabled="{viewModel>/enabled}"/>
				<Button icon="sap-icon://show" width="87%"
					visible="{= ${viewModel>/Group} === 'Payroll' || ${viewModel>/Group} === 'SP' || ${viewModel>/Group} === 'P' || ${viewModel>/Group} === 'Mechanical' || ${viewModel>/Group} === 'M' || ${viewModel>/Group} === 'SM'}"
					class="clsBtnColorYellowRed" press="onIntalComentsPress"/>
				<Label visible="false"></Label>
				<Button visible="false" id="mechBullCommentEditBtn" icon="sap-icon://edit" press="onMechBullCommentEdit" type="Emphasized"
					class="sapUiTinyMarginBegin clsBtnColorYellowGreen" width="20%"/>
				<Label visible="false" text="No Bid" design="Bold" class="labelCls"/>
				<CheckBox visible="false" id="changeMechNoBidId" editable="false"
					selected="{parts:[{path:'oDataModel>/NoBid'}], formatter:'.formatter.checkBoxFormatter'}" class="checkBoxCls"></CheckBox>
				<Label text="{i18n>PayrollGrouping}" design="Bold" class="labelCls"/>
				<ComboBox
					visible="{= ${viewModel>/Group} === 'Payroll' || ${viewModel>/Group} === 'SP' || ${viewModel>/Group} === 'P' || ${viewModel>/Group} === 'Mechanical' || ${viewModel>/Group} === 'M' || ${viewModel>/Group} === 'SM'}"
					id="CMecPayrollGrouping" width="100%" selectedKey="{oDataModel>/Selpaygroup}" showSecondaryValues="true" change="onSelectionChange"
					enabled="{viewModel>/enabled}" class="comboCls" items="{PaySuggModel>/results}">
					<core:ListItem key="{PaySuggModel>Value}" text="{PaySuggModel>Value}" additionalText="{PaySuggModel>Description}"></core:ListItem>
				</ComboBox>
				<Label text="{i18n>obsoleteLabel}" design="Bold" class="labelCls"/>
				<CheckBox
					visible="{= ${viewModel>/Group} === 'Payroll' || ${viewModel>/Group} === 'SP' || ${viewModel>/Group} === 'P' || ${viewModel>/Group} === 'Mechanical' || ${viewModel>/Group} === 'M' || ${viewModel>/Group} === 'SM'}"
					id="MechObsolete" editable="false" selected="{parts:[{path:'oDataModel>/ObsFlag'}], formatter:'.formatter.checkBoxFormatter'}"
					class="checkBoxCls"></CheckBox>
				<!--TCU Column 3 Start-->
				<Label text="{i18n>pad/fenceLabel}" design="Bold" class="labelCls" required="true"/>
				<ComboBox required="true"
					visible="{= ${viewModel>/Group} === 'TCU' || ${viewModel>/Group} === 'ATDA'|| ${viewModel>/Group} === 'Dispatchers'|| ${viewModel>/Group} === 'ILA'|| ${viewModel>/Group} === 'T'|| ${viewModel>/Group} === 'D'|| ${viewModel>/Group} === 'L'|| ${viewModel>/Group} === 'ST'|| ${viewModel>/Group} === 'SD'|| ${viewModel>/Group} === 'SL'}"
					id="tcuChangePadfenceId" value="{oDataModel>/PadFenceDesc}" selectedKey="{oDataModel>/PadFence}" width="100%" showSecondaryValues="true"
					change="onValueChange" selectionChange="onSelectionChange" filterSecondaryValues="true" items="{PadFenceModel>/results}" class="comboCls"
					enabled="{viewModel>/enabled}">
					<core:ListItem key="{PadFenceModel>Pfcode}" text="{PadFenceModel>PF}" additionalText="{PadFenceModel>Pfcode}"></core:ListItem>
				</ComboBox>
				<Label text="{i18n>bulletinCommentsLabel}" design="Bold" class="labelCls"/>
				<TextArea
					visible="{= ${viewModel>/Group} === 'TCU' || ${viewModel>/Group} === 'ATDA'|| ${viewModel>/Group} === 'Dispatchers'|| ${viewModel>/Group} === 'ILA'|| ${viewModel>/Group} === 'T'|| ${viewModel>/Group} === 'D'|| ${viewModel>/Group} === 'L'|| ${viewModel>/Group} === 'ST'|| ${viewModel>/Group} === 'SD'|| ${viewModel>/Group} === 'SL'}"
					rows="2" cols="40" width="100%" value="{oDataModel>/BullComm}" id="tcuChangeBulletinCommId" change="onBulletinChange"
					enabled="{viewModel>/enabled}" liveChange="onInpChange"/>
				<Button icon="sap-icon://show"
					visible="{= ${viewModel>/Group} === 'TCU' || ${viewModel>/Group} === 'ATDA'|| ${viewModel>/Group} === 'Dispatchers'|| ${viewModel>/Group} === 'ILA'|| ${viewModel>/Group} === 'T'|| ${viewModel>/Group} === 'D'|| ${viewModel>/Group} === 'L'|| ${viewModel>/Group} === 'ST'|| ${viewModel>/Group} === 'SD'|| ${viewModel>/Group} === 'SL'}"
					class="clsBtnColorYellowRed" press="onBulltinComentsPress" width="87%"/>
				<Label text="{i18n>intCommentsLabel}" design="Bold" class="labelCls"/>
				<TextArea
					visible="{= ${viewModel>/Group} === 'TCU' || ${viewModel>/Group} === 'ATDA'|| ${viewModel>/Group} === 'Dispatchers'|| ${viewModel>/Group} === 'ILA'|| ${viewModel>/Group} === 'T'|| ${viewModel>/Group} === 'D'|| ${viewModel>/Group} === 'L'|| ${viewModel>/Group} === 'ST'|| ${viewModel>/Group} === 'SD'|| ${viewModel>/Group} === 'SL'}"
					rows="2" cols="40" width="100%" value="{oDataModel>/IntComm}" id="tcuChangeintCommId" enabled="{viewModel>/enabled}"/>
				<Button icon="sap-icon://show"
					visible="{= ${viewModel>/Group} === 'TCU' || ${viewModel>/Group} === 'ATDA'|| ${viewModel>/Group} === 'Dispatchers'|| ${viewModel>/Group} === 'ILA'|| ${viewModel>/Group} === 'T'|| ${viewModel>/Group} === 'D'|| ${viewModel>/Group} === 'L'|| ${viewModel>/Group} === 'ST'|| ${viewModel>/Group} === 'SD'|| ${viewModel>/Group} === 'SL'}"
					class="clsBtnColorYellowRed" press="onIntalComentsPress" width="87%"/>
				<Label visible="false"></Label>
				<Button visible="false" id="tcuBullCommentEditBtn" icon="sap-icon://edit" press="onTcuBullCommentEdit" type="Emphasized"
					class="sapUiTinyMarginBegin clsBtnColorYellowGreen" width="20%"/>
				<Label text="{i18n>noBidLabel}" design="Bold" class="labelCls"/>
				<CheckBox
					visible="{= ${viewModel>/Group} === 'TCU' || ${viewModel>/Group} === 'ATDA'|| ${viewModel>/Group} === 'Dispatchers'|| ${viewModel>/Group} === 'ILA'|| ${viewModel>/Group} === 'T'|| ${viewModel>/Group} === 'D'|| ${viewModel>/Group} === 'L'|| ${viewModel>/Group} === 'ST'|| ${viewModel>/Group} === 'SD'|| ${viewModel>/Group} === 'SL'}"
					id="tcuChangeNoBidId" enabled="false" selected="{parts:[{path:'oDataModel>/NoBid'}], formatter:'.formatter.checkBoxFormatter'}"
					class="checkBoxCls"></CheckBox>
				<Label text="{i18n>obsoleteLabel}" design="Bold" class="labelCls"/>
				<CheckBox
					visible="{= ${viewModel>/Group} === 'TCU' || ${viewModel>/Group} === 'ATDA'|| ${viewModel>/Group} === 'Dispatchers'|| ${viewModel>/Group} === 'ILA'|| ${viewModel>/Group} === 'T'|| ${viewModel>/Group} === 'D'|| ${viewModel>/Group} === 'L'|| ${viewModel>/Group} === 'ST'|| ${viewModel>/Group} === 'SD'|| ${viewModel>/Group} === 'SL'}"
					id="TcuObsolete" editable="false" selected="{parts:[{path:'oDataModel>/ObsFlag'}], formatter:'.formatter.checkBoxFormatter'}"
					class="checkBoxCls"></CheckBox>
				<Text id="cdepFlag" text="{FlagDeptMandt}" visible="false"></Text>
			</f:content>
		</f:SimpleForm>
	</VBox>
</core:FragmentDefinition>