<core:FragmentDefinition xmlns="sap.m" xmlns:core="sap.ui.core">
	<Dialog id="qualDialogue" title="Qualification" class="sapUiSizeCompact dialog">
		<Toolbar class="toolBarCls">
			<SearchField width="100%" class="sapUiSmallMargin searchFieldCls" liveChange="onQualTableFilter" search="onQualTableFilter" id="qualSearch"
				placeholder="Search with Qualification or Qualification Desc"/>
		</Toolbar>
		<Table id="qualMaintenanceTable" width="auto" items="{path:'qualIdModel>/results'}" class="tableCls" includeItemInSelection="true" growingScrollToLoad="true" growing="true">
			<columns>
				<Column>
					<Label text="Qualification" design="Bold" wrapping="true"/>
				</Column>
				<Column>
					<Label text="Qualification Desc" design="Bold" wrapping="true"/>
				</Column>
				<Column >
					<Label text="Qualification ID" design="Bold" wrapping="true"/>
				</Column>
			</columns>
			<items>
				<ColumnListItem press="onQualSubmit" type="Active">
					<cells>
						<Text text="{qualIdModel>QualName}" class="tableItemsTxtColor"/>
						<Text text="{qualIdModel>QualDesc}" class="tableItemsTxtColor"/>
						<Text text="{qualIdModel>QualId}" class="tableItemsTxtColor"/>
					</cells>
				</ColumnListItem>
			</items>
		</Table>
		<beginButton>
			<Button visible="false" text="Submit" press="onQualSubmit" class="clsBtnColorYellowGreen"/>
		</beginButton>
		<endButton>
			<Button text="Cancel" press="onQualCancel" class="clsBtnColorYellowRed"/>
		</endButton>
	</Dialog>
</core:FragmentDefinition>