<core:FragmentDefinition xmlns="sap.m" xmlns:core="sap.ui.core">
	<Dialog id="EngRosterDialogue" title="{i18n>rosterTitle}" class="sapUiSizeCompact dialog">
		<IconTabBar id="idEngRosterIconTabBar" class="clsITBarCls" select="HandleRoasterTabSelect" selectedKey="{viewModel>/RoasterTabSelKey}">
			<items>
				<IconTabFilter text="{i18n>rosterNoTabText}" key="Roster Number or Desc">
					<Toolbar class="toolBarCls">
						<SearchField width="100%" class="sapUiSmallMargin searchFieldCls" liveChange="onRosterLiveChange" id="RosterNoDescSearch"
							placeholder="{i18n>rosterNoPlaceHolder}" search="onRosterSearch"/>
					</Toolbar>
				</IconTabFilter>
				<IconTabFilter text="{i18n>unionTabText}" key="{i18n>unionTabText}"
					visible="{= ${viewModel>/Group} === 'SE' || ${viewModel>/Group} === 'SM' || ${viewModel>/Group} === 'SL'}">
					<Toolbar class="toolBarCls">
						<ComboBox name="{i18n>unionTabText}" showSecondaryValues="true" items="{path:'UnionModelData>/results'}" id="engUnionDropDown"
							loadItems="onRosterDropDown" selectionChange="onRosterDropDownSelChange" width="60%" placeholder="{i18n>selUnion}" class="comboCls">
							<core:ListItem key="{UnionModelData>Description}" text="{UnionModelData>Value}" additionalText="{UnionModelData>Description}"/>
						</ComboBox>
					</Toolbar>
				</IconTabFilter>
				<IconTabFilter text="{i18n>rrCodeTabText}" key="{i18n>rrCodeTabText}" visible="{= ${viewModel>/Group} === 'SE'}">
					<Toolbar class="toolBarCls">
						<ComboBox name="{i18n>rrCodeTabText}" showSecondaryValues="true" items="{path:'rrModelData>/results'}" id="engRrCodeDropDown"
							loadItems="onRosterDropDown" selectionChange="onRosterDropDownSelChange" width="60%" placeholder="{i18n>selRrcode}" class="comboCls">
							<core:ListItem key="{rrModelData>Description}" text="{rrModelData>Value}" additionalText="{rrModelData>Description}"/>
						</ComboBox>
					</Toolbar>
				</IconTabFilter>
				<IconTabFilter text="{i18n>regionTabText}" key="{i18n>regionTabText}" visible="{= ${viewModel>/Group} === 'SE'}">
					<Toolbar class="toolBarCls">
						<ComboBox name="{i18n>regionTabText}" showSecondaryValues="true" items="{path:'RegionModelData>/results'}" id="engRegionDropDown"
							loadItems="onRosterDropDown" selectionChange="onRosterDropDownSelChange" width="60%" placeholder="{i18n>selRegion}" class="comboCls">
							<core:ListItem key="{RegionModelData>Description}" text="{RegionModelData>Value}" additionalText="{RegionModelData>Description}"/>
						</ComboBox>
					</Toolbar>
				</IconTabFilter>
				<IconTabFilter text="{i18n>divTabText}" key="{i18n>divTabText}" visible="{= ${viewModel>/Group} === 'SE'}">
					<Toolbar class="toolBarCls">
						<ComboBox name="{i18n>divTabText}" showSecondaryValues="true" items="{path:'DivisionModelData>/results'}" id="engDivDropDown"
							loadItems="onRosterDropDown" selectionChange="onRosterDropDownSelChange" width="60%" placeholder="{i18n>selDiv}" class="comboCls">
							<core:ListItem key="{DivisionModelData>Description}" text="{DivisionModelData>Value}" additionalText="{DivisionModelData>Description}"/>
						</ComboBox>
					</Toolbar>
				</IconTabFilter>
				<IconTabFilter text="{i18n>distTabText}" key="{i18n>distTabText}" visible="{= ${viewModel>/Group} === 'SE'}">
					<Toolbar class="toolBarCls">
						<!--<ComboBox showSecondaryValues="true" items="{path:'engStateModelData>/results'}" id="distDropDown" loadItems="onDistrictDropDown"-->
						<!--	selectionChange="onDistSelectionChange" width="60%" placeholder="{i18n>selDist}" class="comboCls">-->
						<!--	<core:ListItem key="{engStateModelData>Description}" text="{engStateModelData>Value}" additionalText="{engStateModelData>Description}"/>-->
						<!--</ComboBox>-->
						<SearchField width="100%" class="sapUiSmallMargin searchFieldCls" liveChange="onRosterLiveChange" id="dialoguDistSearch"
							placeholder="{i18n>distPlaceHolder}" search="onRosterSearch"/>
					</Toolbar>
				</IconTabFilter>
				<IconTabFilter text="{i18n>deptTabText}" key="{i18n>deptTabText}" visible="{= ${viewModel>/Group} === 'SD'}">
					<Toolbar class="toolBarCls">
						<SearchField width="100%" class="sapUiSmallMargin searchFieldCls" liveChange="onRosterLiveChange" id="dialoguTcuAtdaDeptSearch"
							placeholder="{i18n>deptSrchPlaceHolder}" search="onRosterSearch"/>
					</Toolbar>
				</IconTabFilter>
				<IconTabFilter text="{i18n>craftTabText}" key="{i18n>craftTabText}" visible="{= ${viewModel>/Group} === 'SM'}">
					<Toolbar class="toolBarCls">
						<ComboBox name="{i18n>craftTabText}" showSecondaryValues="true" items="{path:'CraftModelData>/results'}" id="mechCraftF4DropDown"
							loadItems="onRosterDropDown" selectionChange="onCraftSelectionChange" width="60%" placeholder="{i18n>selCraft}" class="comboCls">
							<core:ListItem key="{CraftModelData>Description}" text="{CraftModelData>Value}" additionalText="{CraftModelData>Description}"/>
						</ComboBox>
					</Toolbar>
				</IconTabFilter>
				<IconTabFilter text="{i18n>territoryTabText}" key="{i18n>territoryTabText}" visible="{= ${viewModel>/Group} === 'SM'}">
					<Toolbar class="toolBarCls">
						<ComboBox name="{i18n>territoryTabText}" showSecondaryValues="true" items="{path:'TerritoryModelData>/results'}"
							id="mechTerritoryF4DropDown" loadItems="onRosterDropDown" selectionChange="onMechTerritorySelectionChange" class="comboCls" width="60%"
							placeholder="{i18n>selTerritory}">
							<core:ListItem key="{TerritoryModelData>Description}" text="{TerritoryModelData>Value}" additionalText="{TerritoryModelData>Description}"/>
						</ComboBox>
					</Toolbar>
				</IconTabFilter>
				<IconTabFilter text="{i18n>cityTabText}" key="{i18n>cityTabText}" visible="{= ${viewModel>/Group} === 'SM'}">
					<Toolbar class="toolBarCls">
						<SearchField width="100%" class="sapUiSmallMargin searchFieldCls" id="dialoguMechCitySearch" placeholder="{i18n>cityPlaceHolder}"
							search="onRosterSearch"/>
					</Toolbar>
				</IconTabFilter>
				<IconTabFilter text="{i18n>stateTabText}" key="{i18n>stateTabText}" visible="{= ${viewModel>/Group} === 'SM'}">
					<Toolbar class="toolBarCls">
						<ComboBox name="{i18n>stateTabText}" showSecondaryValues="true" items="{path:'StateModelData>/results'}" id="mechStateDropDown"
							loadItems="onRosterDropDown" selectionChange="onMechStateSelectionChange" width="60%" placeholder="{i18n>selState}" class="comboCls">
							<core:ListItem key="{StateModelData>Description}" text="{StateModelData>Value}" additionalText="{StateModelData>Description}"/>
						</ComboBox>
					</Toolbar>
				</IconTabFilter>
			</items>
		</IconTabBar>
		<HBox>
			<VBox>
				<Table id="engRosterNoDescTabTable" items="{path:'RosterNoDescModelData>/results'}" includeItemInSelection="true" class="tableCls"
					growing="true" growingThreshold="20" growingScrollToLoad="true" visible="{visibleModel>/posGlobalTable}">
					<columns>
						<Column>
							<Label text="{i18n>rosterNoColumnLabel}" design="Bold" wrapping="true"/>
						</Column>
						<Column>
							<Label text="{i18n>RostdescColumnLabel}" design="Bold" wrapping="true"/>
						</Column>
						<Column>
							<Label text="{i18n>unionColumnLabel}" design="Bold" wrapping="true"/>
						</Column>
						<Column visible="{= ${viewModel>/Group} === 'SE'}">
							<Label text="{i18n>rrCodeColumnLabel}" design="Bold" wrapping="true"/>
						</Column>
						<Column visible="{= ${viewModel>/Group} === 'SE'}">
							<Label text="{i18n>regionColumnLabel}" design="Bold" wrapping="true"/>
						</Column>
						<Column visible="{= ${viewModel>/Group} === 'SE'}">
							<Label text="{i18n>divColumnLabel}" design="Bold" wrapping="true"/>
						</Column>
						<Column visible="{= ${viewModel>/Group} === 'SE'}">
							<Label text="{i18n>distColumnLabel}" design="Bold" wrapping="true"/>
						</Column>
						<Column visible="{= ${viewModel>/Group} === 'SM'}">
							<Label text="{i18n>craftColumnLabel}" design="Bold" wrapping="true"/>
						</Column>
						<Column visible="{= ${viewModel>/Group} === 'SM'}">
							<Label text="{i18n>territoryColumnLabel}" design="Bold" wrapping="true"/>
						</Column>
						<Column visible="{= ${viewModel>/Group} === 'SM'}">
							<Label text="{i18n>cityColumnLabel}" design="Bold" wrapping="true"/>
						</Column>
						<Column visible="{= ${viewModel>/Group} === 'SM'}">
							<Label text="{i18n>stateColumnLabel}" design="Bold" wrapping="true"/>
						</Column>
						<Column visible="{= ${viewModel>/Group} === 'SD'}">
							<Label text="{i18n>deptColumnLabel}" design="Bold" wrapping="true"/>
						</Column>
					</columns>
					<items>
						<ColumnListItem press="onRosterSubmit" type="Active">
							<cells>
								<Text text="{RosterNoDescModelData>RosterNo}" class="tableItemsTxtColor"/>
								<Text text="{RosterNoDescModelData>RostDesc}" class="tableItemsTxtColor"/>
								<Text text="{RosterNoDescModelData>Union}" class="tableItemsTxtColor"/>
								<Text visible="{= ${viewModel>/Group} === 'SE'}" text="{RosterNoDescModelData>RRCode}" class="tableItemsTxtColor"/>
								<Text visible="{= ${viewModel>/Group} === 'SE'}" text="{RosterNoDescModelData>Region}" class="tableItemsTxtColor"/>
								<Text visible="{= ${viewModel>/Group} === 'SE'}" text="{RosterNoDescModelData>Division}" class="tableItemsTxtColor"/>
								<Text visible="{= ${viewModel>/Group} === 'SE'}" text="{RosterNoDescModelData>District}" class="tableItemsTxtColor"/>
								<Text visible="{= ${viewModel>/Group} === 'SM'}" text="{RosterNoDescModelData>CraftType}" class="tableItemsTxtColor"/>
								<Text visible="{= ${viewModel>/Group} === 'SM'}" text="{RosterNoDescModelData>Territory}" class="tableItemsTxtColor"/>
								<Text visible="{= ${viewModel>/Group} === 'SM'}" text="{RosterNoDescModelData>City}" class="tableItemsTxtColor"/>
								<Text visible="{= ${viewModel>/Group} === 'SM'}" text="{RosterNoDescModelData>State}" class="tableItemsTxtColor"/>
								<Text visible="{= ${viewModel>/Group} === 'SD'}" text="{RosterNoDescModelData>Department}" class="tableItemsTxtColor"/>
							</cells>
						</ColumnListItem>
					</items>
				</Table>
			</VBox>
		</HBox>
		<endButton>
			<Button text="{i18n>cancel}" press="onDialogClose" class="clsBtnColorYellowRed"/>
		</endButton>
	</Dialog>
</core:FragmentDefinition>