<core:FragmentDefinition xmlns="sap.m" xmlns:core="sap.ui.core">
	<Dialog id="workSchIdTable" title="{i18n>slectTheWorkScheduleTitle}" class="sapUiSizeCompact dialog">
		<IconTabBar id="posSearchTabBar" class="clsITBarCls">
			<items>
				<IconTabFilter text="{i18n>workScheduleLabel}" key="WorkSchd">
					<Toolbar class="toolBarCls">
						<SearchField width="100%" class="sapUiSmallMargin searchFieldCls" placeholder="Work Schedule Rule" search="onWSSearch"/>
					</Toolbar>
				</IconTabFilter>
				<IconTabFilter text="{i18n>shiftTimingsLabel}" key="ShiftTimings">
					<Toolbar class="toolBarCls">
						<TimePicker id="wrkStartTime" displayFormat="HH:mm" valueFormat="HHmmss" support2400="true" change="onStChange" class="timePickerCls"></TimePicker>
						<TimePicker id="wrkEndTime" displayFormat="HH:mm" valueFormat="HHmmss" support2400="true" change="onStChange" class="timePickerCls"></TimePicker>
					</Toolbar>
				</IconTabFilter>
				<IconTabFilter text="{i18n>resrDaysLabel}" key="RestDays">
					<Toolbar class="toolBarCls">
						<ComboBox showSecondaryValues="true" items="{/RestDaysSearchhelpSet}" loadItems="onUnionDropDown" selectionChange="onWSSearch" width="60%"
							placeholder="Rest Days" class="comboCls">
							<core:ListItem key="{RestDayKey}" text="{RestDayValue}"/>
						</ComboBox>
					</Toolbar>
				</IconTabFilter>
				<IconTabFilter text="Break Period" key="BreakDuration">
					<Toolbar class="toolBarCls">
						<ComboBox showSecondaryValues="true" items="{/BreakDurationSearchhelpSet}" loadItems="onUnionDropDown" selectionChange="onWSSearch"
							width="60%" placeholder="Break Period" class="comboCls">
							<core:ListItem key="{BreakDuration}" text="{BreakDuration}"/>
						</ComboBox>
					</Toolbar>
				</IconTabFilter>
			</items>
		</IconTabBar>
		<Table id="workSchSearchHelpTable" items="{/workschsearchhelpSet}" includeItemInSelection="true" class="tableCls" growing="true"
			growingThreshold="20" growingScrollToLoad="true" visible="false">
			<columns>
				<Column width="18%">
					<Label text="{i18n>workScheduleRuleLable}" design="Bold" wrapping="true"/>
				</Column>
				<Column width="18%">
					<Label text="{i18n>workScheduleDescriptionLable}" design="Bold" wrapping="true"/>
				</Column>
				<Column>
					<Label text="{i18n>shiftTimingsLabel}" design="Bold" wrapping="true"/>
				</Column>
				<Column>
					<Label text="{i18n>resrDaysLabel}" design="Bold" wrapping="true"/>
				</Column>
				<Column >
					<Label text="{i18n>breakPeriodLable}" design="Bold" wrapping="true"/>
				</Column>
			</columns>
			<items>
				<ColumnListItem press="onWorkSchIdSubmit" type="Active">
					<cells>
						<Text text="{WorkSchd}" class="tableItemsTxtColor"/>
						<Text text="{WorkSchdDesc}" class="tableItemsTxtColor"/>
						<Text text="{ShiftStatTime}-{ShiftEndTime}" class="tableItemsTxtColor"/>
						<Text text="{RestDays}" class="tableItemsTxtColor"/>
						<Text text="{BreakDuration}" class="tableItemsTxtColor"/>
					</cells>
				</ColumnListItem>
			</items>
		</Table>
		<endButton>
			<Button text="{i18n>cancel}" press="onDialogClose" class="clsBtnColorYellowRed"/>
		</endButton>
	</Dialog>
</core:FragmentDefinition>