<edmx:Edmx xmlns:edmx="http://schemas.microsoft.com/ado/2007/06/edmx"
	xmlns:m="http://schemas.microsoft.com/ado/2007/08/dataservices/metadata" xmlns:sap="http://www.sap.com/Protocols/SAPData" Version="1.0">
	<edmx:Reference xmlns:edmx="http://docs.oasis-open.org/odata/ns/edmx"
		Uri="https://ngd.karmaautomotive.com:8000/sap/opu/odata/IWFND/CATALOGSERVICE;v=2/Vocabularies(TechnicalName='%2FIWBEP%2FVOC_COMMON',Version='0001',SAP__Origin='LOCAL')/$value"><edmx:Include Namespace="com.sap.vocabularies.Common.v1" Alias="Common"/></edmx:Reference>
	<edmx:Reference xmlns:edmx="http://docs.oasis-open.org/odata/ns/edmx"
		Uri="https://ngd.karmaautomotive.com:8000/sap/opu/odata/IWFND/CATALOGSERVICE;v=2/Vocabularies(TechnicalName='%2FIWBEP%2FVOC_CAPABILITIES',Version='0001',SAP__Origin='LOCAL')/$value"><edmx:Include Namespace="Org.OData.Capabilities.V1" Alias="Capabilities"/></edmx:Reference>
	<edmx:Reference xmlns:edmx="http://docs.oasis-open.org/odata/ns/edmx"
		Uri="https://ngd.karmaautomotive.com:8000/sap/opu/odata/IWFND/CATALOGSERVICE;v=2/Vocabularies(TechnicalName='%2FIWBEP%2FVOC_COMMUNICATION',Version='0001',SAP__Origin='LOCAL')/$value"><edmx:Include Namespace="com.sap.vocabularies.Communication.v1" Alias="Communication"/></edmx:Reference>
	<edmx:Reference xmlns:edmx="http://docs.oasis-open.org/odata/ns/edmx"
		Uri="https://ngd.karmaautomotive.com:8000/sap/opu/odata/IWFND/CATALOGSERVICE;v=2/Vocabularies(TechnicalName='%2FIWBEP%2FVOC_AGGREGATION',Version='0001',SAP__Origin='LOCAL')/$value"><edmx:Include Namespace="Org.OData.Aggregation.V1" Alias="Aggregation"/></edmx:Reference>
	<edmx:Reference xmlns:edmx="http://docs.oasis-open.org/odata/ns/edmx"
		Uri="https://ngd.karmaautomotive.com:8000/sap/opu/odata/IWFND/CATALOGSERVICE;v=2/Vocabularies(TechnicalName='%2FIWBEP%2FVOC_PERSONALDATA',Version='0001',SAP__Origin='LOCAL')/$value"><edmx:Include Namespace="com.sap.vocabularies.PersonalData.v1" Alias="PersonalData"/></edmx:Reference>
	<edmx:DataServices m:DataServiceVersion="2.0">
		<Schema xmlns="http://schemas.microsoft.com/ado/2008/09/edm" Namespace="Z001_DPR_PROJ_CDS" xml:lang="en" sap:schema-version="1">
			<EntityType Name="Z001_DPR_PROJType" sap:label="Supplier Project Report" sap:content-version="1">
				<Key><PropertyRef Name="Supplier_Number"/></Key><Property Name="Supplier_Number" Type="Edm.String" Nullable="false" MaxLength="24" sap:display-format="UpperCase" sap:label="Number"
					sap:quickinfo="Project Number"/><Property Name="Supplier_Name" Type="Edm.String" MaxLength="40" sap:label="Description" sap:quickinfo="Language-Dependent Short Text"/><Property Name="Assessment_Expiry_Date" Type="Edm.DateTime" Precision="0" sap:display-format="Date" sap:label="Assess. Expiry Date"
					sap:quickinfo="Assessment Expiry Date"/><Property Name="Assessment_Score" Type="Edm.String" MaxLength="2" sap:display-format="NonNegative" sap:label="Assessment Score"
					sap:quickinfo="PPM: Evaluation Score"/><Property Name="QA_Cert_Expiry" Type="Edm.DateTime" Precision="0" sap:display-format="Date" sap:label="QA Cert. Expiry Date"
					sap:quickinfo="ISO QA Certification Expiry Date"/><Property Name="Supplier_Status" Type="Edm.String" MaxLength="2" sap:display-format="UpperCase" sap:label="Vendor Status"/><Property Name="Supplier_Status_Txt" Type="Edm.String" MaxLength="60" sap:label="Short Descript."
					sap:quickinfo="Short Text for Fixed Values"/><Property Name="Module_Group" Type="Edm.String" MaxLength="9" sap:display-format="UpperCase" sap:label="Module Group"/><Property Name="Module_Group_Txt" Type="Edm.String" MaxLength="60" sap:label="Short Descript." sap:quickinfo="Short Text for Fixed Values"/><Property Name="Manuf_Location" Type="Edm.String" MaxLength="3" sap:display-format="UpperCase" sap:label="Manuf. Loc"
					sap:quickinfo="Manuf. Location"/><Property Name="Manuf_Location_Txt" Type="Edm.String" MaxLength="15" sap:label="Name" sap:quickinfo="Country Name"/></EntityType>
			<EntityContainer Name="Z001_DPR_PROJ_CDS_Entities" m:IsDefaultEntityContainer="true" sap:message-scope-supported="true"
				sap:supported-formats="atom json xlsx"><EntitySet Name="Z001_DPR_PROJ" EntityType="Z001_DPR_PROJ_CDS.Z001_DPR_PROJType" sap:creatable="false" sap:updatable="false"
				sap:deletable="false" sap:content-version="1"/></EntityContainer>
			<Annotations xmlns="http://docs.oasis-open.org/odata/ns/edm" Target="Z001_DPR_PROJ_CDS.Z001_DPR_PROJ_CDS_Entities">
				<Annotation Term="Aggregation.ApplySupported">
					<Record>
						<PropertyValue Property="Transformations">
							<Collection>
								<String>aggregate</String>
								<String>groupby</String>
								<String>filter</String>
							</Collection>
						</PropertyValue><PropertyValue Property="Rollup" EnumMember="None"/></Record>
				</Annotation>
			</Annotations><atom:link xmlns:atom="http://www.w3.org/2005/Atom" rel="self"
				href="https://ngd.karmaautomotive.com:8000/sap/opu/odata/sap/Z001_DPR_PROJ_CDS/$metadata"/><atom:link xmlns:atom="http://www.w3.org/2005/Atom" rel="latest-version"
				href="https://ngd.karmaautomotive.com:8000/sap/opu/odata/sap/Z001_DPR_PROJ_CDS/$metadata"/></Schema>
	</edmx:DataServices>
</edmx:Edmx>