{
  "test/integration/WorklistJourney-dbg.js": 1587013540000,
  "test/integration/ObjectJourney.js": 1587013540000,
  "test/unit/model/models.js": 1587013540000,
  "test/unit/model/formatter.js": 1587013540000,
  "test/unit/helper/FakeI18nModel.js": 1587013540000,
  "test/integration/pages/shareOptions.js": 1587013540000,
  "test/integration/pages/Worklist.js": 1587013540000,
  "test/integration/pages/Object.js": 1587013540000,
  "test/integration/pages/NotFound.js": 1587013540000,
  "test/integration/pages/Common.js": 1587013540000,
  "test/integration/pages/Browser.js": 1587013540000,
  "test/integration/pages/App.js": 1587013540000,
  "test/unit/allTests.js": 1587013540000,
  "test/integration/WorklistJourney.js": 1587013540000,
  "manifest.json": 1587024404477,
  "test/integration/NotFoundJourney.js": 1587013540000,
  "test/integration/NavigationJourney.js": 1587013540000,
  "test/integration/AllJourneys.js": 1587013540000,
  "model/models.js": 1587013540000,
  "model/formatter.js": 1587013540000,
  "localService/mockserver.js": 1587013540000,
  "controller/Worklist.controller.js": 1587013540000,
  "controller/TCU_ATDA_Form.controller.js": 1587013540000,
  "controller/Object.controller.js": 1587013540000,
  "controller/NotFound.controller.js": 1587013540000,
  "controller/MechForm.controller.js": 1587013540000,
  "controller/ErrorHandler.js": 1587013540000,
  "controller/BaseController.js": 1587013540000,
  "controller/App.controller.js": 1587013540000,
  "Component.js": 1587013540000,
  "manifest-bundle.zip": 1587024402818,
  "Component-preload.js": 1587024404042,
  "test/unit/helper/FakeI18nModel-dbg.js": 1587013540000,
  "test/unit/model/formatter-dbg.js": 1587013540000,
  "test/unit/model/models-dbg.js": 1587013540000,
  "test/integration/pages/shareOptions-dbg.js": 1587013540000,
  "test/integration/pages/Worklist-dbg.js": 1587013540000,
  "test/integration/pages/Object-dbg.js": 1587013540000,
  "test/integration/pages/NotFound-dbg.js": 1587013540000,
  "test/integration/pages/Common-dbg.js": 1587013540000,
  "test/integration/pages/Browser-dbg.js": 1587013540000,
  "test/integration/pages/App-dbg.js": 1587013540000,
  "test/unit/allTests-dbg.js": 1587013540000,
  "i18n/i18n.properties": 1587013540000,
  "test/integration/ObjectJourney-dbg.js": 1587013540000,
  "test/integration/NotFoundJourney-dbg.js": 1587013540000,
  "test/integration/NavigationJourney-dbg.js": 1587013540000,
  "test/integration/AllJourneys-dbg.js": 1587013540000,
  "model/models-dbg.js": 1587013540000,
  "model/formatter-dbg.js": 1587013540000,
  "localService/mockserver-dbg.js": 1587013540000,
  "controller/Worklist-dbg.controller.js": 1587013540000,
  "controller/TCU_ATDA_Form-dbg.controller.js": 1587013540000,
  "controller/Object-dbg.controller.js": 1587013540000,
  "controller/NotFound-dbg.controller.js": 1587013540000,
  "controller/MechForm-dbg.controller.js": 1587013540000,
  "controller/ErrorHandler-dbg.js": 1587013540000,
  "controller/BaseController-dbg.js": 1587013540000,
  "controller/App-dbg.controller.js": 1587013540000,
  "Component-dbg.js": 1587013540000,
  "neo-app.json": 1587024404457,
  "di.code-validation.core_issues.json": 1587024407727,
  "resources.json": 1587024407761,
  "test/unit/unitTests.qunit.html": 1587013540000,
  "test/integration/opaTests.qunit.html": 1587013540000,
  "view/Worklist.view.xml": 1587013540000,
  "view/TCU_ATDA_Form.view.xml": 1587013540000,
  "view/ObjectNotFound.view.xml": 1587013540000,
  "view/Object.view.xml": 1587013540000,
  "view/NotFound.view.xml": 1587013540000,
  "view/MechForm.view.xml": 1587013540000,
  "view/App.view.xml": 1587013540000,
  "test/testsuite.qunit.html": 1587013540000,
  "test/mockServer.html": 1587013540000,
  "localService/metadata.xml": 1587013540000,
  "fragments/TCUATDA.fragment.xml": 1587013540000,
  "fragments/MechBump.fragment.xml": 1587013540000,
  "fragments/FilterPopover.fragment.xml": 1587013540000,
  "fragments/EmpId.fragment.xml": 1587013540000,
  "fragments/BumpStoppedComments.fragment.xml": 1587013540000,
  "css/style.css": 1587013540000,
  "css/TracsImage.jpg": 1587013540000,
  "css/NSLogo_soaring_black.png": 1587013540000,
  "test.html": 1587013540000,
  "index.html": 1587013540000
}