<edmx:Edmx
    xmlns:edmx="http://schemas.microsoft.com/ado/2007/06/edmx"
    xmlns:m="http://schemas.microsoft.com/ado/2007/08/dataservices/metadata"
    xmlns:sap="http://www.sap.com/Protocols/SAPData" Version="1.0">
    <edmx:DataServices m:DataServiceVersion="2.0">
        <Schema
            xmlns="http://schemas.microsoft.com/ado/2008/09/edm" Namespace="ZMM_BARCODE_DETAILS_SRV" xml:lang="en" sap:schema-version="1">
            <EntityType Name="PO_ITEM_DETAILS" sap:content-version="1">
                <Key>
                    <PropertyRef Name="PoNumber"/>
                </Key>
                <Property Name="PoNumber" Type="Edm.String" Nullable="false" MaxLength="10" sap:unicode="false" sap:label="Purchasing Doc." sap:creatable="false" sap:updatable="false" sap:sortable="false" sap:filterable="false"/>
                <Property Name="ItemNo" Type="Edm.String" Nullable="false" MaxLength="5" sap:unicode="false" sap:label="Item" sap:creatable="false" sap:updatable="false" sap:sortable="false" sap:filterable="false"/>
                <Property Name="Material" Type="Edm.String" Nullable="false" MaxLength="18" sap:unicode="false" sap:label="Material" sap:creatable="false" sap:updatable="false" sap:sortable="false" sap:filterable="false"/>
                <Property Name="Quantity" Type="Edm.Decimal" Nullable="false" Precision="13" Scale="3" sap:unicode="false" sap:label="PO Quantity" sap:creatable="false" sap:updatable="false" sap:sortable="false" sap:filterable="false"/>
                <Property Name="MaterialDescription" Type="Edm.String" Nullable="false" MaxLength="40" sap:unicode="false" sap:label="Description" sap:creatable="false" sap:updatable="false" sap:sortable="false" sap:filterable="false"/>
                <Property Name="Unit" Type="Edm.String" Nullable="false" MaxLength="3" sap:unicode="false" sap:label="Base Unit" sap:creatable="false" sap:updatable="false" sap:sortable="false" sap:filterable="false" sap:semantics="unit-of-measure"/>
                <Property Name="UnitPrice" Type="Edm.String" Nullable="false" MaxLength="3" sap:unicode="false" sap:label="PO Price Unit" sap:creatable="false" sap:updatable="false" sap:sortable="false" sap:filterable="false" sap:semantics="unit-of-measure"/>
                <Property Name="Amount" Type="Edm.Decimal" Nullable="false" Precision="16" Scale="3" sap:unicode="false" sap:label="Net Value" sap:creatable="false" sap:updatable="false" sap:sortable="false" sap:filterable="false"/>
                <NavigationProperty Name="NavfromPOtoPOset" Relationship="ZMM_BARCODE_DETAILS_SRV.AssfromPOtoPOset" FromRole="FromRole_AssfromPOtoPOset" ToRole="ToRole_AssfromPOtoPOset"/>
            </EntityType>
            <EntityType Name="VENDOR_DETAILS" sap:content-version="1">
                <Key>
                    <PropertyRef Name="Vendor"/>
                </Key>
                <Property Name="Vendor" Type="Edm.String" Nullable="false" MaxLength="10" sap:unicode="false" sap:label="Vendor" sap:creatable="false" sap:updatable="false" sap:sortable="false" sap:filterable="false"/>
                <Property Name="PersonCreated" Type="Edm.String" Nullable="false" MaxLength="12" sap:unicode="false" sap:label="Created By" sap:creatable="false" sap:updatable="false" sap:sortable="false" sap:filterable="false"/>
                <Property Name="PurchasingGroup" Type="Edm.String" Nullable="false" MaxLength="3" sap:unicode="false" sap:label="Purch. Group" sap:creatable="false" sap:updatable="false" sap:sortable="false" sap:filterable="false"/>
                <Property Name="Amount" Type="Edm.Decimal" Nullable="false" Precision="16" Scale="3" sap:unicode="false" sap:label="Net Value" sap:creatable="false" sap:updatable="false" sap:sortable="false" sap:filterable="false"/>
                <Property Name="PoNumber" Type="Edm.String" Nullable="false" MaxLength="10" sap:unicode="false" sap:label="Purchasing Doc." sap:creatable="false" sap:updatable="false" sap:sortable="false" sap:filterable="false"/>
                <Property Name="PoDescription" Type="Edm.String" Nullable="false" MaxLength="40" sap:unicode="false" sap:label="Description" sap:creatable="false" sap:updatable="false" sap:sortable="false" sap:filterable="false"/>
                <Property Name="EntryDate" Type="Edm.DateTime" Nullable="false" Precision="7" sap:unicode="false" sap:label="Changed On" sap:creatable="false" sap:updatable="false" sap:sortable="false" sap:filterable="false"/>
            </EntityType>
            <EntityType Name="USER_DETAILS" sap:content-version="1">
                <Key>
                    <PropertyRef Name="PersonCreated"/>
                </Key>
                <Property Name="PurchasingGroup" Type="Edm.String" Nullable="false" MaxLength="3" sap:unicode="false" sap:label="Purch. Group" sap:creatable="false" sap:updatable="false" sap:sortable="false" sap:filterable="false"/>
                <Property Name="Vendor" Type="Edm.String" Nullable="false" MaxLength="10" sap:unicode="false" sap:label="Vendor" sap:creatable="false" sap:updatable="false" sap:sortable="false" sap:filterable="false"/>
                <Property Name="Amount" Type="Edm.Decimal" Nullable="false" Precision="16" Scale="3" sap:unicode="false" sap:label="Net Value" sap:creatable="false" sap:updatable="false" sap:sortable="false" sap:filterable="false"/>
                <Property Name="PoNumber" Type="Edm.String" Nullable="false" MaxLength="10" sap:unicode="false" sap:label="Purchasing Doc." sap:creatable="false" sap:updatable="false" sap:sortable="false" sap:filterable="false"/>
                <Property Name="PoDescription" Type="Edm.String" Nullable="false" MaxLength="40" sap:unicode="false" sap:label="Description" sap:creatable="false" sap:updatable="false" sap:sortable="false" sap:filterable="false"/>
                <Property Name="EntryDate" Type="Edm.DateTime" Nullable="false" Precision="7" sap:unicode="false" sap:label="Changed On" sap:creatable="false" sap:updatable="false" sap:sortable="false" sap:filterable="false"/>
                <Property Name="PersonCreated" Type="Edm.String" Nullable="false" MaxLength="12" sap:unicode="false" sap:label="Created By" sap:creatable="false" sap:updatable="false" sap:sortable="false" sap:filterable="false"/>
            </EntityType>
            <Association Name="AssfromPOtoPOset" sap:content-version="1">
                <End Type="ZMM_BARCODE_DETAILS_SRV.PO_ITEM_DETAILS" Multiplicity="1" Role="FromRole_AssfromPOtoPOset"/>
                <End Type="ZMM_BARCODE_DETAILS_SRV.USER_DETAILS" Multiplicity="*" Role="ToRole_AssfromPOtoPOset"/>
                <ReferentialConstraint>
                    <Principal Role="FromRole_AssfromPOtoPOset">
                        <PropertyRef Name="PoNumber"/>
                    </Principal>
                    <Dependent Role="ToRole_AssfromPOtoPOset">
                        <PropertyRef Name="PoNumber"/>
                    </Dependent>
                </ReferentialConstraint>
            </Association>
            <EntityContainer Name="ZMM_BARCODE_DETAILS_SRV_Entities" m:IsDefaultEntityContainer="true" sap:supported-formats="atom json xlsx">
                <EntitySet Name="PO_ITEM_DETAILSSet" EntityType="ZMM_BARCODE_DETAILS_SRV.PO_ITEM_DETAILS" sap:creatable="false" sap:updatable="false" sap:deletable="false" sap:pageable="false" sap:content-version="1"/>
                <EntitySet Name="VENDOR_DETAILSSet" EntityType="ZMM_BARCODE_DETAILS_SRV.VENDOR_DETAILS" sap:creatable="false" sap:updatable="false" sap:deletable="false" sap:pageable="false" sap:content-version="1"/>
                <EntitySet Name="USER_DETAILSSet" EntityType="ZMM_BARCODE_DETAILS_SRV.USER_DETAILS" sap:creatable="false" sap:updatable="false" sap:deletable="false" sap:pageable="false" sap:content-version="1"/>
                <AssociationSet Name="AssfromPOtoPOsetSet" Association="ZMM_BARCODE_DETAILS_SRV.AssfromPOtoPOset" sap:creatable="false" sap:updatable="false" sap:deletable="false" sap:content-version="1">
                    <End EntitySet="PO_ITEM_DETAILSSet" Role="FromRole_AssfromPOtoPOset"/>
                    <End EntitySet="USER_DETAILSSet" Role="ToRole_AssfromPOtoPOset"/>
                </AssociationSet>
            </EntityContainer>
            <atom:link
                xmlns:atom="http://www.w3.org/2005/Atom" rel="self" href="./sap/ZMM_BARCODE_DETAILS_SRV/$metadata"/>
                <atom:link
                    xmlns:atom="http://www.w3.org/2005/Atom" rel="latest-version" href="./sap/ZMM_BARCODE_DETAILS_SRV/$metadata"/>
                </Schema>
            </edmx:DataServices>
        </edmx:Edmx>