<core:FragmentDefinition xmlns="sap.m" xmlns:core="sap.ui.core" xmlns:f="sap.ui.layout.form" xmlns:l="sap.ui.layout">
	<f:SimpleForm layout="ResponsiveGridLayout" editable="true" labelSpanXL="4" labelSpanL="3" labelSpanM="4" labelSpanS="12"
		adjustLabelSpan="false" emptySpanXL="0" emptySpanL="4" emptySpanM="0" emptySpanS="0" columnsXL="2" columnsL="1" columnsM="1"
		singleContainerFullSize="false" busy="{visibleModel>/formBusy}" class="formHeaderTitle">
		<Label text="Proposed Action" design="Bold"></Label>
		<Select selectedKey="{visibleModel>/proposedAction}" change="onChangeProposedActionFP">
			<core:Item key="" text=""/>
			<core:Item key="Appointment (01)" text="Appointment (01)"/>
			<core:Item key="Re-Appointment (11)" text="Re-Appointment (11)"/>
			<core:Item key="Re-Assignment (06)" text="Re-Assignment (06)"/>
			<core:Item key="Temporary Duty (TDY) (22)" text="Temporary Duty (TDY) (22)"/>
			<layoutData>
				<l:GridData span="XL4 L3 M4 S12"/>
			</layoutData>
		</Select>
		<Label text="{i18n>propsedDate}" design="Bold">
			<layoutData>
				<l:GridData span="XL3 L2 M2 S4"/>
			</layoutData>
		</Label>
		<DatePicker value="{visibleModel>/effectiveDate}" displayFormat="MM/dd/yyyy" valueFormat="MM/dd/yyyy">
			<layoutData>
				<l:GridData span="XL3 L2 M2 S4"/>
			</layoutData>
		</DatePicker>
		<Label text="Action Reason" design="Bold"></Label>
		<ComboBox selectedKey="{visibleModel>/actionReason}" items="{actionReasonModel>/}">
			<core:Item key="" text=""/>
			<core:Item key="{actionReasonModel>ActionReason}" text="{actionReasonModel>ActionReason}"/>
			<layoutData>
				<l:GridData span="XL4 L3 M4 S12"/>
			</layoutData>
		</ComboBox>
		<Label ></Label>
		<Text/>
		<core:Title text="Personal Details"/>
		<Text text="{i18n>reappointment}" class="noteText" visible="visibleModel>/noteText"/>
		<Label text="First Name" design="Bold" visible="{visibleModel>/firstNameVisible}"/>
		<Input value="{visibleModel>/firstName}" liveChange="onHandleValStateFP" name="firstName" valueState="{visibleModel>/firstNameVS}"
			visible="{visibleModel>/firstNameVisible}">
			<layoutData >
				<l:GridData span="XL4 L3 M4 S12"/>
			</layoutData>
		</Input>
		<Label text="Last Name" design="Bold" visible="{visibleModel>/lastNameVisible}"/>
		<Input value="{visibleModel>/lastName}" valueState="{visibleModel>/lastNameVS}" name="lastName" visible="{visibleModel>/lastNameVisible}">
			<layoutData>
				<l:GridData span="XL4 L3 M4 S12"/>
			</layoutData>
		</Input>
		<Label ></Label>
		<Button text="Search Employee" press="onLoadName" visible="{visibleModel>/searchBtnVis}">
			<layoutData>
				<l:GridData span="XL4 L2 M4 S12"/>
			</layoutData>
		</Button>
		<Label text="Name (Last name First name)" design="Bold" visible="{visibleModel>/name}"/>
		<ComboBox selectedKey="{visibleModel>/fullName}" items="{nameModel>/}" selectionChange="onLoadEmployeeDef"  visible="{visibleModel>/name}">
			
			<core:Item key="{nameModel>Name}" text="{nameModel>Name}"/>
			<layoutData>
				<l:GridData span="XL4 L3 M4 S12"/>
			</layoutData>
		</ComboBox>
		<Label text="Personnel No" design="Bold" visible="{visibleModel>/reAppointmentVis}"/>
		<Text text="{employeeDetails>/EeId}" visible="{visibleModel>/reAppointmentVis}"/>
		
		<Label text="Employee Group" design="Bold" visible="{visibleModel>/appoinmentVis}"/>
		<ComboBox selectedKey="{visibleModel>/employeeGrp}" items="{empGrpModel>/}" name="empGrp" loadItems="getDropDownData" visible="{visibleModel>/appoinmentVis}">
			<core:Item key="{empGrpModel>Eegrp}" text="{empGrpModel>Eegrp}"/>
			<layoutData>
				<l:GridData span="XL4 L3 M4 S12"/>
			</layoutData>
		</ComboBox>
		
		<Label text="Employee Group" design="Bold" visible="{visibleModel>/reAppointmentVis}"/>
		<Text text="{employeeDetails>/Eegrp}" visible="{visibleModel>/reAppointmentVis}" >
			<layoutData visible="{visibleModel>/reAppointment}">
				<l:GridData span="XL4 L3 M4 S12"/>
			</layoutData>
		</Text>
		<ComboBox selectedKey="{visibleModel>/employeeGrp}" items="{empGrpModel>/}" name="empGrp" loadItems="getDropDownData" visible="{visibleModel>/reAppointmentVis}">
			<core:Item key="{empGrpModel>Eegrp}" text="{empGrpModel>Eegrp}"/>
			<layoutData>
				<l:GridData span="XL4 L3 M4 S12"/>
			</layoutData>
		</ComboBox>
		
		<Label text="Employee SubGroup" design="Bold" visible="{visibleModel>/appoinmentVis}"/>
		<ComboBox selectedKey="{visibleModel>/employeeSubGrp}" name="empSubGrp" items="{empGrpModel>/}" loadItems="getDropDownData" visible="{visibleModel>/appoinmentVis}">
			<core:Item key="{empGrpModel>Eesgrp}" text="{empGrpModel>Eesgrp}"/>
			<layoutData>
				<l:GridData span="XL4 L3 M4 S12"/>
			</layoutData>
		</ComboBox>
		
		<Label text="Employee SubGroup" design="Bold" visible="{visibleModel>/reAppointmentVis}"/>
		<Text text="{employeeDetails>/Eesgrp}" visible="{visibleModel>/reAppointmentVis}">
			<layoutData>
				<l:GridData span="XL4 L3 M4 S12"/>
			</layoutData>
		</Text>
		<ComboBox selectedKey="{visibleModel>/employeeSubGrp}" name="empSubGrp" items="{empGrpModel>/}" loadItems="getDropDownData" visible="{visibleModel>/reAppointmentVis}">
			<core:Item key="{empGrpModel>Eesgrp}" text="{empGrpModel>Eesgrp}"/>
			<layoutData>
				<l:GridData span="XL4 L3 M4 S12"/>
			</layoutData>
		</ComboBox>
		
		<Label text="Employee Grade" design="Bold" visible="{visibleModel>/appoinmentVis}"/>
		<ComboBox selectedKey="{visibleModel>/employeeGrade}" name="empGrade" items="{empGradeModel>/}" loadItems="getDropDownData" visible="{visibleModel>/appoinmentVis}">
			<core:Item key="{empGradeModel>Eegrade}" text="{empGradeModel>Eegrade}"/>
			<layoutData>
				<l:GridData span="XL4 L3 M4 S12"/>
			</layoutData>
		</ComboBox>
		
		<Label text="Employee Grade" design="Bold" visible="{visibleModel>/reAppointmentVis}"/>
		<Text text="{employeeDetails>/Eegrade}" visible="{visibleModel>/reAppointmentVis}">
			<layoutData>
				<l:GridData span="XL4 L3 M4 S12"/>
			</layoutData>
		</Text>
		<ComboBox selectedKey="{visibleModel>/employeeGrade}" name="empGrade" items="{empGradeModel>/}" loadItems="getDropDownData" visible="{visibleModel>/reAppointmentVis}">
			<core:Item key="{empGradeModel>Eegrade}" text="{empGradeModel>Eegrade}"/>
			<layoutData>
				<l:GridData span="XL4 L3 M4 S12"/>
			</layoutData>
		</ComboBox>
		<Label text="Contract Type" design="Bold" visible="{visibleModel>/appoinmentVis}"/>
		<ComboBox selectedKey="{visibleModel>/contractType}" name="contractType" items="{contractTypeModel>/}" loadItems="getDropDownData"
			visible="{visibleModel>/appoinmentVis}" valueState="{visibleModel>/contractNteVS}">
			<core:Item key="{contractTypeModel>Ctype}" text="{contractTypeModel>Ctype}"/>
			<layoutData>
				<l:GridData span="XL4 L3 M4 S12"/>
			</layoutData>
		</ComboBox>
		
		<Label text="Contract Type" design="Bold" visible="{visibleModel>/reAppointmentVis}"/>
		<Text text="{employeeDetails>/Ctype}" visible="{visibleModel>/reAppointmentVis}">
			<layoutData>
				<l:GridData span="XL4 L3 M4 S12"/>
			</layoutData>
		</Text>
		<ComboBox selectedKey="{visibleModel>/contractType}" name="contractType" items="{contractTypeModel>/}" loadItems="getDropDownData"
			visible="{visibleModel>/reAppointmentVis}" valueState="{visibleModel>/contractNteVS}">
			<core:Item key="{contractTypeModel>Ctype}" text="{contractTypeModel>Ctype}"/>
			<layoutData>
				<l:GridData span="XL4 L3 M4 S12"/>
			</layoutData>
		</ComboBox>
		
		<Label text="Contract NTE" design="Bold" visible="{visibleModel>/appoinmentVis}"/>
		<DatePicker value="{visibleModel>/fundingNteNew}" displayFormat="MM/dd/yyyy" valueFormat="MM/dd/yyyy" visible="{visibleModel>/appoinmentVis}">
			<layoutData>
				<l:GridData span="XL3 L2 M2 S4"/>
			</layoutData>
		</DatePicker>
		
		<Label text="Contract NTE" design="Bold" visible="{visibleModel>/reAppointmentVis}"/>
		<Text text="{path: 'employeeDetails>/Cnte', formatter: '.formatter.formatDate'}" visible="{visibleModel>/reAppointmentVis}">
			<layoutData>
				<l:GridData span="XL4 L3 M4 S12"/>
			</layoutData>
		</Text>
		<DatePicker value="{visibleModel>/fundingNteNew}" displayFormat="MM/dd/yyyy" valueFormat="MM/dd/yyyy" visible="{visibleModel>/reAppointmentVis}">
			<layoutData>
				<l:GridData span="XL3 L2 M2 S4"/>
			</layoutData>
		</DatePicker>
		
		<Label text="Work Schedule Rule" design="Bold" visible="{visibleModel>/appoinmentVis}"/>
		<ComboBox selectedKey="{visibleModel>/workSchedule}" name="workSchedle" items="{wrkSchdleModel>/}" loadItems="getDropDownData"
			visible="{visibleModel>/appoinmentVis}">
			<core:Item key="{wrkSchdleModel>Wstext}" text="{wrkSchdleModel>Wstext}" />
			<layoutData>
				<l:GridData span="XL4 L3 M4 S12"/>
			</layoutData>
		</ComboBox>
		
		<Label text="Work Schedule Rule" design="Bold" visible="{visibleModel>/reAppointmentVis}"/>
		<Text text="{employeeDetails>/Wsrule}" visible="{visibleModel>/reAppointmentVis}">
			<layoutData>
				<l:GridData span="XL4 L3 M4 S12"/>
			</layoutData>
		</Text>
		<ComboBox selectedKey="{visibleModel>/workSchedule}" name="workSchedle" items="{wrkSchdleModel>/}" loadItems="getDropDownData"
			visible="{visibleModel>/reAppointmentVis}">
			<core:Item key="{wrkSchdleModel>Wstext}" text="{wrkSchdleModel>Wstext}" />
			<layoutData>
				<l:GridData span="XL4 L3 M4 S12"/>
			</layoutData>
		</ComboBox>
		<Label text="Country of Admin. DS" design="Bold" visible="{visibleModel>/reAppointmentVis"/>
		<Text text="{employeeDetails>/Country}" visible="{visibleModel>/reAppointmentVis}">
			<layoutData>
				<l:GridData span="XL4 L3 M4 S12"/>
			</layoutData>
		</Text>
		<Label text="Administrative DS" design="Bold" visible="{visibleModel>/reAppointmentVis}"/>
		<Text text="{employeeDetails>/DutyStation}" visible="{visibleModel>/reAppointmentVis}">
			<layoutData>
				<l:GridData span="XL4 L3 M4 S12"/>
			</layoutData>
		</Text>
		<core:Title text="POSITION DETAILS"/>
		<Label text="{i18n>posNumber}" design="Bold"></Label>
		<Text text="{positionFormModel>/PosId}">
			<layoutData>
				<l:GridData span="XL4 L3 M4 S12"/>
			</layoutData>
		</Text>
		<Label text="{i18n>job}" design="Bold"/>
		<Text text="{positionFormModel>/Job}">
			<layoutData>
				<l:GridData span="XL4 L3 M4 S12"/>
			</layoutData>
		</Text>
		<Label text="Position Text/Title" design="Bold"></Label>
		<Text text="{positionFormModel>/PosText}">
			<layoutData>
				<l:GridData span="XL4 L3 M4 S12"/>
			</layoutData>
		</Text>
		<Label text="{i18n>orgUnit}" design="Bold"/>
		<Text text="{positionFormModel>/OrgUnit}">
			<layoutData>
				<l:GridData span="XL4 L3 M4 S12"/>
			</layoutData>
		</Text>
		<Label text="{i18n>employeeGrp}" design="Bold"/>
		<Text text="{positionFormModel>/Eegrp}">
			<layoutData>
				<l:GridData span="XL4 L3 M4 S12"/>
			</layoutData>
		</Text>
		<Label text="{i18n>employeeSubGrp}" design="Bold"/>
		<Text text="{positionFormModel>/Eesgrp}">
			<layoutData>
				<l:GridData span="XL4 L3 M4 S12"/>
			</layoutData>
		</Text>
		<Label text="{i18n>posGrade}" design="Bold"/>
		<Text text="{positionFormModel>/PosGrade}">
			<layoutData>
				<l:GridData span="XL4 L3 M4 S12"/>
			</layoutData>
		</Text>
		<Label text="{i18n>workSchedule} Percentage" design="Bold"/>
		<Text text="{positionFormModel>/Workschedule}">
			<layoutData>
				<l:GridData span="XL4 L3 M4 S12"/>
			</layoutData>
		</Text>
		<Label text="{i18n>countryActDS}" design="Bold"/>
		<Text text="">
			<layoutData>
				<l:GridData span="XL4 L3 M4 S12"/>
			</layoutData>
		</Text>
		<Label text="{i18n>actDutyStation}" design="Bold"/>
		<Text text="{positionFormModel>/Parea}">
			<layoutData>
				<l:GridData span="XL4 L3 M4 S12"/>
			</layoutData>
		</Text>
		<Label text="{i18n>posType}" design="Bold"/>
		<Text text="{positionFormModel>/PosType}">
			<layoutData>
				<l:GridData span="XL4 L3 M4 S12"/>
			</layoutData>
		</Text>
		<Label text="{i18n>fundNTE}" design="Bold"/>
		<Text text="{positionFormModel>/Nte}">
			<layoutData>
				<l:GridData span="XL4 L3 M4 S12"/>
			</layoutData>
		</Text>
		<Label text="{i18n>daily}" design="Bold"/>
		<Input value="{visibleModel>/daily}">
			<layoutData>
				<l:GridData span="XL4 L2 M4 S12"/>
			</layoutData>
		</Input>
		<Label text="{i18n>monthly}" design="Bold"/>
		<Input value="{visibleModel>/monthly}">
			<layoutData>
				<l:GridData span="XL4 L2 M4 S12"/>
			</layoutData>
		</Input>
		<Label text="{i18n>pensioner}" design="Bold"/>
		<Input value="{visibleModel>/unPensioner}">
			<layoutData>
				<l:GridData span="XL4 L2 M4 S12"/>
			</layoutData>
		</Input>
		<Label text="{i18n>tdy}" design="Bold"/>
		<DatePicker value="{visibleModel>/TDYNte}" displayFormat="MM/dd/yyyy" valueFormat="MM/dd/yyyy" visible="false">
			<layoutData>
				<l:GridData span="XL4 L2 M4 S12"/>
			</layoutData>
		</DatePicker>
		<Label text="{i18n>remarks}" design="Bold"></Label>
		<TextArea value="{visibleModel>/remarks}" rows="7" maxLength="500">
			<layoutData>
				<l:GridData span="XL6 L6 M6 S12"/>
			</layoutData>
		</TextArea>
	</f:SimpleForm>
</core:FragmentDefinition>