<core:FragmentDefinition xmlns="sap.m" xmlns:core="sap.ui.core" xmlns:f="sap.ui.layout.form" xmlns:l="sap.ui.layout">
	<f:SimpleForm layout="ResponsiveGridLayout" editable="true" emptySpanL="6" columnsL="2" busy="{visibleModel>/formBusy}" class="form">
		<Label></Label>
		<Text>
			<layoutData>
				<l:GridData span="XL4 L3 M4 S12"/>
			</layoutData>
		</Text>
		<Label text="{i18n>propsedDate}" design="Bold">
			<layoutData>
				<l:GridData span="XL4 L2 M4 S12"/>
			</layoutData>
		</Label>
		<DatePicker value="{visibleModel>/effectiveDate}" displayFormat="MM/dd/yyyy" valueFormat="MM/dd/yyyy" valueState="{visibleModel>/valueStateEffDate}">
			<layoutData>
				<l:GridData span="XL4 L3 M4 S12"/>
			</layoutData>
		</DatePicker>
		<Label text="{i18n>orgUnitPos}" design="Bold"/>
		<Text text="{positionFormModel>/OrgUnit}">
			<layoutData>
				<l:GridData span="XL4 L3 M4 S12"/>
			</layoutData>
		</Text>
		<Input value="{visibleModel>/orgUnit}" showValueHelp="true" valueHelpRequest="onLoadOrgUnit">
			<layoutData>
				<l:GridData span="XL4 L3 M4 S12"/>
			</layoutData>
		</Input>
		<Label text="{i18n>posNumber}" design="Bold"></Label>
		<Text text="{positionFormModel>/PosId}">
			<layoutData>
				<l:GridData span="XL4 L3 M4 S12"/>
			</layoutData>
		</Text>
		<Label text="{i18n>job}" design="Bold"/>
		<Text text="{positionFormModel>/Job}">
			<layoutData>
				<l:GridData span="XL4 L3 M4 S12"/>
			</layoutData>
		</Text>
		<Label text="{i18n>posTitle}" design="Bold"></Label>
		<Text text="{positionFormModel>/PosText}">
			<layoutData>
				<l:GridData span="XL4 L3 M4 S12"/>
			</layoutData>
		</Text>
		<Label text="{i18n>posGrade}" design="Bold"/>
		<Text text="{positionFormModel>/PosGrade}">
			<layoutData>
				<l:GridData span="XL4 L3 M4 S12"/>
			</layoutData>
		</Text>
		<Label text="{i18n>posFundNTE}" design="Bold"/>
		<Text text="{positionFormModel>/Nte}">
			<layoutData>
				<l:GridData span="XL4 L3 M4 S12"/>
			</layoutData>
		</Text>
		<Label text="{i18n>workSchedule}" design="Bold"/>
		<Text text="{positionFormModel>/Workschedule}">
			<layoutData>
				<l:GridData span="XL4 L3 M4 S12"/>
			</layoutData>
		</Text>
		<Label text="{i18n>costCenter}" design="Bold"/>
		<Text >
			<layoutData>
				<l:GridData span="XL4 L3 M4 S12"/>
			</layoutData>
		</Text>
		<Label text="{i18n>prsnlArea} " design="Bold"/>
		<Text text="{positionFormModel>/Parea}">
			<layoutData>
				<l:GridData span="XL4 L3 M4 S12"/>
			</layoutData>
		</Text>
		<Label text="{i18n>persnlSubArea}" design="Bold"/>
		<Text text="Rome">
			<layoutData>
				<l:GridData span="XL4 L3 M4 S12"/>
			</layoutData>
		</Text>
		<Label text="{i18n>intrnlOrder}" design="Bold"/>
		<Text text="61599(CCI 2023 APPR1 OED A MR5 COSMOS SECTARIA)">
			<layoutData>
				<l:GridData span="XL4 L4 M4 S12"/>
			</layoutData>
		</Text>
		<Label text="{i18n>wbs}" design="Bold"/>
		<Text text="">
			<layoutData>
				<l:GridData span="XL4 L3 M4 S12"/>
			</layoutData>
		</Text>
		<Label/>
		<Text>
			<layoutData>
				<l:GridData span="XL4 L3 M4 S12"/>
			</layoutData>
		</Text>
		<Label text="{i18n>clearedBy}" design="Bold">
			<layoutData>
				<l:GridData span="XL4 L1 M4 S12"/>
			</layoutData>
		</Label>
		<Input value="{visibleModel>/cleardeBy}">
			<layoutData>
				<l:GridData span="XL4 L2 M4 S12"/>
			</layoutData>
		</Input>
		<Label text="{i18n>remarks}" design="Bold"></Label>
		<TextArea rows="7" maxLength="500">
			<layoutData>
				<l:GridData span="XL6 L6 M6 S12"/>
			</layoutData>
		</TextArea>
	</f:SimpleForm>
</core:FragmentDefinition>