<core:FragmentDefinition xmlns:core="sap.ui.core" xmlns="sap.m" xmlns:table="sap.ui.table">
	<Dialog title="{dummyModel>/fragTitle}" stretch="true" class="sapUiSizeCompact">
		<content>
			<SelectDialog visible="{dummyModel>/standardListVisible}" class="sapUiPopupWithPadding" items="{path: 'orderDetails>/'}"
				search="onSearchData">
				<!--<List id="list1" items="{path: 'dialogModel>/results'}" press="onPressList" >-->
				<!--	<headerToolbar>-->
				<!--		<Toolbar>-->
				<!--		<SearchField search="onSearchList"/>-->
				<!--		</Toolbar>-->
				<!--	</headerToolbar>-->
				<StandardListItem iconDensityAware="false" title="{orderDetails>Vbeln}" description="{orderDetails>Ernam}"></StandardListItem>
				<!--</List>-->
			</SelectDialog>
			<Table id="tab1" visible="{dummyModel>/mTableVisible}" class="sapUiSizeCompact TableClass tablecss" items="{path : 'orderDetails>/'}"
				mode="SingleSelectLeft">
				<columns>
					<Column hAlign="Center">
						<Label design="Bold" text="{i18n>SDNo}" wrapping="true"/>
					</Column>
					<Column hAlign="Center">
						<Label design="Bold" text="{i18n>createdBy}" wrapping="true"/>
					</Column>
					<Column hAlign="Center">
						<Label design="Bold" text="{i18n>SDOrg}" wrapping="true"/>
					</Column>
					<Column hAlign="Center">
						<Label design="Bold" text="{i18n>SDType}" wrapping="true"/>
					</Column>
					<Column hAlign="Center">
						<Label design="Bold" text="{i18n>SDCategory}" wrapping="true"/>
					</Column>
					<Column hAlign="Center">
						<Label design="Bold" text="{i18n>price}" wrapping="true"/>
					</Column>
					<Column hAlign="Center">
						<Label design="Bold" text="{i18n>Curr}" wrapping="true"/>
					</Column>
				</columns>
				<items>
					<ColumnListItem press="onRecordPress">
						<cells>
							<Text text="{orderDetails>Vbeln}"/>
							<Text text="{orderDetails>Ernam}"/>
							<Text text="{orderDetails>Vkorg}"/>
							<Text text="{orderDetails>Vbtyp}"/>
							<Text text="{orderDetails>Auart}"/>
							<Text text="{orderDetails>Netwr}"/>
							<Text text="{orderDetails>Waerk}"/>
						</cells>
					</ColumnListItem>
				</items>
			</Table>
			<!--I have given the visible property to handle the visibility dynamically-->
			<table:Table id="tab2" visible="{dummyModel>/uTableVisible}" rows="{path: 'orderDetails>/'}" rowSelectionChange="onPress"
				selectionMode="Single" selectionBehaviour="RowOnly" visibleRowCount="9" alternateRowColors="true">
				<table:columns>
					<table:Column hAlign="Center">
						<Label text="{i18n>SDNo}" design="Bold" wrapping="true"/>
						<table:template>
							<Text text="{orderDetails>Vbeln}"/>
						</table:template>
					</table:Column>
					<table:Column hAlign="Center">
						<Label text="{i18n>createdBy}" design="Bold" wrapping="true"/>
						<table:template>
							<Text text="{orderDetails>Ernam}"/>
						</table:template>
					</table:Column>
					<table:Column hAlign="Center">
						<Label text="{i18n>SDOrg}" design="Bold" wrapping="true"/>
						<table:template>
							<Text text="{orderDetails>Vkorg}"/>
						</table:template>
					</table:Column>
					<table:Column hAlign="Center">
						<Label text="{i18n>SDType}" design="Bold" wrapping="true"/>
						<table:template>
							<Text text="{orderDetails>Vbtyp}"/>
						</table:template>
					</table:Column>
					<table:Column hAlign="Center">
						<Label text="{i18n>SDCategory}" design="Bold" wrapping="true"/>
						<table:template>
							<Text text="{orderDetails>Auart}"/>
						</table:template>
					</table:Column>
					<table:Column hAlign="Center">
						<Label text="{i18n>price}" design="Bold" wrapping="true"/>
						<table:template>
							<Text text="{orderDetails>Netwr}"/>
						</table:template>
					</table:Column>
					<table:Column hAlign="Center">
						<Label text="{i18n>Curr}" design="Bold" wrapping="true"/>
						<table:template>
							<Text text="{orderDetails>Waerk}"/>
						</table:template>
					</table:Column>
				</table:columns>
			</table:Table>
		</content>
		<beginButton>
			<Button visible="{dummyModel>/buttonVisible}" text="Save" press="onPressSave" type="Accept"/>
		</beginButton>
		<endButton>
			<Button text="Close" press="onpressCancelM" type="Reject"/>
		</endButton>
	</Dialog>
	<!--<buttons>-->
	<!--	<Button icon="sap-icon://accept" press="onConfirm" text="{i18n>save}" type="Accept"/>-->
	<!--	<Button icon="sap-icon://sys-cancel" press="onpressCancelM" text="{i18n>cancel}" type="Reject"/>-->
	<!--</buttons>-->
</core:FragmentDefinition>