<core:FragmentDefinition xmlns="sap.m" xmlns:core="sap.ui.core" xmlns:f="sap.ui.layout.form" xmlns:l="sap.ui.layout">
	<f:SimpleForm layout="ResponsiveGridLayout" editable="true" emptySpanL="6" columnsL="2">
		<Label></Label>
		<Text>
			<layoutData>
				<l:GridData span="XL4 L3 M4 S12"/>
			</layoutData>
		</Text>
		<Label text="{i18n>propsedDate}" design="Bold">
			<layoutData>
				<l:GridData span="XL4 L2 M4 S12"/>
			</layoutData>
		</Label>
		<DatePicker value="" displayFormat="dd/MM/yyyy" valueFormat="dd/MM/yyyy">
			<layoutData>
				<l:GridData span="XL4 L3 M4 S12"/>
			</layoutData>
		</DatePicker>
		<Label text="Org. Unit of Position" design="Bold"/>
		<Text text="World Food Programme">
			<layoutData>
				<l:GridData span="XL4 L3 M4 S12"/>
			</layoutData>
		</Text>
		<Label text="{i18n>posNumber}" design="Bold"></Label>
		<Text text="22160649">
			<layoutData>
				<l:GridData span="XL4 L3 M4 S12"/>
			</layoutData>
		</Text>
		<Label text="{i18n>job}" design="Bold"/>
		<Text text="Deputy Director D1 (3000000099)">
			<layoutData>
				<l:GridData span="XL4 L3 M4 S12"/>
			</layoutData>
		</Text>
		<Label text="{i18n>posTitle}" design="Bold"></Label>
		<Text text="Deputy Director D1">
			<layoutData>
				<l:GridData span="XL4 L3 M4 S12"/>
			</layoutData>
		</Text>
		<Label text="{i18n>posGrade}" design="Bold"/>
		<Text text="D-1">
			<layoutData>
				<l:GridData span="XL4 L3 M4 S12"/>
			</layoutData>
		</Text>
		<Label text="{i18n>posFundNTE}" design="Bold"/>
		<Text text="Dec 31, 2023">
			<layoutData>
				<l:GridData span="XL4 L2 M4 S12"/>
			</layoutData>
		</Text>
		<DatePicker>
			<layoutData>
				<l:GridData span="XL4 L3 M4 S12"/>
			</layoutData>
		</DatePicker>
		<Label text="{i18n>workSchedule}" design="Bold"/>
		<Text text="100%">
			<layoutData>
				<l:GridData span="XL4 L3 M4 S12"/>
			</layoutData>
		</Text>
		<Label text="{i18n>costCenter}" design="Bold"/>
		<Text >
			<layoutData>
				<l:GridData span="XL4 L3 M4 S12"/>
			</layoutData>
		</Text>
		<Label text="{i18n>personnelArea}" design="Bold"/>
		<Text text="ITA Italy">
			<layoutData>
				<l:GridData span="XL4 L3 M4 S12"/>
			</layoutData>
		</Text>
		<Select selectedKey="(Yugoslavia)(495)">
			<layoutData>
				<l:GridData span="XL4 L3 M4 S12"/>
			</layoutData>
		</Select>
		<Label text="{i18n>persnlSubArea}" design="Bold"/>
		<Text text="Rome">
			<layoutData>
				<l:GridData span="XL4 L3 M4 S12"/>
			</layoutData>
		</Text>
		<Select>
			<layoutData>
				<l:GridData span="XL4 L3 M4 S12"/>
			</layoutData>
		</Select>
		<Label text="{i18n>intrnlOrder}" design="Bold"/>
		<Text text="61599(CCI 2023 APPR1 OED A MR5 COSMOS SECTARIA)">
			<layoutData>
				<l:GridData span="XL4 L4 M4 S12"/>
			</layoutData>
		</Text>
		<Select>
			<layoutData>
				<l:GridData span="XL4 L2 M4 S12"/>
			</layoutData>
		</Select>
		<Label text="{i18n>wbs}" design="Bold"/>
		<Text text="">
			<layoutData>
				<l:GridData span="XL4 L3 M4 S12"/>
			</layoutData>
		</Text>
		<Select>
			<layoutData>
				<l:GridData span="XL4 L3 M4 S12"/>
			</layoutData>
		</Select>
		<Label text="{i18n>remarks}" design="Bold"></Label>
		<TextArea rows="7" maxLength="500">
			<layoutData>
				<l:GridData span="XL6 L6 M6 S12"/>
			</layoutData>
		</TextArea>
	</f:SimpleForm>
</core:FragmentDefinition>