<core:FragmentDefinition xmlns="sap.m" xmlns:core="sap.ui.core" xmlns:f="sap.ui.layout.form" xmlns:l="sap.ui.layout">
	<f:SimpleForm layout="ResponsiveGridLayout" editable="true" emptySpanL="6" columnsXL="6" columnsL="6" columnsM="6" class="form">
		<Label text="{i18n>personNo}" design="Bold"></Label>
		<Text text="08865633">
			<layoutData>
				<l:GridData span="XL4 L3 M4 S12"/>
			</layoutData>
		</Text>
		<Label text="{i18n>proposedAction}" design="Bold">
			<layoutData>
				<l:GridData span="XL4 L2 M4 S12"/>
			</layoutData>
		</Label>
		<Select>
			<items>
				<core:Item key="" text=""/>
				<core:Item key="Extension of Contract (03)" text="Extension of Contract (03)"/>
			</items>
			<layoutData>
				<l:GridData span="XL4 L3 M4 S12"/>
			</layoutData>
		</Select>
		<Label text="{i18n>firstName}" design="Bold"></Label>
		<Text text="Cindy Hensley">
			<layoutData>
				<l:GridData span="XL4 L3 M4 S12"/>
			</layoutData>
		</Text>
		<Label text="{i18n>lastName}" design="Bold"/>
		<Text text="Mc Cain">
			<layoutData>
				<l:GridData span="XL4 L3 M4 S12"/>
			</layoutData>
		</Text>
		<Label text="{i18n>prposedDate}" design="Bold">
			<layoutData>
				<l:GridData span="XL4 L3 M4 S12"/>
			</layoutData>
		</Label>
		<DatePicker value="Nov 24, 2023">
			<layoutData>
				<l:GridData span="XL4 L2 M4 S12"/>
			</layoutData>
		</DatePicker>
		<Label text="{i18n>employeeGrp}" design="Bold"/>
		<Text text="Int. Rectr. Staff">
			<layoutData>
				<l:GridData span="XL4 L3 M4 S12"/>
			</layoutData>
		</Text>
		<Label text="{i18n>employeeSubGrp}" design="Bold"/>
		<Text text="Under Secret. General">
			<layoutData>
				<l:GridData span="XL4 L3 M4 S12"/>
			</layoutData>
		</Text>
		<Label text="{i18n>empGrade}" design="Bold"/>
		<Text text="USG">
			<layoutData>
				<l:GridData span="XL4 L3 M4 S12"/>
			</layoutData>
		</Text>
		<Label text="{i18n>empStep}" design="Bold"/>
		<Text text="01">
			<layoutData>
				<l:GridData span="XL4 L3 M4 S12"/>
			</layoutData>
		</Text>
		<Label text="{i18n>contactrTyp}" design="Bold"/>
		<Text text="Fixed Term">
			<layoutData>
				<l:GridData span="XL4 L3 M4 S12"/>
			</layoutData>
		</Text>
		<Label text="{i18n>contarctNTE}" design="Bold"/>
		<Text text="Apr 4, 2028">
			<layoutData>
				<l:GridData span="XL4 L3 M4 S12"/>
			</layoutData>
		</Text>
		<DatePicker value="">
			<layoutData>
				<l:GridData span="XL4 L3 M4 S12"/>
			</layoutData>
		</DatePicker>
		<Label text="{i18n>fundNTE}" design="Bold"/>
		<Text text="Dec 31, 2023">
			<layoutData>
				<l:GridData span="XL4 L3 M4 S12"/>
			</layoutData>
		</Text>
		<Label text="{i18n>workScheRule}" design="Bold"/>
		<Text text="Normal Shift">
			<layoutData>
				<l:GridData span="XL4 L3 M4 S12"/>
			</layoutData>
		</Text>
		<Label text="{i18n>adminDutyStation}" design="Bold"/>
		<Text text="ITA Italy-Rome">
			<layoutData>
				<l:GridData span="XL4 L3 M4 S12"/>
			</layoutData>
		</Text>
		<Label text="{i18n>actualDutyStation}" design="Bold"/>
		<Text text="ITA Italy-Rome">
			<layoutData>
				<l:GridData span="XL4 L3 M4 S12"/>
			</layoutData>
		</Text>
		<Label text="{i18n>orgUnit}" design="Bold"/>
		<Text text="World Food Programme">
			<layoutData>
				<l:GridData span="XL4 L3 M4 S12"/>
			</layoutData>
		</Text>
		<Label text="{i18n>posNumber}" design="Bold"/>
		<Text text="20262439">
			<layoutData>
				<l:GridData span="XL4 L3 M4 S12"/>
			</layoutData>
		</Text>
		<Label text="{i18n>posText}" design="Bold"/>
		<Text text="Executive Director">
			<layoutData>
				<l:GridData span="XL4 L3 M4 S12"/>
			</layoutData>
		</Text>
		<Label text="{i18n>posType}" design="Bold"/>
		<Text text="Approved PSA Position">
			<layoutData>
				<l:GridData span="XL4 L3 M4 S12"/>
			</layoutData>
		</Text>
		<Label text="{i18n>jobText}" design="Bold"/>
		<Text text="Unique Under Secretary General USG">
			<layoutData>
				<l:GridData span="XL4 L3 M4 S12"/>
			</layoutData>
		</Text>
		<Label text="{i18n>remarks}" design="Bold"/>
		<TextArea rows="7" maxLength="500">
			<layoutData>
				<l:GridData span="XL6 L6 M6 S12"/>
			</layoutData>
		</TextArea>
	</f:SimpleForm>
</core:FragmentDefinition>