<core:FragmentDefinition xmlns:core="sap.ui.core" xmlns="sap.m" xmlns:ui="sap.ui.table" xmlns:f="sap.ui.layout.form" xmlns:l="sap.ui.layout">
	<Dialog title="{visibleModel>/valueHelpTitle}" contentWidth="100%">
		<ui:Table id="valueTable" rows="{positionModel>/results}" selectionMode="Single" visibleRowCount="2">
			<ui:columns>
				<ui:Column width="11rem">
					<Label text="Position Number"/>
					<ui:template>
						<Text text="{positionModel>Position}"/>
					</ui:template>
				</ui:Column>
				<ui:Column width="11rem">
					<Label text="Position Text/Title"/>
					<ui:template>
						<Text text="{positionModel>PositionText}"/>
					</ui:template>
				</ui:Column>
				<ui:Column width="11rem">
					<Label text="Actual Duty Station"/>
					<ui:template>
						<Text text="{positionModel>actualDutyStation}"/>
					</ui:template>
				</ui:Column>
				<ui:Column width="11rem">
					<Label text="Org. Unit"/>
					<ui:template>
						<Text text="{positionModel>orgUnit}"/>
					</ui:template>
				</ui:Column>
				<ui:Column width="11rem">
					<Label text="Job Text"/>
					<ui:template>
						<Text text="{positionModel>jobText}"/>
					</ui:template>
				</ui:Column>
				<ui:Column width="11rem">
					<Label text="Position Type"/>
					<ui:template>
						<Text text="{positionModel>posType}"/>
					</ui:template>
				</ui:Column>
			</ui:columns>
		</ui:Table>
		<buttons>
			<Button type="Emphasized" text="Select" press="onSelectItem"/>
			<Button type="Emphasized" text="Cancel" press="onCancelValuehelp"/>
		</buttons>
	</Dialog>
</core:FragmentDefinition>