{
    "resources": [
        {
            "name": "Component-dbg.js",
            "isDebug": true
        },
        {
            "name": "Component-preload.js",
            "merged": true
        },
        {
            "name": "Component.js"
        },
        {
            "name": "controller/App-dbg.controller.js",
            "isDebug": true
        },
        {
            "name": "controller/App.controller.js"
        },
        {
            "name": "controller/BaseController-dbg.js",
            "isDebug": true
        },
        {
            "name": "controller/BaseController.js"
        },
        {
            "name": "controller/ErrorHandler-dbg.js",
            "isDebug": true
        },
        {
            "name": "controller/ErrorHandler.js"
        },
        {
            "name": "controller/NotFound-dbg.controller.js",
            "isDebug": true
        },
        {
            "name": "controller/NotFound.controller.js"
        },
        {
            "name": "controller/Object-dbg.controller.js",
            "isDebug": true
        },
        {
            "name": "controller/Object.controller.js"
        },
        {
            "name": "controller/Worklist-dbg.controller.js",
            "isDebug": true
        },
        {
            "name": "controller/Worklist.controller.js"
        },
        {
            "name": "css/style-dbg.css",
            "isDebug": true
        },
        {
            "name": "css/style.css"
        },
        {
            "name": "di.code-validation.core_issues.json"
        },
        {
            "name": "fragments/Comments.fragment.xml"
        },
        {
            "name": "fragments/ConrailIhbNahr.fragment.xml"
        },
        {
            "name": "fragments/EmpID.fragment.xml"
        },
        {
            "name": "fragments/EngPosId.fragment.xml"
        },
        {
            "name": "fragments/MechPosId.fragment.xml"
        },
        {
            "name": "fragments/PositionID.fragment.xml"
        },
        {
            "name": "fragments/TcuPosId.fragment.xml"
        },
        {
            "name": "i18n/i18n.properties",
            "raw": "i18n/i18n.properties"
        },
        {
            "name": "images/grey-trax.jpg"
        },
        {
            "name": "index.html"
        },
        {
            "name": "localService/metadata.xml"
        },
        {
            "name": "localService/mockserver-dbg.js",
            "isDebug": true
        },
        {
            "name": "localService/mockserver.js"
        },
        {
            "name": "manifest.json"
        },
        {
            "name": "model/formatter-dbg.js",
            "isDebug": true
        },
        {
            "name": "model/formatter.js"
        },
        {
            "name": "model/models-dbg.js",
            "isDebug": true
        },
        {
            "name": "model/models.js"
        },
        {
            "name": "neo-app.json"
        },
        {
            "name": "test/initMockServer-dbg.js",
            "isDebug": true
        },
        {
            "name": "test/initMockServer.js"
        },
        {
            "name": "test/integration/AllJourneys-dbg.js",
            "isDebug": true
        },
        {
            "name": "test/integration/AllJourneys.js"
        },
        {
            "name": "test/integration/NavigationJourney-dbg.js",
            "isDebug": true
        },
        {
            "name": "test/integration/NavigationJourney.js"
        },
        {
            "name": "test/integration/NotFoundJourney-dbg.js",
            "isDebug": true
        },
        {
            "name": "test/integration/NotFoundJourney.js"
        },
        {
            "name": "test/integration/ObjectJourney-dbg.js",
            "isDebug": true
        },
        {
            "name": "test/integration/ObjectJourney.js"
        },
        {
            "name": "test/integration/WorklistJourney-dbg.js",
            "isDebug": true
        },
        {
            "name": "test/integration/WorklistJourney.js"
        },
        {
            "name": "test/integration/arrangements/Startup-dbg.js",
            "isDebug": true
        },
        {
            "name": "test/integration/arrangements/Startup.js"
        },
        {
            "name": "test/integration/opaTests.qunit-dbg.js",
            "isDebug": true
        },
        {
            "name": "test/integration/opaTests.qunit.html"
        },
        {
            "name": "test/integration/opaTests.qunit.js"
        },
        {
            "name": "test/integration/pages/App-dbg.js",
            "isDebug": true
        },
        {
            "name": "test/integration/pages/App.js"
        },
        {
            "name": "test/integration/pages/Browser-dbg.js",
            "isDebug": true
        },
        {
            "name": "test/integration/pages/Browser.js"
        },
        {
            "name": "test/integration/pages/Common-dbg.js",
            "isDebug": true
        },
        {
            "name": "test/integration/pages/Common.js"
        },
        {
            "name": "test/integration/pages/NotFound-dbg.js",
            "isDebug": true
        },
        {
            "name": "test/integration/pages/NotFound.js"
        },
        {
            "name": "test/integration/pages/Object-dbg.js",
            "isDebug": true
        },
        {
            "name": "test/integration/pages/Object.js"
        },
        {
            "name": "test/integration/pages/Worklist-dbg.js",
            "isDebug": true
        },
        {
            "name": "test/integration/pages/Worklist.js"
        },
        {
            "name": "test/integration/pages/shareOptions-dbg.js",
            "isDebug": true
        },
        {
            "name": "test/integration/pages/shareOptions.js"
        },
        {
            "name": "test/mockServer.html"
        },
        {
            "name": "test/testsuite.qunit-dbg.js",
            "isDebug": true
        },
        {
            "name": "test/testsuite.qunit.html"
        },
        {
            "name": "test/testsuite.qunit.js"
        },
        {
            "name": "test/unit/AllTests-dbg.js",
            "isDebug": true
        },
        {
            "name": "test/unit/AllTests.js"
        },
        {
            "name": "test/unit/helper/FakeI18nModel-dbg.js",
            "isDebug": true
        },
        {
            "name": "test/unit/helper/FakeI18nModel.js"
        },
        {
            "name": "test/unit/model/formatter-dbg.js",
            "isDebug": true
        },
        {
            "name": "test/unit/model/formatter.js"
        },
        {
            "name": "test/unit/model/models-dbg.js",
            "isDebug": true
        },
        {
            "name": "test/unit/model/models.js"
        },
        {
            "name": "test/unit/unitTests.qunit-dbg.js",
            "isDebug": true
        },
        {
            "name": "test/unit/unitTests.qunit.html"
        },
        {
            "name": "test/unit/unitTests.qunit.js"
        },
        {
            "name": "test.html"
        },
        {
            "name": "tmp/Component-preload.js",
            "merged": true
        },
        {
            "name": "tmp/Component.js"
        },
        {
            "name": "tmp/controller/App.controller.js"
        },
        {
            "name": "tmp/controller/BaseController.js"
        },
        {
            "name": "tmp/controller/ErrorHandler.js"
        },
        {
            "name": "tmp/controller/NotFound.controller.js"
        },
        {
            "name": "tmp/controller/Object.controller.js"
        },
        {
            "name": "tmp/controller/Worklist.controller.js"
        },
        {
            "name": "tmp/css/style.css"
        },
        {
            "name": "tmp/fragments/Comments.fragment.xml"
        },
        {
            "name": "tmp/fragments/ConrailIhbNahr.fragment.xml"
        },
        {
            "name": "tmp/fragments/EmpID.fragment.xml"
        },
        {
            "name": "tmp/fragments/EngPosId.fragment.xml"
        },
        {
            "name": "tmp/fragments/MechPosId.fragment.xml"
        },
        {
            "name": "tmp/fragments/PositionID.fragment.xml"
        },
        {
            "name": "tmp/fragments/TcuPosId.fragment.xml"
        },
        {
            "name": "tmp/i18n/i18n.properties",
            "raw": "i18n/i18n.properties"
        },
        {
            "name": "tmp/images/grey-trax.jpg"
        },
        {
            "name": "tmp/index.html"
        },
        {
            "name": "tmp/localService/metadata.xml"
        },
        {
            "name": "tmp/localService/mockserver.js"
        },
        {
            "name": "tmp/manifest.json"
        },
        {
            "name": "tmp/model/formatter.js"
        },
        {
            "name": "tmp/model/models.js"
        },
        {
            "name": "tmp/test/initMockServer.js"
        },
        {
            "name": "tmp/test/integration/AllJourneys.js"
        },
        {
            "name": "tmp/test/integration/NavigationJourney.js"
        },
        {
            "name": "tmp/test/integration/NotFoundJourney.js"
        },
        {
            "name": "tmp/test/integration/ObjectJourney.js"
        },
        {
            "name": "tmp/test/integration/WorklistJourney.js"
        },
        {
            "name": "tmp/test/integration/arrangements/Startup.js"
        },
        {
            "name": "tmp/test/integration/opaTests.qunit.html"
        },
        {
            "name": "tmp/test/integration/opaTests.qunit.js"
        },
        {
            "name": "tmp/test/integration/pages/App.js"
        },
        {
            "name": "tmp/test/integration/pages/Browser.js"
        },
        {
            "name": "tmp/test/integration/pages/Common.js"
        },
        {
            "name": "tmp/test/integration/pages/NotFound.js"
        },
        {
            "name": "tmp/test/integration/pages/Object.js"
        },
        {
            "name": "tmp/test/integration/pages/Worklist.js"
        },
        {
            "name": "tmp/test/integration/pages/shareOptions.js"
        },
        {
            "name": "tmp/test/mockServer.html"
        },
        {
            "name": "tmp/test/testsuite.qunit.html"
        },
        {
            "name": "tmp/test/testsuite.qunit.js"
        },
        {
            "name": "tmp/test/unit/AllTests.js"
        },
        {
            "name": "tmp/test/unit/helper/FakeI18nModel.js"
        },
        {
            "name": "tmp/test/unit/model/formatter.js"
        },
        {
            "name": "tmp/test/unit/model/models.js"
        },
        {
            "name": "tmp/test/unit/unitTests.qunit.html"
        },
        {
            "name": "tmp/test/unit/unitTests.qunit.js"
        },
        {
            "name": "tmp/test.html"
        },
        {
            "name": "tmp/view/App.view.xml"
        },
        {
            "name": "tmp/view/NotFound.view.xml"
        },
        {
            "name": "tmp/view/Object.view.xml"
        },
        {
            "name": "tmp/view/ObjectNotFound.view.xml"
        },
        {
            "name": "tmp/view/Worklist.view.xml"
        },
        {
            "name": "tmp-dbg/Component.js"
        },
        {
            "name": "tmp-dbg/controller/App.controller.js"
        },
        {
            "name": "tmp-dbg/controller/BaseController.js"
        },
        {
            "name": "tmp-dbg/controller/ErrorHandler.js"
        },
        {
            "name": "tmp-dbg/controller/NotFound.controller.js"
        },
        {
            "name": "tmp-dbg/controller/Object.controller.js"
        },
        {
            "name": "tmp-dbg/controller/Worklist.controller.js"
        },
        {
            "name": "tmp-dbg/css/style.css"
        },
        {
            "name": "tmp-dbg/localService/mockserver.js"
        },
        {
            "name": "tmp-dbg/model/formatter.js"
        },
        {
            "name": "tmp-dbg/model/models.js"
        },
        {
            "name": "tmp-dbg/test/initMockServer.js"
        },
        {
            "name": "tmp-dbg/test/integration/AllJourneys.js"
        },
        {
            "name": "tmp-dbg/test/integration/NavigationJourney.js"
        },
        {
            "name": "tmp-dbg/test/integration/NotFoundJourney.js"
        },
        {
            "name": "tmp-dbg/test/integration/ObjectJourney.js"
        },
        {
            "name": "tmp-dbg/test/integration/WorklistJourney.js"
        },
        {
            "name": "tmp-dbg/test/integration/arrangements/Startup.js"
        },
        {
            "name": "tmp-dbg/test/integration/opaTests.qunit.js"
        },
        {
            "name": "tmp-dbg/test/integration/pages/App.js"
        },
        {
            "name": "tmp-dbg/test/integration/pages/Browser.js"
        },
        {
            "name": "tmp-dbg/test/integration/pages/Common.js"
        },
        {
            "name": "tmp-dbg/test/integration/pages/NotFound.js"
        },
        {
            "name": "tmp-dbg/test/integration/pages/Object.js"
        },
        {
            "name": "tmp-dbg/test/integration/pages/Worklist.js"
        },
        {
            "name": "tmp-dbg/test/integration/pages/shareOptions.js"
        },
        {
            "name": "tmp-dbg/test/testsuite.qunit.js"
        },
        {
            "name": "tmp-dbg/test/unit/AllTests.js"
        },
        {
            "name": "tmp-dbg/test/unit/helper/FakeI18nModel.js"
        },
        {
            "name": "tmp-dbg/test/unit/model/formatter.js"
        },
        {
            "name": "tmp-dbg/test/unit/model/models.js"
        },
        {
            "name": "tmp-dbg/test/unit/unitTests.qunit.js"
        },
        {
            "name": "view/App.view.xml"
        },
        {
            "name": "view/NotFound.view.xml"
        },
        {
            "name": "view/Object.view.xml"
        },
        {
            "name": "view/ObjectNotFound.view.xml"
        },
        {
            "name": "view/Worklist.view.xml"
        }
    ]
}