{
  "Component-dbg.js": 1584080800472,
  "Component-preload.js": 1584080800592,
  "Component.js": 1584073582000,
  "controller/App-dbg.controller.js": 1584080800472,
  "controller/App.controller.js": 1584073582000,
  "controller/BaseController-dbg.js": 1584080800472,
  "controller/BaseController.js": 1584073582000,
  "controller/ErrorHandler-dbg.js": 1584080800472,
  "controller/ErrorHandler.js": 1584073582000,
  "controller/NotFound-dbg.controller.js": 1584080800472,
  "controller/NotFound.controller.js": 1584073582000,
  "controller/Object-dbg.controller.js": 1584080800472,
  "controller/Object.controller.js": 1584073582000,
  "controller/Worklist-dbg.controller.js": 1584080800472,
  "controller/Worklist.controller.js": 1584073582000,
  "css/style-dbg.css": 1584080800502,
  "css/style.css": 1584080798802,
  "di.code-validation.core_issues.json": 1584080798442,
  "fragments/Comments.fragment.xml": 1584073582000,
  "fragments/ConrailIhbNahr.fragment.xml": 1584073582000,
  "fragments/EmpID.fragment.xml": 1584073582000,
  "fragments/EngPosId.fragment.xml": 1584073582000,
  "fragments/MechPosId.fragment.xml": 1584073582000,
  "fragments/PositionID.fragment.xml": 1584073582000,
  "fragments/TcuPosId.fragment.xml": 1584073582000,
  "i18n/i18n.properties": 1584073582000,
  "images/grey-trax.jpg": 1584073582000,
  "index.html": 1584073582000,
  "localService/metadata.xml": 1584073582000,
  "localService/mockserver-dbg.js": 1584080800472,
  "localService/mockserver.js": 1584073582000,
  "manifest-bundle.zip": 1584080800852,
  "manifest.json": 1584080798722,
  "model/formatter-dbg.js": 1584080800472,
  "model/formatter.js": 1584073582000,
  "model/models-dbg.js": 1584080800472,
  "model/models.js": 1584073582000,
  "neo-app.json": 1584080800652,
  "resources.json": 1584080800672,
  "test/initMockServer-dbg.js": 1584080800472,
  "test/initMockServer.js": 1584073582000,
  "test/integration/AllJourneys-dbg.js": 1584080800472,
  "test/integration/AllJourneys.js": 1584073582000,
  "test/integration/NavigationJourney-dbg.js": 1584080800492,
  "test/integration/NavigationJourney.js": 1584073582000,
  "test/integration/NotFoundJourney-dbg.js": 1584080800492,
  "test/integration/NotFoundJourney.js": 1584073582000,
  "test/integration/ObjectJourney-dbg.js": 1584080800492,
  "test/integration/ObjectJourney.js": 1584073582000,
  "test/integration/WorklistJourney-dbg.js": 1584080800492,
  "test/integration/WorklistJourney.js": 1584073582000,
  "test/integration/arrangements/Startup-dbg.js": 1584080800472,
  "test/integration/arrangements/Startup.js": 1584073582000,
  "test/integration/opaTests.qunit-dbg.js": 1584080800492,
  "test/integration/opaTests.qunit.html": 1584073582000,
  "test/integration/opaTests.qunit.js": 1584073582000,
  "test/integration/pages/App-dbg.js": 1584080800492,
  "test/integration/pages/App.js": 1584073582000,
  "test/integration/pages/Browser-dbg.js": 1584080800492,
  "test/integration/pages/Browser.js": 1584073582000,
  "test/integration/pages/Common-dbg.js": 1584080800492,
  "test/integration/pages/Common.js": 1584073582000,
  "test/integration/pages/NotFound-dbg.js": 1584080800492,
  "test/integration/pages/NotFound.js": 1584073582000,
  "test/integration/pages/Object-dbg.js": 1584080800492,
  "test/integration/pages/Object.js": 1584073582000,
  "test/integration/pages/Worklist-dbg.js": 1584080800492,
  "test/integration/pages/Worklist.js": 1584073582000,
  "test/integration/pages/shareOptions-dbg.js": 1584080800492,
  "test/integration/pages/shareOptions.js": 1584073582000,
  "test/mockServer.html": 1584073582000,
  "test/testsuite.qunit-dbg.js": 1584080800492,
  "test/testsuite.qunit.html": 1584073582000,
  "test/testsuite.qunit.js": 1584073582000,
  "test/unit/AllTests-dbg.js": 1584080800492,
  "test/unit/AllTests.js": 1584073582000,
  "test/unit/helper/FakeI18nModel-dbg.js": 1584080800492,
  "test/unit/helper/FakeI18nModel.js": 1584073582000,
  "test/unit/model/formatter-dbg.js": 1584080800502,
  "test/unit/model/formatter.js": 1584073582000,
  "test/unit/model/models-dbg.js": 1584080800502,
  "test/unit/model/models.js": 1584073582000,
  "test/unit/unitTests.qunit-dbg.js": 1584080800502,
  "test/unit/unitTests.qunit.html": 1584073582000,
  "test/unit/unitTests.qunit.js": 1584073582000,
  "test.html": 1584073582000,
  "view/App.view.xml": 1584073582000,
  "view/NotFound.view.xml": 1584073582000,
  "view/Object.view.xml": 1584073582000,
  "view/ObjectNotFound.view.xml": 1584073582000,
  "view/Worklist.view.xml": 1584073582000
}