{
	"action": [{
		"prposedAction": ""
	}, {
		"prposedAction": "Reassignment (06)"
	}, {
		"prposedAction": "Temporary Duty(TDY) (22)"
	}],
	"actionReasonReassign": [{
		"reason": ""
	}, {
		"reason": "Adminstrative Purposes (04)"
	}, {
		"reason": "Diff.DS Alternative APA (03)"
	}, {
		"reason": "Different DS (02)"
	}, {
		"reason": "Same DS (01)"
	}],
	"actionReasonTDY": [{
		"reason": ""
	}, {
		"reason": "Return Temporary Duty(TDY) (04)"
	}, {
		"reason": "Transfer TDY diff. DS (02)"
	}, {
		"reason": "Transfer TDY Same DS(01)"
	}],
	"proposedSPAAction": [{
		"proposedAction": ""
	}, {
		"proposedAction": "SPA(18)"
	}],
	"actionReasonSPA": [{
		"reason": ""
	}, {
		"reason": "Create (01)"
	}, {
		"reason": "Discontinued (03)"
	}, {
		"reason": "Extend (02)"
	}, {
		"reason": "Step Change Upon WIGSIs (04)"
	}],
	"actionReasonChangeEmpCat": [{
		"reason": ""
	}, {
		"reason": "GF to NO (05)"
	}, {
		"reason": "GF to UNV (06)"
	}, {
		"reason": "GS to GS'INT (02)"
	}, {
		"reason": "GS'INT to GS (03)"
	}, {
		"reason": "JPO to Professional (01)"
	}, {
		"reason": "NO to GF (12)"
	}, {
		"reason": "NO to Professional (15)"
	}, {
		"reason": "NO to UNV (07)"
	}],
	"actionReasonChangeEmpConType": [{
		"reason": ""
	},{
		"reason": "Continuing to fixed term (06)"
	}, {
		"reason": "Continuing to indefinite (08)"
	}, {
		"reason": "Daily rate to short term (GS) (01)"
	}, {
		"reason": "Fixed term to continuing (03)"
	}],
	"actionReasonExtTempDuty":[{
		"reason": ""
	},{
		"reason": "Extension of Temporary Duty (TDY) (03)"
	}]
}