<core:FragmentDefinition xmlns="sap.m" xmlns:core="sap.ui.core" xmlns:f="sap.ui.layout.form" xmlns:l="sap.ui.layout">
	<f:SimpleForm layout="ResponsiveGridLayout" editable="true" emptySpanL="6" columnsL="2" class="form">
		<Label></Label>
		<Text>
			<layoutData>
				<l:GridData span="XL4 L3 M4 S12"/>
			</layoutData>
		</Text>
		<Label text="{i18n>proposedEffecticveDate}" design="Bold">
			<layoutData>
				<l:GridData span="XL4 L2 M4 S12"/>
			</layoutData>
		</Label>
		<DatePicker value="" displayFormat="dd/MM/yyyy" valueFormat="dd/MM/yyyy">
			<layoutData>
				<l:GridData span="XL4 L3 M4 S12"/>
			</layoutData>
		</DatePicker>
		<Label text="{i18n>orgUnit}" design="Bold"/>
		<Input value="World Food Programme (50000052)">
			<layoutData>
				<l:GridData span="XL4 L3 M4 S12"/>
			</layoutData>
		</Input>
		<Label text="{i18n>employeeGrp}" design="Bold"/>
		<ComboBox>
			<layoutData>
				<l:GridData span="XL4 L3 M4 S12"/>
			</layoutData>
		</ComboBox>
		<Label text="{i18n>empSubGrp}" design="Bold"/>
		<ComboBox>
			<layoutData>
				<l:GridData span="XL4 L3 M4 S12"/>
			</layoutData>
		</ComboBox>
		<Label text="{i18n>job}" design="Bold"/>
		<ComboBox>
			<layoutData>
				<l:GridData span="XL4 L3 M4 S12"/>
			</layoutData>
		</ComboBox>
		<Label text="{i18n>posTitle}" design="Bold"/>
		<ComboBox>
			<layoutData>
				<l:GridData span="XL4 L3 M4 S12"/>
			</layoutData>
		</ComboBox>
		<Label text="{i18n>posGrade}" design="Bold"/>
		<Text/>
		<Label text="{i18n>posNte}" design="Bold"/>
		<DatePicker value="" displayFormat="dd/MM/yyyy" valueFormat="dd/MM/yyyy">
			<layoutData>
				<l:GridData span="XL4 L3 M4 S12"/>
			</layoutData>
		</DatePicker>
		<Label text="{i18n>newpresArea}" design="Bold"/>
		<ComboBox value="ITA Italy(222)">
			<layoutData>
				<l:GridData span="XL4 L3 M4 S12"/>
			</layoutData>
		</ComboBox>
		<Label text="{i18n>newpresSubArea" design="Bold"/>
		<ComboBox value="Rome(2220)">
			<layoutData>
				<l:GridData span="XL4 L3 M4 S12"/>
			</layoutData>
		</ComboBox>
		<Label></Label>
		<Text text="Funding Details">
			<layoutData>
				<l:GridData span="XL4 L3 M4 S12"/>
			</layoutData>
		</Text>
		<Label text="{i18n>intrnlOrder}" design="Bold"/>
		<ComboBox>
			<layoutData>
				<l:GridData span="XL4 L3 M4 S12"/>
			</layoutData>
		</ComboBox>
		<Label text="{i18n>wbs}" design="Bold"/>
		<ComboBox>
			<layoutData>
				<l:GridData span="XL4 L3 M4 S12"/>
			</layoutData>
		</ComboBox>
		<Label text="Remarks" design="Bold"></Label>
		<TextArea rows="7" maxLength="500">
			<layoutData>
				<l:GridData span="XL6 L6 M6 S12"/>
			</layoutData>
		</TextArea>
		<Label text="{i18n>requestBy}" design="Bold"/>
		<Text text="ARORAH">
			<layoutData>
				<l:GridData span="XL6 L6 M6 S12"/>
			</layoutData>
		</Text>
		<Label text="{i18n>requestOn}" design="Bold"/>
		<Text text="Sep 14 2023">
			<layoutData>
				<l:GridData span="XL6 L6 M6 S12"/>
			</layoutData>
		</Text>
	</f:SimpleForm>
</core:FragmentDefinition>