<core:FragmentDefinition xmlns:core="sap.ui.core" xmlns="sap.m" xmlns:ui="sap.ui.table" xmlns:f="sap.ui.layout.form" xmlns:l="sap.ui.layout">
	<Dialog title="Position" contentWidth="35%">
		<subHeader>
			<Toolbar>
				<SearchField search="onSearchF4Help" width="90%" />
			</Toolbar>
		</subHeader>
		<ui:Table id="idPosTitle" rows="{posTitleModel>/}" selectionMode="Single" rowSelectionChange="onSelectionInternalOrd"
			busy="{visibleModel>/iOBusy}" visibleRowCount="6">
			
			<ui:columns>
				<ui:Column width="11rem">
					<Label text="Position Title"/>
					<ui:template>
						<Text text="{posTitleModel>Stext}"/>
					</ui:template>
				</ui:Column>
				<!--<ui:Column width="20rem">-->
				<!--	<Label text="Display Text"/>-->
				<!--	<ui:template>-->
				<!--		<Text text="{posTitleModel>Stext}"/>-->
				<!--	</ui:template>-->
				<!--</ui:Column>-->
			</ui:columns>
		</ui:Table>
		<buttons>
			<Button text="Cancel" type="Reject" press="onCancelIO"/>
		</buttons>
	</Dialog>
</core:FragmentDefinition>