<edmx:Edmx
    xmlns:edmx="http://schemas.microsoft.com/ado/2007/06/edmx"
    xmlns:m="http://schemas.microsoft.com/ado/2007/08/dataservices/metadata"
    xmlns:sap="http://www.sap.com/Protocols/SAPData" Version="1.0">
    <edmx:DataServices m:DataServiceVersion="2.0">
        <Schema
            xmlns="http://schemas.microsoft.com/ado/2008/09/edm" Namespace="ZGW_MULECONIG_SRV" xml:lang="en" sap:schema-version="1">
            <EntityType Name="DynamicForm" sap:content-version="1">
                <Key>
                    <PropertyRef Name="Interface"/>
                    <PropertyRef Name="Spras"/>
                </Key>
                <Property Name="Controlid" Type="Edm.String" Nullable="false" MaxLength="40" sap:unicode="false" sap:label="Control Id" sap:creatable="false" sap:updatable="false" sap:sortable="false" sap:filterable="false"/>
                <Property Name="Interface" Type="Edm.String" Nullable="false" MaxLength="40" sap:unicode="false" sap:label="Interface ID" sap:creatable="false" sap:updatable="false" sap:sortable="false" sap:filterable="false"/>
                <Property Name="Controlname" Type="Edm.String" Nullable="false" MaxLength="40" sap:unicode="false" sap:label="Control Name" sap:creatable="false" sap:updatable="false" sap:sortable="false" sap:filterable="false"/>
                <Property Name="Spras" Type="Edm.String" Nullable="false" MaxLength="2" sap:unicode="false" sap:label="Language" sap:creatable="false" sap:updatable="false" sap:sortable="false" sap:filterable="false"/>
                <Property Name="Lablekey" Type="Edm.String" Nullable="false" MaxLength="80" sap:unicode="false" sap:label="Label" sap:creatable="false" sap:updatable="false" sap:sortable="false" sap:filterable="false"/>
                <Property Name="MuleID" Type="Edm.String" Nullable="false" sap:unicode="false" sap:creatable="false" sap:updatable="false" sap:sortable="false" sap:filterable="false"/>
                <Property Name="SEQUENCE" Type="Edm.String" Nullable="false" MaxLength="2" sap:unicode="false" sap:creatable="false" sap:updatable="false" sap:sortable="false" sap:filterable="false"/>
                <Property Name="Quarantine" Type="Edm.Boolean" Nullable="false" sap:unicode="false" sap:label="Indicator" sap:creatable="false" sap:updatable="false" sap:sortable="false" sap:filterable="false"/>
            </EntityType>
            <EntityType Name="Inbound" sap:content-version="1">
                <Key>
                    <PropertyRef Name="guid"/>
                    <PropertyRef Name="vbeln"/>
                    <PropertyRef Name="trtyp"/>
                </Key>
                <Property Name="guid" Type="Edm.String" Nullable="false" MaxLength="32" sap:unicode="false" sap:label="guid" sap:creatable="false" sap:updatable="false" sap:sortable="false" sap:filterable="false"/>
                <Property Name="vbeln" Type="Edm.String" Nullable="false" sap:unicode="false" sap:label="vbeln" sap:creatable="false" sap:updatable="false" sap:sortable="false" sap:filterable="false"/>
                <Property Name="trtyp" Type="Edm.String" Nullable="false" MaxLength="1" sap:unicode="false" sap:label="trtyp" sap:creatable="false" sap:updatable="false" sap:sortable="false" sap:filterable="false"/>
                <Property Name="zreference" Type="Edm.String" Nullable="false" MaxLength="10" sap:unicode="false" sap:label="zreference" sap:creatable="false" sap:updatable="false" sap:sortable="false" sap:filterable="false"/>
                <Property Name="trtyp_des" Type="Edm.String" Nullable="false" MaxLength="20" sap:unicode="false" sap:label="trtyp_des" sap:creatable="false" sap:updatable="false" sap:sortable="false" sap:filterable="false"/>
                <Property Name="ship_cond" Type="Edm.String" Nullable="false" MaxLength="2" sap:unicode="false" sap:label="ship_cond" sap:creatable="false" sap:updatable="false" sap:sortable="false" sap:filterable="false"/>
                <Property Name="salesorg" Type="Edm.String" Nullable="false" sap:unicode="false" sap:label="salesorg" sap:creatable="false" sap:updatable="false" sap:sortable="false" sap:filterable="false"/>
                <Property Name="plant" Type="Edm.String" Nullable="false" MaxLength="4" sap:unicode="false" sap:label="plant" sap:creatable="false" sap:updatable="false" sap:sortable="false" sap:filterable="false"/>
                <Property Name="customer" Type="Edm.String" Nullable="false" MaxLength="10" sap:unicode="false" sap:label="customer" sap:creatable="false" sap:updatable="false" sap:sortable="false" sap:filterable="false"/>
                <Property Name="destination" Type="Edm.String" Nullable="false" MaxLength="2" sap:unicode="false" sap:label="destination" sap:creatable="false" sap:updatable="false" sap:sortable="false" sap:filterable="false"/>
                <Property Name="system_descr" Type="Edm.String" Nullable="false" MaxLength="50" sap:unicode="false" sap:label="system_descr" sap:creatable="false" sap:updatable="false" sap:sortable="false" sap:filterable="false"/>
                <Property Name="Eventcreated_timestamp" Type="Edm.String" Nullable="false" MaxLength="50" sap:unicode="false" sap:label="Eventcreated_Timestamp" sap:creatable="false" sap:updatable="false" sap:sortable="false" sap:filterable="false"/>
                <Property Name="timestamp" Type="Edm.String" Nullable="false" MaxLength="50" sap:unicode="false" sap:label="timestamp" sap:creatable="false" sap:updatable="false" sap:sortable="false" sap:filterable="false"/>
                <Property Name="user_time" Type="Edm.String" Nullable="false" MaxLength="50" sap:unicode="false" sap:label="user_time" sap:creatable="false" sap:updatable="false" sap:sortable="false" sap:filterable="false"/>
                <Property Name="status" Type="Edm.String" Nullable="false" MaxLength="2" sap:unicode="false" sap:label="status" sap:creatable="false" sap:updatable="false" sap:sortable="false" sap:filterable="false"/>
                <Property Name="status_descr" Type="Edm.String" Nullable="false" MaxLength="50" sap:unicode="false" sap:label="status_descr" sap:creatable="false" sap:updatable="false" sap:sortable="false" sap:filterable="false"/>
                <Property Name="err_des" Type="Edm.String" Nullable="false" sap:unicode="false" sap:label="err_des" sap:creatable="false" sap:updatable="false" sap:sortable="false" sap:filterable="false"/>
                <Property Name="date_l" Type="Edm.String" Nullable="false" MaxLength="20" sap:unicode="false" sap:label="date_l" sap:creatable="false" sap:updatable="false" sap:sortable="false" sap:filterable="false"/>
                <Property Name="date_h" Type="Edm.String" Nullable="false" MaxLength="20" sap:unicode="false" sap:label="date_h" sap:creatable="false" sap:updatable="false" sap:sortable="false" sap:filterable="false"/>
            </EntityType>
            <EntityType Name="User" sap:content-version="1">
                <Key>
                    <PropertyRef Name="Extuser"/>
                </Key>
                <Property Name="Extuser" Type="Edm.String" Nullable="false" MaxLength="40" sap:unicode="false" sap:label="Char" sap:creatable="false" sap:updatable="false" sap:sortable="false" sap:filterable="false"/>
                <Property Name="Interface" Type="Edm.String" Nullable="false" MaxLength="40" sap:unicode="false" sap:label="Char" sap:creatable="false" sap:updatable="false" sap:sortable="false" sap:filterable="false"/>
                <Property Name="Description" Type="Edm.String" Nullable="false" MaxLength="40" sap:unicode="false" sap:label="Char" sap:creatable="false" sap:updatable="false" sap:sortable="false" sap:filterable="false"/>
                <Property Name="INTKEY" Type="Edm.String" Nullable="false" MaxLength="10" sap:unicode="false" sap:label="INTKEY" sap:creatable="false" sap:updatable="false" sap:sortable="false" sap:filterable="false"/>
                <Property Name="DEFAULTINF" Type="Edm.String" Nullable="false" MaxLength="10" sap:unicode="false" sap:label="DEFAULTINF" sap:creatable="false" sap:updatable="false" sap:sortable="false" sap:filterable="false"/>
                <Property Name="INTERFACE_DES" Type="Edm.String" Nullable="false" MaxLength="40" sap:unicode="false" sap:label="INTERFACE_DES" sap:creatable="false" sap:updatable="false" sap:sortable="false" sap:filterable="false"/>
            </EntityType>
            <EntityType Name="Config" sap:content-version="1">
                <Key>
                    <PropertyRef Name="System"/>
                </Key>
                <Property Name="System" Type="Edm.String" Nullable="false" MaxLength="10" sap:unicode="false" sap:label="System" sap:creatable="false" sap:updatable="false" sap:sortable="false" sap:filterable="false"/>
                <Property Name="ServerUrl" Type="Edm.String" Nullable="false" MaxLength="80" sap:unicode="false" sap:label="ServerUrl" sap:creatable="false" sap:updatable="false" sap:sortable="false" sap:filterable="false"/>
                <Property Name="ClientSecret" Type="Edm.String" Nullable="false" MaxLength="40" sap:unicode="false" sap:label="ClientSecret" sap:creatable="false" sap:updatable="false" sap:sortable="false" sap:filterable="false"/>
                <Property Name="ClientId" Type="Edm.String" Nullable="false" MaxLength="40" sap:unicode="false" sap:label="ClientId" sap:creatable="false" sap:updatable="false" sap:sortable="false" sap:filterable="false"/>
            </EntityType>
            <EntityContainer Name="ZGW_MULECONIG_SRV_Entities" m:IsDefaultEntityContainer="true" sap:supported-formats="atom json xlsx">
                <EntitySet Name="DynamicFormSet" EntityType="ZGW_MULECONIG_SRV.DynamicForm" sap:creatable="false" sap:updatable="false" sap:deletable="false" sap:pageable="false" sap:addressable="false" sap:content-version="1"/>
                <EntitySet Name="InboundSet" EntityType="ZGW_MULECONIG_SRV.Inbound" sap:creatable="false" sap:updatable="false" sap:deletable="false" sap:pageable="false" sap:content-version="1"/>
                <EntitySet Name="UserSet" EntityType="ZGW_MULECONIG_SRV.User" sap:creatable="false" sap:updatable="false" sap:deletable="false" sap:pageable="false" sap:content-version="1"/>
                <EntitySet Name="ConfigSet" EntityType="ZGW_MULECONIG_SRV.Config" sap:creatable="false" sap:updatable="false" sap:deletable="false" sap:pageable="false" sap:content-version="1"/>
            </EntityContainer>
            <atom:link
                xmlns:atom="http://www.w3.org/2005/Atom" rel="self" href="./sap/ZGW_MULECONIG_SRV/$metadata"/>
                <atom:link
                    xmlns:atom="http://www.w3.org/2005/Atom" rel="latest-version" href="./sap/ZGW_MULECONIG_SRV/$metadata"/>
                </Schema>
            </edmx:DataServices>
        </edmx:Edmx>