<core:FragmentDefinition xmlns="sap.m" xmlns:core="sap.ui.core">
	<Dialog id="ilaPosIdDialogue" title="{i18n>posIdDialogTitle}" class="sapUiSizeCompact dialog">
		<Toolbar class="toolBarCls">
			<SearchField width="100%" class="sapUiSmallMargin searchIconCls" liveChange="onIlaPosIdLiveChangeSearch" id="dialogueIlaPosIdOrTitleSearch"
				placeholder="{i18n>posIdSrchPlaceHolder}" search="onIlaPosIdSearch"/>
		</Toolbar>
		<Table id="ilaPosIdOrTitleTable" items="{path: 'ilaPosIdTitleModelData>/results'}" includeItemInSelection="true" class="tableCls"
			visible="false" growing="true" growingThreshold="20" growingScrollToLoad="true">
			<columns>
				<Column>
					<Label text="{i18n>posIdColumnLabel}" design="Bold" wrapping="true"/>
				</Column>
				<Column>
					<Label text="{i18n>descColumnLabel}" design="Bold" wrapping="true"/>
				</Column>
				<Column>
					<Label text="{i18n>unionColumnLabel}" design="Bold" wrapping="true"/>
				</Column>
				<Column>
					<Label text="{i18n>currOccuPantTabText}" design="Bold" wrapping="true"/>
				</Column>
			</columns>
			<items>
				<ColumnListItem press="onIlaPosIdOrTitleSubmit" type="Active">
					<cells>
						<Text text="{ilaPosIdTitleModelData>PositionId}" class="textColor"/>
						<Text text="{ilaPosIdTitleModelData>PositionDesc}" class="textColor"/>
						<Text text="{ilaPosIdTitleModelData>Union}" class="textColor"/>
						<Text text="{ilaPosIdTitleModelData>CurntOcupnt}" class="textColor"/>
					</cells>
				</ColumnListItem>
			</items>
		</Table>
		<endButton>
			<Button text="{i18n>cancel}" press="onIlaPosIdCancel" class="clsBtnColorYellowRed"/>
		</endButton>
	</Dialog>
</core:FragmentDefinition>