<core:FragmentDefinition xmlns:core="sap.ui.core" xmlns="sap.m">
	<ResponsivePopover placement="Bottom" afterOpen="onOpen" contentWidth="15%" showHeader="true">
		<customHeader>
			<Bar class="HBoxStyle">
				<contentLeft></contentLeft>
				<contentMiddle>
					<Label text="Sort By" design="Bold"></Label>
				</contentMiddle>
				<contentRight></contentRight>
			</Bar>
		</customHeader>
		<content>
			<List>
				<items>
					<CustomListItem type="Active" press="onAscending">
					
						<HBox alignItems="Center" justifyContent="Center" height="2.5rem">
							<Label text=" Ascending"/>
						</HBox>
					</CustomListItem>
					<CustomListItem type="Active" press="onDescending">
						<HBox alignItems="Center" justifyContent="Center" height="2.5rem">
							<Label text=" Descending"/>
						</HBox>
					</CustomListItem>
					<CustomListItem>
						<HBox alignItems="Center" justifyContent="Center" height="2.5rem" class="FilterHBoxStyle">
							<Label text="Filter :" design="Bold"/>
							<Input width="90%" change="onChange"/>
						</HBox>
					</CustomListItem>
				</items>
			</List>
		</content>
	</ResponsivePopover>
</core:FragmentDefinition>