<core:FragmentDefinition xmlns="sap.m" xmlns:core="sap.ui.core" type="XML">
	<Dialog id="myPopover" title="{PayloadModelBind>/title}" type="Standard" verticalScrolling="true" horizontalScrolling="true" contentHeight="100%"
		contentWidth="7830px" showHeader="true">
		<Label text="{PayloadModelBind>/label}"/>
		<Label text="{PayloadModelBind>/value}"/>
		<beginButton>
			<Button text="Download" press="onDownload"/>
		</beginButton>
		<endButton>
			<Button text="Close" press="onClose"/>
		</endButton>
	</Dialog>
</core:FragmentDefinition>