{
  "cacheControl": [
    {
      "maxAge": 86400
    }
  ],
  "routes": [
    {
      "path": "/sap/opu/odata",
      "target": {
        "type": "destination",
        "name": "WFP_GWD1",
        "entryPath": "/sap/opu/odata"
      },
      "description": "WFP_GWD1HA"
    },
    {
      "path": "/sap/bc/ui5_ui5",
      "target": {
        "type": "destination",
        "name": "WFP_GWD1",
        "entryPath": "/sap/bc/ui5_ui5"
      },
      "description": "WFP_GWD1"
    },
    {
      "path": "/resources",
      "target": {
        "type": "service",
        "name": "sapui5",
        "entryPath": "/resources"
      },
      "description": "SAPUI5 Resources"
    },
    {
      "path": "/test-resources",
      "target": {
        "type": "service",
        "name": "sapui5",
        "entryPath": "/test-resources"
      },
      "description": "SAPUI5 Test Resources"
    },
    {
      "path": "/resources/hcm/fab/lib/common",
      "target": {
        "type": "destination",
        "name": "WFP_GWD1",
        "entryPath": "/sap/bc/ui5_ui5/sap/hcmfab_common",
        "preferLocal": true
      },
      "description": "hcm/fab/lib/common Reuse Library"
    }
  ]
}