<core:FragmentDefinition xmlns="sap.m" xmlns:core="sap.ui.core" xmlns:l="sap.ui.layout" xmlns:f="sap.ui.layout.form">
	<Dialog id="OverrideDialogue" title="Bump Stopped Comments" class="sapUiSizeCompact dialog">
		<f:SimpleForm labelSpanXL="4" labelSpanL="4" labelSpanM="4" labelSpanS="12" adjustLabelSpan="false" emptySpanXL="0" emptySpanL="0"
			emptySpanM="0" emptySpanS="0" columnsXL="3" columnsL="2" columnsM="2" singleContainerFullSize="false">
			<f:content>
				<Label text="Bump Stopped Comments" design="Bold" required="true" wrapping="true" class="labelCls"/>
				<TextArea required="true" id="bumpStoppedComments"></TextArea>
			</f:content>
		</f:SimpleForm>
		<beginButton>
			<Button text="Confirm" press="onBumpedStoppedConfirm" class="clsBtnColorYellowGreen"/>
		</beginButton>
		<endButton>
			<Button text="Cancel" press="onBumpStoppedCancel" class="clsBtnColorYellowRed"/>
		</endButton>
	</Dialog>
</core:FragmentDefinition>