<core:FragmentDefinition xmlns="sap.m" xmlns:core="sap.ui.core">
	<Dialog id="positionIdDialogue" title="Employee ID" class="sapUiSizeCompact dialog">
		<Toolbar class="toolbarBottomBorderCls">
			<SearchField search="onEmpNoSearch" id="empIdSearch" placeholder="Enter Employee ID" class="searchFieldCls"/>
		</Toolbar>
		<Table class="sapUiSizeCompact tableCls" showNoData="false">
			<columns>
				<Column>
					<Label design="Bold" text="Employee Number" wrapping="true"></Label>
				</Column>
				<Column>
					<Label design="Bold" text="Employee Name" wrapping="true"></Label>
				</Column>
			</columns>
		</Table>
		<ScrollContainer focusable="true" vertical="true" horizontal="false" height="340px">
			<Table id="empIdTable" items="{empNoModel>/results}" includeItemInSelection="true" class="tableCls">
				<columns>
					<Column></Column>
					<Column></Column>
				</columns>
				<items>
					<ColumnListItem press="onEmpNoSubmit" type="Active">
						<cells>
							<Text text="{empNoModel>EmpId}" class="tableItemsTxtColor"/>
							<Text text="{empNoModel>EmpName}" class="tableItemsTxtColor"/>
						</cells>
					</ColumnListItem>
				</items>
			</Table>
		</ScrollContainer>
		<endButton>
			<Button text="Cancel" press="onEmpNoCancel" class="clsBtnColorYellowRed  btnWidthCls"/>
		</endButton>
	</Dialog>
</core:FragmentDefinition>