<core:FragmentDefinition xmlns:core="sap.ui.core" xmlns="sap.m">
	<ResponsivePopover showHeader="false" showArrow="true" placement="Bottom" afterOpen="onOpen" class="popoverCls">
		<content>
			<List>
				<items>
					<CustomListItem type="Active" press="onAscending">
						<HBox alignItems="Center" justifyContent="Center" class="sapUiTinyMargin clsBtnColorYellowGreen">
							<Label text="Sort Ascending" width="170px" class="labelCls"/>
							<core:Icon src="sap-icon://sort-ascending" class="sapUiSmallMarginBegin clsBtnColorYellowGreen"/>
						</HBox>
					</CustomListItem>
					<CustomListItem type="Active" press="onDescending">
						<HBox alignItems="Center" justifyContent="Center" class="sapUiTinyMargin clsBtnColorYellowGreen"  >
							<Label text="Sort Descending" width="170px" class="labelCls"/>
							<core:Icon src="sap-icon://sort-descending" class="sapUiSmallMarginBegin"/>
						</HBox>
					</CustomListItem>
					<CustomListItem>
						<HBox alignItems="Center" justifyContent="Center" class="sapUiTinyMargin clsBtnColorYellowGreen">
							<Input id="oFilterInputId" width="95%" change="onChange"/>
							<core:Icon src="sap-icon://filter"></core:Icon>
						</HBox>
					</CustomListItem>
				</items>
			</List>
		</content>
	</ResponsivePopover>
</core:FragmentDefinition>