<core:FragmentDefinition xmlns="sap.m" xmlns:core="sap.ui.core">
	<Dialog title="Displacement Form" class="sapUiSizeCompact sapUiResponsiveContentPadding dialog">
		<content>
			<Text text="" id="mesgId" class="sapUiResponsiveContentPadding tableItemsTxtColor"></Text>
			<HBox visible="false" id="effDateTime">
				<Label required="true" design="Bold" class="labelCls labelClsLine" text="Effective Date Time: "></Label>
				<DateTimePicker id="dateTimeForAllId" change="handleChangeDT" class="datePickerCls" displayFormat="MM/dd/yyyy HH:mm"
					valueFormat="yyyyMMddHHmmss" placeholder="Enter Effective Date &amp; Time ..."/>
			</HBox>
		</content>
		<buttons>
			<Button text="Confirm" press="onConfirm" class="clsBtnColorYellowGreen"></Button>
			<Button text="Cancel" press="oncCancel" class="clsBtnColorYellowRed"></Button>
		</buttons>
	</Dialog>
</core:FragmentDefinition>