<edmx:Edmx
    xmlns:edmx="http://docs.oasis-open.org/odata/ns/edmx" Version="4.0">
    <edmx:Reference Uri="../../catalogservice;v=2/Vocabularies(TechnicalName='%2FIWBEP%2FVOC_COMMON',Version='0001',SAP__Origin='LOCAL')/$value">
        <edmx:Include Namespace="com.sap.vocabularies.Common.v1" Alias="Common"/>
    </edmx:Reference>
    <edmx:Reference Uri="../../catalogservice;v=2/Vocabularies(TechnicalName='%2FIWBEP%2FVOC_UI',Version='0001',SAP__Origin='LOCAL')/$value">
        <edmx:Include Namespace="com.sap.vocabularies.UI.v1" Alias="UI"/>
    </edmx:Reference>
    <edmx:Reference Uri="../../catalogservice;v=2/Vocabularies(TechnicalName='%2FIWBEP%2FVOC_COMMUNICATION',Version='0001',SAP__Origin='LOCAL')/$value">
        <edmx:Include Namespace="com.sap.vocabularies.Communication.v1" Alias="Communication"/>
    </edmx:Reference>
    <edmx:Reference Uri="../../../sap/sd_f1873_so_wl_srv/$metadata">
        <edmx:Include Namespace="SD_F1873_SO_WL_SRV" Alias="SAP"/>
    </edmx:Reference>
    <edmx:DataServices>
        <Schema
            xmlns="http://docs.oasis-open.org/odata/ns/edm" Namespace="sd_f1873_so_wl_anno_mdl.v1">
            <Annotations Target="SD_F1873_SO_WL_SRV.C_DischannelvaluehelpType">
                <Annotation Term="UI.HeaderInfo">
                    <Record>
                        <PropertyValue Property="TypeName" String="Distribution Channel"/>
                        <PropertyValue Property="TypeNamePlural" String="Distribution Channels"/>
                    </Record>
                </Annotation>
            </Annotations>
            <Annotations Target="SD_F1873_SO_WL_SRV.C_OrgDivisionValueHelpType">
                <Annotation Term="UI.HeaderInfo">
                    <Record>
                        <PropertyValue Property="TypeName" String="Division"/>
                        <PropertyValue Property="TypeNamePlural" String="Divisions"/>
                    </Record>
                </Annotation>
            </Annotations>
            <Annotations Target="SD_F1873_SO_WL_SRV.C_SalesDocumentUserVHType">
                <Annotation Term="UI.HeaderInfo">
                    <Record>
                        <PropertyValue Property="TypeName" String="Sales Document User"/>
                        <PropertyValue Property="TypeNamePlural" String="Sales Document Users"/>
                    </Record>
                </Annotation>
                <Annotation Term="UI.PresentationVariant">
                    <Record>
                        <PropertyValue Property="SortOrder">
                            <Collection>
                                <Record Type="Common.SortOrderType">
                                    <PropertyValue Property="Property" PropertyPath="UserID"/>
                                    <PropertyValue Property="Descending" Bool="false"/>
                                </Record>
                                <Record Type="Common.SortOrderType">
                                    <PropertyValue Property="Property" PropertyPath="UserDescription"/>
                                    <PropertyValue Property="Descending" Bool="false"/>
                                </Record>
                            </Collection>
                        </PropertyValue>
                    </Record>
                </Annotation>
            </Annotations>
            <Annotations Target="SD_F1873_SO_WL_SRV.C_SalesGroupValueHelpType">
                <Annotation Term="UI.HeaderInfo">
                    <Record>
                        <PropertyValue Property="TypeName" String="Sales Group"/>
                        <PropertyValue Property="TypeNamePlural" String="Sales Groups"/>
                    </Record>
                </Annotation>
            </Annotations>
            <Annotations Target="SD_F1873_SO_WL_SRV.C_SalesOfficeValueHelpType">
                <Annotation Term="UI.HeaderInfo">
                    <Record>
                        <PropertyValue Property="TypeName" String="Sales Office"/>
                        <PropertyValue Property="TypeNamePlural" String="Sales Offices"/>
                    </Record>
                </Annotation>
            </Annotations>
            <Annotations Target="SD_F1873_SO_WL_SRV.C_SalesOrderTypeVH_F1873Type/SalesDocumentTypeLangDepdnt">
                <Annotation Term="UI.Hidden"/>
            </Annotations>
            <Annotations Target="SD_F1873_SO_WL_SRV.C_SalesOrderTypeVH_F1873Type">
                <Annotation Term="UI.HeaderInfo">
                    <Record>
                        <PropertyValue Property="TypeName" String="Sales Order Type"/>
                        <PropertyValue Property="TypeNamePlural" String="Sales Order Types"/>
                    </Record>
                </Annotation>
            </Annotations>
            <Annotations Target="SD_F1873_SO_WL_SRV.C_SalesOrderWl_F1873Type/LastChangeDateTime">
                <Annotation Term="UI.HiddenFilter"/>
            </Annotations>
            <Annotations Target="SD_F1873_SO_WL_SRV.C_SalesOrderWl_F1873Type/to_OverallBillingBlockStatus">
                <Annotation Term="UI.HiddenFilter"/>
            </Annotations>
            <Annotations Target="SD_F1873_SO_WL_SRV.C_SalesOrderWl_F1873Type/to_SalesDocApprovalStatus">
                <Annotation Term="UI.HiddenFilter"/>
            </Annotations>
            <Annotations Target="SD_F1873_SO_WL_SRV.C_SalesOrderWl_F1873Type/SalesDocumentRjcnReason">
                <Annotation Term="UI.Hidden"/>
            </Annotations>
            <Annotations Target="SD_F1873_SO_WL_SRV.C_SalesOrderWl_F1873Type/SlsOrdApprovalStsCriticality">
                <Annotation Term="UI.Hidden"/>
            </Annotations>
            <Annotations Target="SD_F1873_SO_WL_SRV.C_SalesOrderWl_F1873Type/OrganizationBPName1">
                <Annotation Term="UI.Hidden"/>
            </Annotations>
            <Annotations Target="SD_F1873_SO_WL_SRV.C_SalesOrderWl_F1873Type/OrganizationBPName2">
                <Annotation Term="UI.Hidden"/>
            </Annotations>
            <Annotations Target="SD_F1873_SO_WL_SRV.C_SalesOrderWl_F1873Type/SalesOrder">
                <Annotation Term="Common.SemanticObject" String="SalesOrder"/>
            </Annotations>
            <Annotations Target="SD_F1873_SO_WL_SRV.C_SalesOrderWl_F1873Type/SoldToParty">
                <Annotation Term="Common.SemanticObject" String="Customer"/>
                <Annotation Term="Common.SemanticObjectMapping">
                    <Collection>
                        <Record>
                            <PropertyValue Property="LocalProperty" PropertyPath="SoldToParty"/>
                            <PropertyValue Property="SemanticObjectProperty" String="Customer"/>
                        </Record>
                    </Collection>
                </Annotation>
            </Annotations>
            <Annotations Target="SD_F1873_SO_WL_SRV.C_SalesOrderWl_F1873Type/OverallSDProcessStatus">
                <Annotation Term="Common.Text" Path="to_OverallSDProcessStatus/OverallSDProcessStatus_Text">
                    <Annotation Term="UI.TextArrangement" EnumMember="UI.TextArrangementType/TextOnly"/></Annotation>
            </Annotations>
            <Annotations Target="SD_F1873_SO_WL_SRV.C_SalesOrderWl_F1873Type/OverallSDDocumentRejectionSts">
                <Annotation Term="Common.Text" Path="to_OverallSDDocumentRejectionSts/OverallSDDocumentRejectionSts_Text">
                    <Annotation Term="UI.TextArrangement" EnumMember="UI.TextArrangementType/TextOnly"/></Annotation>
            </Annotations>
            <Annotations Target="SD_F1873_SO_WL_SRV.C_SalesOrderWl_F1873Type/OverallBillingBlockStatus">
                <Annotation Term="Common.Text" Path="to_OverallBillingBlockStatus/OverallBillingBlockStatus_Text">
                    <Annotation Term="UI.TextArrangement" EnumMember="UI.TextArrangementType/TextOnly"/></Annotation>
            </Annotations>
            <Annotations Target="SD_F1873_SO_WL_SRV.C_SalesOrderWl_F1873Type/SalesDocApprovalStatus">
                <Annotation Term="Common.Text" Path="to_SalesDocApprovalStatus/SalesDocApprovalStatus_Text">
                    <Annotation Term="UI.TextArrangement" EnumMember="UI.TextArrangementType/TextOnly"/></Annotation>
            </Annotations>
            <Annotations Target="SD_F1873_SO_WL_SRV.C_SalesOrderWl_F1873Type">
                <Annotation Term="UI.HeaderInfo">
                    <Record>
                        <PropertyValue Property="TypeName" String="Sales Order"/>
                        <PropertyValue Property="TypeNamePlural" String="Sales Orders"/>
                        <PropertyValue Property="Title">
                            <Record Type="UI.DataField">
                                <PropertyValue Property="Value" Path="SalesOrder"/>
                            </Record>
                        </PropertyValue>
                    </Record>
                </Annotation>
                <Annotation Term="UI.LineItem">
                    <Collection>
                        <Record Type="UI.DataField">
                            <PropertyValue Property="Value" Path="SalesOrder"/>
                            <Annotation Term="UI.Importance" EnumMember="UI.ImportanceType/High"/>
                        </Record>
                        <Record Type="UI.DataField">
                            <PropertyValue Property="Value" Path="SoldToParty"/>
                            <Annotation Term="UI.Importance" EnumMember="UI.ImportanceType/High"/>
                        </Record>
                        <Record Type="UI.DataField">
                            <PropertyValue Property="Value" Path="PurchaseOrderByCustomer"/>
                            <Annotation Term="UI.Importance" EnumMember="UI.ImportanceType/Medium"/>
                        </Record>
                        <Record Type="UI.DataField">
                            <PropertyValue Property="Value" Path="RequestedDeliveryDate"/>
                            <Annotation Term="UI.Importance" EnumMember="UI.ImportanceType/Medium"/>
                        </Record>
                        <Record Type="UI.DataField">
                            <PropertyValue Property="Value" Path="TotalNetAmount"/>
                            <Annotation Term="UI.Importance" EnumMember="UI.ImportanceType/High"/>
                        </Record>
                        <Record Type="UI.DataField">
                            <PropertyValue Property="Value" Path="SalesOrderDate"/>
                            <Annotation Term="UI.Importance" EnumMember="UI.ImportanceType/Low"/>
                        </Record>
                        <Record Type="UI.DataField">
                            <PropertyValue Property="Criticality" Path="SlsOrdApprovalStsCriticality"/>
                            <PropertyValue Property="Value" Path="SalesDocApprovalStatus"/>
                            <Annotation Term="UI.Hidden"/>
                        </Record>
                    </Collection>
                </Annotation>
                <Annotation Term="UI.LineItem" Qualifier="Customer360">
                    <Collection>
                        <Record Type="UI.DataField">
                            <PropertyValue Property="Value" Path="SalesOrder"/>
                            <Annotation Term="UI.Importance" EnumMember="UI.ImportanceType/High"/>
                        </Record>
                        <Record Type="UI.DataField">
                            <PropertyValue Property="Value" Path="PurchaseOrderByCustomer"/>
                            <Annotation Term="UI.Importance" EnumMember="UI.ImportanceType/Medium"/>
                        </Record>
                        <Record Type="UI.DataField">
                            <PropertyValue Property="Value" Path="RequestedDeliveryDate"/>
                            <Annotation Term="UI.Importance" EnumMember="UI.ImportanceType/Medium"/>
                        </Record>
                        <Record Type="UI.DataField">
                            <PropertyValue Property="Value" Path="TotalNetAmount"/>
                            <Annotation Term="UI.Importance" EnumMember="UI.ImportanceType/High"/>
                        </Record>
                        <Record Type="UI.DataField">
                            <PropertyValue Property="Value" Path="SalesOrderDate"/>
                            <Annotation Term="UI.Importance" EnumMember="UI.ImportanceType/Low"/>
                        </Record>
                        <Record Type="UI.DataField">
                            <PropertyValue Property="Value" Path="SalesOrderType"/>
                            <Annotation Term="UI.Importance" EnumMember="UI.ImportanceType/Low"/>
                        </Record>
                    </Collection>
                </Annotation>
                <Annotation Term="UI.PresentationVariant">
                    <Record>
                        <PropertyValue Property="SortOrder">
                            <Collection>
                                <Record Type="Common.SortOrderType">
                                    <PropertyValue Property="Property" PropertyPath="SalesOrderDate"/>
                                    <PropertyValue Property="Descending" Bool="true"/>
                                </Record>
                                <Record Type="Common.SortOrderType">
                                    <PropertyValue Property="Property" PropertyPath="SalesOrder"/>
                                    <PropertyValue Property="Descending" Bool="true"/>
                                </Record>
                            </Collection>
                        </PropertyValue>
                        <PropertyValue Property="RequestAtLeast">
                            <Collection>
                                <PropertyPath>DeliveryBlockReason</PropertyPath>
                                <PropertyPath>HeaderBillingBlockReason</PropertyPath>
                            </Collection>
                        </PropertyValue>
                    </Record>
                </Annotation>
                <Annotation Term="UI.SelectionFields">
                    <Collection>
                        <PropertyPath>SalesOrder</PropertyPath>
                        <PropertyPath>SoldToParty</PropertyPath>
                        <PropertyPath>OverallSDProcessStatus</PropertyPath>
                    </Collection>
                </Annotation>
                <Annotation Term="Common.SemanticObject" String="SalesOrder"/>
            </Annotations>
            <Annotations Target="SD_F1873_SO_WL_SRV.C_SoldToValueHelpType/EmailAddress">
                <Annotation Term="Communication.IsEmailAddress"/>
                <Annotation Term="UI.Hidden"/>
            </Annotations>
            <Annotations Target="SD_F1873_SO_WL_SRV.C_SoldToValueHelpType/OrganizationBPName1">
                <Annotation Term="UI.Hidden"/>
            </Annotations>
            <Annotations Target="SD_F1873_SO_WL_SRV.C_SoldToValueHelpType/OrganizationBPName2">
                <Annotation Term="UI.Hidden"/>
            </Annotations>
            <Annotations Target="SD_F1873_SO_WL_SRV.C_SoldToValueHelpType/BusinessPartnerImageURL">
                <Annotation Term="UI.Hidden"/>
            </Annotations>
            <Annotations Target="SD_F1873_SO_WL_SRV.C_SoldToValueHelpType/InternationalPhoneNumber">
                <Annotation Term="UI.Hidden"/>
                <Annotation Term="Communication.IsPhoneNumber"/>
            </Annotations>
            <Annotations Target="SD_F1873_SO_WL_SRV.C_SoldToValueHelpType">
                <Annotation Term="UI.QuickViewFacets">
                    <Collection>
                        <Record Type="UI.ReferenceFacet">
                            <PropertyValue Property="Label" String="Address"/>
                            <PropertyValue Property="Target" AnnotationPath="@UI.FieldGroup#SoldToQuickView"/>
                        </Record>
                    </Collection>
                </Annotation>
                <Annotation Term="UI.FieldGroup" Qualifier="SoldToQuickView">
                    <Record>
                        <PropertyValue Property="Data">
                            <Collection>
                                <Record Type="UI.DataField">
                                    <PropertyValue Property="Value" Path="PostalCode"/>
                                </Record>
                                <Record Type="UI.DataField">
                                    <PropertyValue Property="Value" Path="CityName"/>
                                </Record>
                                <Record Type="UI.DataField">
                                    <PropertyValue Property="Value" Path="Country"/>
                                </Record>
                            </Collection>
                        </PropertyValue>
                    </Record>
                </Annotation>
                <Annotation Term="UI.HeaderInfo">
                    <Record>
                        <PropertyValue Property="TypeName" String="Sold-to Party"/>
                        <PropertyValue Property="TypeNamePlural" String="Sold-to Parties"/>
                        <PropertyValue Property="ImageUrl" Path="BusinessPartnerImageURL"/>
                    </Record>
                </Annotation>
                <Annotation Term="UI.Identification">
                    <Collection>
                        <Record Type="UI.DataField">
                            <PropertyValue Property="Value" Path="CustomerName"/>
                            <Annotation Term="UI.Importance" EnumMember="UI.ImportanceType/High"/>
                        </Record>
                        <Record Type="UI.DataField">
                            <PropertyValue Property="Value" Path="PostalCode"/>
                            <Annotation Term="UI.Importance" EnumMember="UI.ImportanceType/High"/>
                        </Record>
                        <Record Type="UI.DataField">
                            <PropertyValue Property="Value" Path="CityName"/>
                            <Annotation Term="UI.Importance" EnumMember="UI.ImportanceType/High"/>
                        </Record>
                        <Record Type="UI.DataField">
                            <PropertyValue Property="Value" Path="Country"/>
                            <Annotation Term="UI.Importance" EnumMember="UI.ImportanceType/High"/>
                        </Record>
                    </Collection>
                </Annotation>
                <Annotation Term="UI.LineItem">
                    <Collection>
                        <Record Type="UI.DataField">
                            <PropertyValue Property="Value" Path="Customer"/>
                            <Annotation Term="UI.Importance" EnumMember="UI.ImportanceType/High"/>
                        </Record>
                        <Record Type="UI.DataField">
                            <PropertyValue Property="Value" Path="CustomerName"/>
                            <Annotation Term="UI.Importance" EnumMember="UI.ImportanceType/High"/>
                        </Record>
                        <Record Type="UI.DataField">
                            <PropertyValue Property="Value" Path="PostalCode"/>
                            <Annotation Term="UI.Importance" EnumMember="UI.ImportanceType/High"/>
                        </Record>
                        <Record Type="UI.DataField">
                            <PropertyValue Property="Value" Path="CityName"/>
                            <Annotation Term="UI.Importance" EnumMember="UI.ImportanceType/High"/>
                        </Record>
                        <Record Type="UI.DataField">
                            <PropertyValue Property="Value" Path="Country"/>
                            <Annotation Term="UI.Importance" EnumMember="UI.ImportanceType/High"/>
                        </Record>
                    </Collection>
                </Annotation>
                <Annotation Term="UI.SelectionFields">
                    <Collection>
                        <PropertyPath>Customer</PropertyPath>
                        <PropertyPath>CustomerName</PropertyPath>
                        <PropertyPath>PostalCode</PropertyPath>
                        <PropertyPath>CityName</PropertyPath>
                        <PropertyPath>Country</PropertyPath>
                    </Collection>
                </Annotation>
                <Annotation Term="Communication.Contact">
                    <Record>
                        <PropertyValue Property="adr">
                            <Collection>
                                <Record>
                                    <PropertyValue Property="type" EnumMember="Communication.ContactInformationType/preferred"/>
                                    <PropertyValue Property="locality" Path="CityName"/>
                                    <PropertyValue Property="country" Path="Country"/>
                                    <PropertyValue Property="code" Path="PostalCode"/>
                                </Record>
                            </Collection>
                        </PropertyValue>
                        <PropertyValue Property="tel">
                            <Collection>
                                <Record>
                                    <PropertyValue Property="type" EnumMember="Communication.PhoneType/work Communication.PhoneType/preferred"/>
                                    <PropertyValue Property="uri" Path="InternationalPhoneNumber"/>
                                </Record>
                            </Collection>
                        </PropertyValue>
                        <PropertyValue Property="email">
                            <Collection>
                                <Record>
                                    <PropertyValue Property="type" EnumMember="Communication.ContactInformationType/work"/>
                                    <PropertyValue Property="address" Path="EmailAddress"/>
                                </Record>
                            </Collection>
                        </PropertyValue>
                    </Record>
                </Annotation>
                <Annotation Term="Communication.Address">
                    <Record>
                        <PropertyValue Property="type" EnumMember="Communication.ContactInformationType/preferred"/>
                        <PropertyValue Property="locality" Path="CityName"/>
                        <PropertyValue Property="country" Path="Country"/>
                        <PropertyValue Property="code" Path="PostalCode"/>
                    </Record>
                </Annotation>
            </Annotations>
            <Annotations Target="SD_F1873_SO_WL_SRV.I_Customer_VHType/CustomerAccountGroup">
                <Annotation Term="UI.HiddenFilter"/>
                <Annotation Term="UI.Hidden"/>
            </Annotations>
            <Annotations Target="SD_F1873_SO_WL_SRV.I_Customer_VHType/AuthorizationGroup">
                <Annotation Term="UI.HiddenFilter"/>
                <Annotation Term="UI.Hidden"/>
            </Annotations>
            <Annotations Target="SD_F1873_SO_WL_SRV.I_Customer_VHType/IsBusinessPurposeCompleted">
                <Annotation Term="UI.HiddenFilter"/>
                <Annotation Term="UI.Hidden"/>
            </Annotations>
            <Annotations Target="SD_F1873_SO_WL_SRV.I_DeliveryBlockReasonType/DeliveryBlockReason">
                <Annotation Term="UI.HiddenFilter"/>
            </Annotations>
            <Annotations Target="SD_F1873_SO_WL_SRV.I_DeliveryBlockReasonType/DeliveryBlockReason_Text">
                <Annotation Term="UI.HiddenFilter"/>
            </Annotations>
        </Schema>
    </edmx:DataServices>
</edmx:Edmx>