<core:FragmentDefinition xmlns="sap.m" xmlns:l="sap.ui.layout" xmlns:f="sap.ui.layout.form" xmlns:core="sap.ui.core" class="sapMHeader-CTX">
	<Dialog id="dialog" contentWidth="80%" class="sapUiSizeCompact sapMBarContainer" title="Employee Details" showHeader="true" draggable="true">
		<f:SimpleForm id="idSimpleForm" editable="true" layout="ResponsiveGridLayout" labelSpanXL="4" labelSpanL="4" labelSpanM="12" labelSpanS="12"
			adjustLabelSpan="false" emptySpanXL="0" emptySpanL="0" emptySpanM="0" emptySpanS="0" columnsXL="2" columnsL="2" columnsM="2"
			singleContainerFullSize="false"><core:Title text=""/>
			<!--<Label text="{i18n>empId}" design="Bold" labelFor="empId"/>-->
			<!--<Input value="{formModel>/EmpId}" placeholder="EMPLOYEE ID"/>-->
			<Label text="{i18n>empName}" design="Bold" required="true" labelFor="empName"/>
			<Input value="{formModel>/Firstname}" placeholder="FIRSTNAME"></Input>
			<Input value="{formModel>/Secondname}" placeholder="LAST NAME">
				<layoutData>
					<l:GridData span="XL2 L3 M4 S4"/>
				</layoutData>
			</Input>
			<Label text="{i18n>design}" design="Bold" labelFor="Design"/>
			<ComboBox items="{path: 'designModel>/'}" selectedKey="{formModel>/Designation}" placeholder="SELECT DESIGNATION">
				<items>
					<core:Item key="{designModel>Description}" text="{designModel>Description}"/>
				</items>
			</ComboBox>
			<Label text="{i18n>loc}" design="Bold" labelFor="location"/>
			<Select autoAdjustWidth="true" items="{path: 'locModel>/'}" selectedKey="{formModel>/Location}">
				<items>
					<core:Item key="{locModel>Description}" text="{locModel>Description}"/>
				</items>
			</Select>
			<Label text="{i18n>dept}" design="Bold" labelFor="Department"/>
			<Input id="idDept" valueHelpRequest="onValueHelpRequested" showSuggestion="true" name="forDept" showValueHelp="true"
				suggestionItems="{path: 'deptModel>/'}" value="{formModel>/Department}" placeholder="SELECT DEPARTMENT">
				<core:Item key="{deptModel>Description}" text="{deptModel>Desgkey}"/>
			</Input>
			<Label text="{i18n>repTo}" design="Bold" labelFor="reportTo"/>
			<Input value="{formModel>/Reportto}" placeholder="REPORTING TO"></Input>
			<Label text="{i18n>Exp}" design="Bold" labelFor="Experience"/>
			<Input value="{formModel>/Experience}" placeholder="EXPERIENCE"/>
			<Label text="{i18n>JOD}" design="Bold" labelFor="JoinigDate"/>
			<DatePicker name="joiningDate" change="validationOfInput" id="DP1" placeholder="MM/DD/YYYY" value="{formModel>/Dob}" valueFormat="yyyy-MM-ddTHH:mm:ss"/>
			<Label text="{i18n>DOB}" design="Bold"/>
			<DatePicker id="DP2" placeholder="MM/DD/YYYY" value="{formModel>/Joiningdate}" valueFormat="yyyy-MM-ddTHH:mm:ss"/>
			<core:Title text=""/>
			<Label text="{i18n>street}" design="Bold" labelFor="street"/>
			<Input value="{formModel>/Street}" placeholder="STREET NAME"></Input>
			<Input value="{formModel>/Village}" placeholder="VILLAGE/CITY">
				<layoutData>
					<l:GridData span="XL2 L3 M4 S4"/>
				</layoutData>
			</Input>
			<Label text="{i18n>landMark}" design="Bold" labelFor="landmark"/>
			<Input value="{formModel>/Landmark}" placeholder="LAND MARK"/>
			<Label text="{i18n>mandal}" design="Bold" labelFor="mandal"/>
			<Input value="{formModel>/Mandal}" placeholder="MANDALAM"/>
			<Input value="{formModel>/District}" placeholder="DISTRICT"/>
			<Label text="{i18n>state}" design="Bold" labelFor="state"/>
			<Input value="{formModel>/State}" placeholder="STATE"/>
			<Input value="{formModel>/Pincode}" type="Number" maxLength="06" placeholder="PINCODE">
				<layoutData>
					<l:GridData span="XL2 L3 M4 S4"/>
				</layoutData>
			</Input>
			<Label text="{i18n>phone}" design="Bold"/>
			<Input value="{formModel>/Phonenumber}" type="Number" maxLength="10" valueStateText="Mobile Number accepts only numbers!" placeholder="PHONE NUMBER"/>
			<Label text="{i18n>2022}" design="Bold" labelFor="Op2022"/>
			<Input value="{formModel>/Op2022}" editable="{yearVisibility>/Op2022}" placeholder="0"/>
			<Label text="{i18n>2021}" design="Bold" labelFor="Op2021"/>
			<Input value="{formModel>/Op2021}" editable="{yearVisibility>/Op2021}" placeholder="0"/>
			<Label text="{i18n>2020}" design="Bold" labelFor="Op2020"/>
			<Input value="{formModel>/Op2020}" editable="{yearVisibility>/Op2020}" placeholder="0"/>
		</f:SimpleForm>
		<buttons>
			<Button text="Create" visible="{buttonVisible>/createButton}" type="Accept" press="onCreate"/>
			<Button text="Edit" visible="{buttonVisible>/editButton}" type="Accept" press="on"/>
			<Button text="Cancel" type="Reject" press="onpressCancel"/>
		</buttons>
	</Dialog>
</core:FragmentDefinition>