{
    "application": {
        "id": "",
        "title": "BarCode.BarCode",
        "description": "Barcode",
        "type": "SAP_UI5_Component",
        "componentUrl": "/",
        "appUrl": "#BarCode-Display",
        "navigationComponentName": "BarCode",
        "intentSemanticObject": "BarCode",
        "intentAction": "Display",
        "html5ApplicationName": "barcode",
        "HCPParentApplicationName": ""
    },
    "assignment": {
        "groups": [
            "3ae0aabe-9c92-4248-b927-1c3ffade42ca"
        ],
        "contentPackages": [
            "4dde44b5-acdc-4ecd-8f6d-8a203f808743"
        ],
        "categories": []
    },
    "tile": {
        "type": "StaticTile",
        "title": "BarCodeScanner",
        "subtitle": "Scan",
        "searchKeywords": "BarCodeScanner,Scan",
        "displayIconUrl": "sap-icon://bar-code",
        "displayInfoText": "",
        "size": "1x1",
        "serviceURL": "",
        "refreshInterval": ""
    }
}