<core:FragmentDefinition xmlns:core="sap.ui.core" xmlns="sap.m">
	<ResponsivePopover afterOpen="onOpen" placement="Bottom" title="Options">
		<content>
			<List>
				<items>
					<CustomListItem press="onAscending" type="Active">
						<HBox alignItems="Center" class="HBoxStyle" justifyContent="Center">
							<Label text="{i18n>sortAscending}"/>
						</HBox>
					</CustomListItem>
					<CustomListItem press="onDescending" type="Active">
						<HBox alignItems="Center" class="HBoxStyle" justifyContent="Center">
							<Label text="{i18n>sortDescending}"/>
						</HBox>
					</CustomListItem>
					<CustomListItem>
						<HBox alignItems="Center" class="HBoxStyle" justifyContent="Center">
							<Label text="{i18n>filter}"/>
							<Input change="onChange" width="90%"/>
						</HBox>
					</CustomListItem>
				</items>
			</List>
		</content>
	</ResponsivePopover>
</core:FragmentDefinition>