<core:FragmentDefinition xmlns:core="sap.ui.core" xmlns="sap.m">
	<Popover contentHeight="200px" contentWidth="200px" placement="Top" showHeader="false">
		<Page title="{i18n>comments}">
			<!--<HBox>-->
			<!--<Label design="Bold" text="Text:" class="sapUiTinyMarginTop sapUiTinyMarginBegin"/>-->
			<!--<Text text="{statDetails>/TextValue}" class="sapUiTinyMarginTop sapUiSmallMarginBegin"/>-->
			<!--</HBox>-->
			<!--<Table id="rejetCommentTable" items="{ path: 'commentsModel>/' }">-->
			<!--	<columns>-->
			<!--		<Column hAlign="Center">-->
			<!--			<Label design="Bold" text="{i18n>comments}"/>-->
			<!--		</Column>-->
			<!--	</columns>-->
			<!--	<items>-->
			<!--		<ColumnListItem>-->
			<!--			<cells>-->
			<!--				<Text text="{commentsModel>/Tdline}"></Text>-->
			<!--			</cells>-->
			<!--		</ColumnListItem>-->
			<!--	</items>-->
			<!--</Table>-->
			<Text text="{commentsModel>/Tdline}" />
		</Page>
	</Popover>
</core:FragmentDefinition>