<core:FragmentDefinition xmlns:core="sap.ui.core" xmlns="sap.m">
	<ViewSettingsDialog confirm="handleFilterDialogConfirm" id="filterDialogId" resetFilters="onResetFilters">
		<filterItems>
			<!--<ViewSettingsFilterItem key="OrderFilter" multiSelect="false" text="{i18n>table.header.label.OrderType}">-->
			<!--	<items>-->
			<!--		<ViewSettingsItem key="Ordtype___EQ___SAPI" text="Issue"/>-->
			<!--		<ViewSettingsItem key="Ordtype___EQ___SAPR" text="Return"/>-->
			<!--	</items>-->
			<!--</ViewSettingsFilterItem>-->
			<ViewSettingsFilterItem id="orderTypeModel" items="{path: 'orderTypeModel>/'}" key="OrderFilter" multiSelect="false"
				text="{i18n>table.header.label.OrderType}">
				<items>
					<ViewSettingsItem key="Ordtype___EQ___{orderTypeModel>}" text="{ path:'orderTypeModel>',formatter: '.formatter.filteredOrderType'}"/>
					<!--<ViewSettingsItem key="Ordtype___EQ___{orderTypeModel>}" text="{orderTypeModel>}"/>-->
				</items>
			</ViewSettingsFilterItem>
			<ViewSettingsFilterItem id="ProdCodeFilter" items="{path: 'ProdCodeModel>/'}" key="ProdCodeKey" multiSelect="false"
				text="{i18n>table.header.label.ProdCode}">
				<items>
					<ViewSettingsItem key="Prodcode___EQ___{ProdCodeModel>}" text="{ProdCodeModel>}"/>
				</items>
			</ViewSettingsFilterItem>
			<ViewSettingsFilterItem id="BatchIDFilter" items="{path: 'BatchNamesModel>/'}" key="BatchIdKey" multiSelect="false"
				text="{i18n>table.header.label.BatchId}">
				<items>
					<ViewSettingsItem key="Charg___EQ___{BatchNamesModel>}" text="{BatchNamesModel>}"/>
				</items>
			</ViewSettingsFilterItem>
			<ViewSettingsFilterItem id="DeliveryNumFilter" items="{path: 'DeliveryNumbersModel>/', sorter:[{ path: '/', descending: false }]}"
				key="DeliveryNumKey" multiSelect="false" text="{i18n>table.header.label.DeliveryNumber}">
				<items>
					<ViewSettingsItem key="Vbeln___EQ___{DeliveryNumbersModel>}" text="{DeliveryNumbersModel>}"/>
				</items>
			</ViewSettingsFilterItem>
			<ViewSettingsFilterItem id="CustIDFilter" items="{path: 'CustNamesModel>/'}" key="CustomerKey" multiSelect="false"
				text="{i18n>table.header.label.CustomerName}">
				<items>
					<ViewSettingsItem key="Lifnr___EQ___{CustNamesModel>}" text="{CustNamesModel>}"/>
				</items>
			</ViewSettingsFilterItem>
			<ViewSettingsFilterItem id="CarrNameFilter" items="{path: 'CarrierNamesModel>/'}" key="CarrierNameKey" multiSelect="false"
				text="{i18n>table.header.label.CarrierName}">
				<items>
					<ViewSettingsItem key="Carrier___EQ___{CarrierNamesModel>}" text="{CarrierNamesModel>}"/>
				</items>
			</ViewSettingsFilterItem>
			<ViewSettingsFilterItem id="PlannedGIFilter" items="{path: 'GoodsIssueDateModel>/'}" key="GoodsKey" multiSelect="false"
				text="{i18n>table.header.label.GI_Date}">
				<items>
					<ViewSettingsItem key="Wadat___EQ___{GoodsIssueDateModel>}" text="{ path:'GoodsIssueDateModel>',formatter: '.formatter.changeDateFormat'}"/>
				</items>
			</ViewSettingsFilterItem>
			<ViewSettingsFilterItem id="AppTimeFilter" items="{path: 'AppTimeModel>/'}" key="AppTimeKey" multiSelect="false"
				text="{i18n>table.header.label.AppointmentTime}">
				<items>
					<ViewSettingsItem key="Apptime___EQ___{AppTimeModel>}" text="{ path:'AppTimeModel>',formatter: '.formatter.changeTimeFormat'}"/>
				</items>
			</ViewSettingsFilterItem>
			<ViewSettingsFilterItem key="Status" multiSelect="false" text="{i18n>table.header.label.Status}">
				<items>
					<ViewSettingsItem key="Delstatus___EQ___Planned" text="Planned"/>
					<ViewSettingsItem key="Delstatus___EQ___Cancelled" text="Cancelled"/>
				</items>
			</ViewSettingsFilterItem>
		</filterItems>
	</ViewSettingsDialog>
</core:FragmentDefinition>