<core:FragmentDefinition xmlns:core="sap.ui.core" xmlns:l="sap.ui.layout" xmlns:mvc="sap.ui.core.mvc" xmlns="sap.m">
	<IconTabBar class="countOverflow" expanded="{device>/isNoPhone}" id="IconTabBarID">
		<items>
			<IconTabFilter count="{ViewModel>/PlannedCount}" icon="sap-icon://request" iconColor="Contrast" key="PlannedTable"
				text="{i18n>PanelHdrPlanned}">
				<Toolbar class="noToolbarBottomBorder">
					<ToolbarSpacer/>
					<Button icon="sap-icon://sort" press="handleSortButtonPressed" tooltip="{i18n>viewSortSetngs}"/>
					<Button icon="sap-icon://filter" press="handleFilterButtonPressed" tooltip="{i18n>viewFltrSetngs}"/>
					<Button icon="sap-icon://refresh" press="handleRefreshButtonPressed" tooltip="{i18n>refreshFilterTable}"/>
				</Toolbar>
				<Table class="sapUiSizeCompact" id="PlannedTable"
					items="{ path: 'StatusReportModel>/results'}"
					updateFinished="onPlannedTableUpdateFinsihed">
					<infoToolbar>
						<Toolbar id="PlannedTableInfoToolBar" visible="false">
							<Text id="PlannedTableInfoLabel"/>
						</Toolbar>
					</infoToolbar>
					<columns>
						<Column demandPopin="true" hAlign="Left" minScreenWidth="Phone" width="35px">
							<Text class="ColumnTextBold" text="{i18n>table.header.label.OrderType}"/>
						</Column>
						<Column demandPopin="true" visible="{= ${ViewModel>/ParentPlant} !==''}" hAlign="Left" minScreenWidth="Phone" width="30px">
							<Text class="ColumnTextBold" text="{i18n>Plant}"/>
						</Column>
						<Column demandPopin="true" hAlign="Left" minScreenWidth="Phone" width="55px">
							<Text class="ColumnTextBold" text="{i18n>table.header.label.DeliveryNumber}"/>
						</Column>
						<Column demandPopin="true" hAlign="Left" minScreenWidth="Tablet" width="50px">
							<Text class="ColumnTextBold" text="{i18n>table.header.label.ProdCode}"/>
						</Column>
						<Column demandPopin="true" hAlign="Left" minScreenWidth="Desktop" width="60px">
							<Text class="ColumnTextBold" text="{i18n>table.header.label.BatchId}"/>
						</Column>
						<Column demandPopin="true" hAlign="Left" minScreenWidth="Desktop" width="60px">
							<Text class="ColumnTextBold" text="{i18n>table.header.label.CustomerName}"/>
						</Column>
						<Column demandPopin="true" hAlign="Left" minScreenWidth="Desktop" width="70px">
							<Text class="ColumnTextBold" text="{i18n>table.header.label.CarrierName}"/>
						</Column>
						<Column demandPopin="true" hAlign="Left" minScreenWidth="Desktop" width="60px">
							<Text class="ColumnTextBold" text="{i18n>table.header.label.GI_Date}"/>
						</Column>
						<Column demandPopin="true" hAlign="Left" minScreenWidth="Desktop" width="65px">
							<Text class="ColumnTextBold" text="{i18n>table.header.label.AppointmentTime}"/>
						</Column>
						<Column demandPopin="true" hAlign="Left" minScreenWidth="Desktop" width="45px">
							<Text class="ColumnTextBold" text="{i18n>table.header.label.totalQty}"/>
						</Column>
						<Column demandPopin="true" hAlign="Left" minScreenWidth="Phone" width="45px">
							<Text class="ColumnTextBold" text="{i18n>table.header.label.Status}"/>
						</Column>
						<Column demandPopin="true" hAlign="Left" minScreenWidth="Phone" width="60px">
							<Text class="ColumnTextBold" text="{i18n>checkInSys}"/>
						</Column>
						<Column demandPopin="true" hAlign="Left" minScreenWidth="Phone" width="60px">
							<Text class="ColumnTextBold" text="{i18n>checkOutSys}"/>
						</Column>
						<Column demandPopin="true" hAlign="Left" minScreenWidth="Phone" width="60px">
							<Text class="ColumnTextBold" text="{i18n>CustRej}"/>
						</Column>
					</columns>
					<items>
						<ColumnListItem>
							<cells>
								<!--<Text text="{ path:'StatusReportModel>Ordtype',formatter: '.formatter.ChangeOrderType'}"/>-->
								<Text text="{ parts: [{path: 'StatusReportModel&gt;Ordtype' }, {path: 'StatusReportModel&gt;DelvType' }],formatter: '.formatter.ChangeOrderType'}"/>
								<Text text="{StatusReportModel>Plant}"/>
								<Text text="{StatusReportModel>Vbeln}"/>
								<Text text="{StatusReportModel>Prodcode}"/>
								<Text text="{StatusReportModel>Charg}"/>
								<Text text="{StatusReportModel>Lifnr}"/>
								<Text text="{StatusReportModel>Carrier}"/>
								<!--<Text text="{ path:'StatusReportModel>Wadat',formatter: '.formatter.changeDateFormat'}"/>-->
									<Text text="{ parts: [{path: 'StatusReportModel&gt;Wadat' }, {path: 'StatusReportModel&gt;Region' }],formatter: '.formatter.changeDateFormat'}"/>
								<!--<Text text="{ path:'StatusReportModel>Apptime',formatter: '.formatter.changeTimeFormat'}"/>-->
								<!--<Text text="{ path:'StatusReportModel>Apptime',formatter: '.formatter.AppTime'}"/>-->
									<Text text="{ parts: [{path: 'StatusReportModel&gt;Apptime' }, {path: 'StatusReportModel&gt;Region' }],formatter: '.formatter.AppTime'}"/>
								<Text text="{ path:'StatusReportModel>Zmeng', type: 'sap.ui.model.type.Integer'}"/>
								<Text text="{StatusReportModel>Delstatus}"/>
								<Text text="{StatusReportModel>CheckInSystem}"/>
								<Text text="{StatusReportModel>CheckOutSystem}"/>
								<Text text="{ parts: [{path: 'StatusReportModel&gt;CustomerRejection' }],formatter: '.formatter.CustRejType'}"/>	
							</cells>
						</ColumnListItem>
					</items>
				</Table>
			</IconTabFilter>
			<IconTabFilter count="{ViewModel>/ArrivedCount}" icon="sap-icon://journey-arrive" iconColor="Default" key="ArrivedTable"
				text="{i18n>PanelHdrArrived}">
				<Toolbar class="noToolbarBottomBorder">
					<ToolbarSpacer/>
					<Button icon="sap-icon://sort" press="handleSortButtonPressed" tooltip="{i18n>viewSortSetngs}"/>
					<Button icon="sap-icon://filter" press="handleFilterButtonPressed" tooltip="{i18n>viewFltrSetngs}"/>
					<Button icon="sap-icon://refresh" press="handleRefreshButtonPressed" tooltip="{i18n>refreshFilterTable}"/>
				</Toolbar>
				<Table class="sapUiSizeCompact" id="ArrivedTable"
					items="{ path: 'StatusReportModel>/results', filters: [ { path: 'Delstatus', operator: 'Contains', value1: 'Arrived' } ] }"
					updateFinished="onArrivedTableUpdateFinsihed">
					<infoToolbar>
						<Toolbar id="ArrivedTableInfoToolBar" visible="false">
							<Text id="ArrivedTableInfoLabel"/>
						</Toolbar>
					</infoToolbar>
					<columns>
						<Column demandPopin="true" hAlign="Left" minScreenWidth="Phone" width="35px">
							<Text class="ColumnTextBold" text="{i18n>table.header.label.OrderType}"/>
						</Column>
						<Column demandPopin="true" visible="{= ${ViewModel>/ParentPlant} !==''}"  hAlign="Left" minScreenWidth="Phone" width="30px">
							<Text class="ColumnTextBold" text="{i18n>Plant}"/>
						</Column>
						<Column demandPopin="true" hAlign="Left" minScreenWidth="Phone" width="55px">
							<Text class="ColumnTextBold" text="{i18n>table.header.label.DeliveryNumber}"/>
						</Column>
						<Column demandPopin="true" hAlign="Left" minScreenWidth="Tablet" width="50px">
							<Text class="ColumnTextBold" text="{i18n>table.header.label.ProdCode}"/>
						</Column>
						<Column demandPopin="true" hAlign="Left" minScreenWidth="Desktop" width="60px">
							<Text class="ColumnTextBold" text="{i18n>table.header.label.BatchId}"/>
						</Column>
						<Column demandPopin="true" hAlign="Left" minScreenWidth="Desktop" width="60px">
							<Text class="ColumnTextBold" text="{i18n>table.header.label.CustomerName}"/>
						</Column>
						<Column demandPopin="true" hAlign="Left" minScreenWidth="Desktop" width="70px">
							<Text class="ColumnTextBold" text="{i18n>table.header.label.CarrierName}"/>
						</Column>
						<Column demandPopin="true" hAlign="Left" minScreenWidth="Desktop" width="60px">
							<Text class="ColumnTextBold" text="{i18n>table.header.label.GI_Date}"/>
						</Column>
						<Column demandPopin="true" hAlign="Left" minScreenWidth="Desktop" width="65px">
							<Text class="ColumnTextBold" text="{i18n>table.header.label.AppointmentTime}"/>
						</Column>
						<Column demandPopin="true" hAlign="Left" minScreenWidth="Desktop" width="45px">
							<Text class="ColumnTextBold" text="{i18n>table.header.label.totalQty}"/>
						</Column>
						<Column demandPopin="true" hAlign="Left" minScreenWidth="Phone" width="45px">
							<Text class="ColumnTextBold" text="{i18n>table.header.label.Status}"/>
						</Column>
						<Column demandPopin="true" hAlign="Left" minScreenWidth="Phone" width="60px">
							<Text class="ColumnTextBold" text="{i18n>checkInSys}"/>
						</Column>
						<Column demandPopin="true" hAlign="Left" minScreenWidth="Phone" width="60px">
							<Text class="ColumnTextBold" text="{i18n>checkOutSys}"/>
						</Column>
						<Column demandPopin="true" hAlign="Left" minScreenWidth="Phone" width="60px">
							<Text class="ColumnTextBold" text="{i18n>CustRej}"/>
						</Column>
					</columns>
					<items>
						<ColumnListItem>
							<cells>
								<!--<Text text="{ path:'StatusReportModel>Ordtype',formatter: '.formatter.ChangeOrderType'}"/>-->
								<Text text="{ parts: [{path: 'StatusReportModel&gt;Ordtype' }, {path: 'StatusReportModel&gt;DelvType' }],formatter: '.formatter.ChangeOrderType'}"/>
								<Text text="{StatusReportModel>Plant}"/>
								<Text text="{StatusReportModel>Vbeln}"/>
								<Text text="{StatusReportModel>Prodcode}"/>
								<Text text="{StatusReportModel>Charg}"/>
								<Text text="{StatusReportModel>Lifnr}"/>
								<Text text="{StatusReportModel>Carrier}"/>
								<Text text="{ parts: [{path: 'StatusReportModel&gt;Wadat' }, {path: 'StatusReportModel&gt;Region' }],formatter: '.formatter.changeDateFormat'}"/>
								<!--<Text text="{StatusReportModel>Apptime}"/>-->
								<Text text="{ parts: [{path: 'StatusReportModel&gt;Apptime' }, {path: 'StatusReportModel&gt;Region' }],formatter: '.formatter.AppTime'}"/>
								<Text text="{ path:'StatusReportModel>Zmeng', type: 'sap.ui.model.type.Integer'}"/>
								<Text text="{StatusReportModel>Delstatus}"/>
								<Text text="{StatusReportModel>CheckInSystem}"/>
								<Text text="{StatusReportModel>CheckOutSystem}"/>
								<Text text="{ parts: [{path: 'StatusReportModel&gt;CustomerRejection' }],formatter: '.formatter.CustRejType'}"/>
							</cells>
						</ColumnListItem>
					</items>
				</Table>
			</IconTabFilter>
			<IconTabFilter count="{ViewModel>/ActiveCount}" icon="sap-icon://bbyd-active-sales" iconColor="Critical" key="ActiveTable"
				text="{i18n>PanelHdrActive}">
				<Toolbar class="noToolbarBottomBorder">
					<ToolbarSpacer/>
					<Button icon="sap-icon://sort" press="handleSortButtonPressed" tooltip="{i18n>viewSortSetngs}"/>
					<Button icon="sap-icon://filter" press="handleFilterButtonPressed" tooltip="{i18n>viewFltrSetngs}"/>
					<Button icon="sap-icon://refresh" press="handleRefreshButtonPressed" tooltip="{i18n>refreshFilterTable}"/>
				</Toolbar>
				<Table class="sapUiSizeCompact" id="ActiveTable"
					items="{ path: 'StatusReportModel>/results', filters: [ { path: 'Delstatus', operator: 'Contains', value1: 'Active' } ] }"
					updateFinished="onActiveTableUpdateFinsihed">
					<infoToolbar>
						<Toolbar id="ActiveTableInfoToolBar" visible="false">
							<Text id="ActiveTableInfoLabel"/>
						</Toolbar>
					</infoToolbar>
					<columns>
						<Column demandPopin="true" hAlign="Left" minScreenWidth="Phone" width="35px">
							<Text class="ColumnTextBold" text="{i18n>table.header.label.OrderType}"/>
						</Column>
						<Column demandPopin="true" visible="{= ${ViewModel>/ParentPlant} !==''}" hAlign="Left" minScreenWidth="Phone" width="30px">
							<Text class="ColumnTextBold" text="{i18n>Plant}"/>
						</Column>
						<Column demandPopin="true" hAlign="Left" minScreenWidth="Phone" width="55px">
							<Text class="ColumnTextBold" text="{i18n>table.header.label.DeliveryNumber}"/>
						</Column>
						<Column demandPopin="true" hAlign="Left" minScreenWidth="Tablet" width="50px">
							<Text class="ColumnTextBold" text="{i18n>table.header.label.ProdCode}"/>
						</Column>
						<Column demandPopin="true" hAlign="Left" minScreenWidth="Desktop" width="60px">
							<Text class="ColumnTextBold" text="{i18n>table.header.label.BatchId}"/>
						</Column>
						<Column demandPopin="true" hAlign="Left" minScreenWidth="Desktop" width="60px">
							<Text class="ColumnTextBold" text="{i18n>table.header.label.CustomerName}"/>
						</Column>
						<Column demandPopin="true" hAlign="Left" minScreenWidth="Desktop" width="70px">
							<Text class="ColumnTextBold" text="{i18n>table.header.label.CarrierName}"/>
						</Column>
						<Column demandPopin="true" hAlign="Left" minScreenWidth="Desktop" width="60px">
							<Text class="ColumnTextBold" text="{i18n>table.header.label.GI_Date}"/>
						</Column>
						<Column demandPopin="true" hAlign="Left" minScreenWidth="Desktop" width="65px">
							<Text class="ColumnTextBold" text="{i18n>table.header.label.AppointmentTime}"/>
						</Column>
						<Column demandPopin="true" hAlign="Left" minScreenWidth="Desktop" width="45px">
							<Text class="ColumnTextBold" text="{i18n>table.header.label.totalQty}"/>
						</Column>
						<Column demandPopin="true" hAlign="Left" minScreenWidth="Phone" width="45px">
							<Text class="ColumnTextBold" text="{i18n>table.header.label.Status}"/>
						</Column>
						<Column demandPopin="true" hAlign="Left" minScreenWidth="Phone" width="60px">
							<Text class="ColumnTextBold" text="{i18n>checkInSys}"/>
						</Column>
						<Column demandPopin="true" hAlign="Left" minScreenWidth="Phone" width="60px">
							<Text class="ColumnTextBold" text="{i18n>checkOutSys}"/>
						</Column>
						<Column demandPopin="true" hAlign="Left" minScreenWidth="Phone" width="60px">
							<Text class="ColumnTextBold" text="{i18n>CustRej}"/>
						</Column>
					</columns>
					<items>
						<ColumnListItem>
							<cells>
								<!--<Text text="{ path:'StatusReportModel>Ordtype',formatter: '.formatter.ChangeOrderType'}"/>-->
									<Text text="{ parts: [{path: 'StatusReportModel&gt;Ordtype' }, {path: 'StatusReportModel&gt;DelvType' }],formatter: '.formatter.ChangeOrderType'}"/>
								<Text text="{StatusReportModel>Plant}"/>
								<Text text="{StatusReportModel>Vbeln}"/>
								<Text text="{StatusReportModel>Prodcode}"/>
								<Text text="{StatusReportModel>Charg}"/>
								<Text text="{StatusReportModel>Lifnr}"/>
								<Text text="{StatusReportModel>Carrier}"/>
								<Text text="{ parts: [{path: 'StatusReportModel&gt;Wadat' }, {path: 'StatusReportModel&gt;Region' }],formatter: '.formatter.changeDateFormat'}"/>
								<!--<Text text="{StatusReportModel>Apptime}"/>-->
								<Text text="{ parts: [{path: 'StatusReportModel&gt;Apptime' }, {path: 'StatusReportModel&gt;Region' }],formatter: '.formatter.AppTime'}"/>
								<Text text="{ path:'StatusReportModel>Zmeng', type: 'sap.ui.model.type.Integer'}"/>
								<Text text="{StatusReportModel>Delstatus}"/>
								<Text text="{StatusReportModel>CheckInSystem}"/>
								<Text text="{StatusReportModel>CheckOutSystem}"/>
								<Text text="{ parts: [{path: 'StatusReportModel&gt;CustomerRejection' }],formatter: '.formatter.CustRejType'}"/>
							</cells>
						</ColumnListItem>
					</items>
				</Table>
			</IconTabFilter>
			<IconTabFilter count="{ViewModel>/PreloadedCount}" icon="sap-icon://accelerated" iconColor="Neutral" key="PreloadTable"
				text="{i18n>PanelHdrPreload}" visible="{= ${ViewModel>/PreloadedFlag} === 'X' ? true: false}">
				<Toolbar class="noToolbarBottomBorder">
					<ToolbarSpacer/>
					<Button icon="sap-icon://sort" press="handleSortButtonPressed" tooltip="{i18n>viewSortSetngs}"/>
					<Button icon="sap-icon://filter" press="handleFilterButtonPressed" tooltip="{i18n>viewFltrSetngs}"/>
					<Button icon="sap-icon://refresh" press="handleRefreshButtonPressed" tooltip="{i18n>refreshFilterTable}"/>
				</Toolbar>
				<Table class="sapUiSizeCompact" id="PreloadTable"
					items="{ path: 'StatusReportModel>/results', filters: [ { path: 'Delstatus', operator: 'Contains', value1: 'Preloaded' } ] }"
					updateFinished="onPreloadTableUpdateFinsihed">
					<infoToolbar>
						<Toolbar id="PreloadTableInfoToolBar" visible="false">
							<Text id="PreloadTableInfoLabel"/>
						</Toolbar>
					</infoToolbar>
					<columns>
						<Column demandPopin="true" hAlign="Left" minScreenWidth="Phone" width="35px">
							<Text class="ColumnTextBold" text="{i18n>table.header.label.OrderType}"/>
						</Column>
						<Column demandPopin="true" visible="{= ${ViewModel>/ParentPlant} !==''}" hAlign="Left" minScreenWidth="Phone" width="30px">
							<Text class="ColumnTextBold" text="{i18n>Plant}"/>
						</Column>
						<Column demandPopin="true" hAlign="Left" minScreenWidth="Phone" width="55px">
							<Text class="ColumnTextBold" text="{i18n>table.header.label.DeliveryNumber}"/>
						</Column>
						<Column demandPopin="true" hAlign="Left" minScreenWidth="Tablet" width="50px">
							<Text class="ColumnTextBold" text="{i18n>table.header.label.ProdCode}"/>
						</Column>
						<Column demandPopin="true" hAlign="Left" minScreenWidth="Desktop" width="60px">
							<Text class="ColumnTextBold" text="{i18n>table.header.label.BatchId}"/>
						</Column>
						<Column demandPopin="true" hAlign="Left" minScreenWidth="Desktop" width="60px">
							<Text class="ColumnTextBold" text="{i18n>table.header.label.CustomerName}"/>
						</Column>
						<Column demandPopin="true" hAlign="Left" minScreenWidth="Desktop" width="70px">
							<Text class="ColumnTextBold" text="{i18n>table.header.label.CarrierName}"/>
						</Column>
						<Column demandPopin="true" hAlign="Left" minScreenWidth="Desktop" width="60px">
							<Text class="ColumnTextBold" text="{i18n>table.header.label.GI_Date}"/>
						</Column>
						<Column demandPopin="true" hAlign="Left" minScreenWidth="Desktop" width="65px">
							<Text class="ColumnTextBold" text="{i18n>table.header.label.AppointmentTime}"/>
						</Column>
						<Column demandPopin="true" hAlign="Left" minScreenWidth="Desktop" width="45px">
							<Text class="ColumnTextBold" text="{i18n>table.header.label.totalQty}"/>
						</Column>
						<Column demandPopin="true" hAlign="Left" minScreenWidth="Phone" width="45px">
							<Text class="ColumnTextBold" text="{i18n>table.header.label.Status}"/>
						</Column>
						<Column demandPopin="true" hAlign="Left" minScreenWidth="Phone" width="60px">
							<Text class="ColumnTextBold" text="{i18n>checkInSys}"/>
						</Column>
						<Column demandPopin="true" hAlign="Left" minScreenWidth="Phone" width="60px">
							<Text class="ColumnTextBold" text="{i18n>checkOutSys}"/>
						</Column>
						<Column demandPopin="true" hAlign="Left" minScreenWidth="Phone" width="60px">
							<Text class="ColumnTextBold" text="{i18n>CustRej}"/>
						</Column>
					</columns>
					<items>
						<ColumnListItem>
							<cells>
								<!--<Text text="{ path:'StatusReportModel>Ordtype',formatter: '.formatter.ChangeOrderType'}"/>-->
								<Text text="{ parts: [{path: 'StatusReportModel&gt;Ordtype' }, {path: 'StatusReportModel&gt;DelvType' }],formatter: '.formatter.ChangeOrderType'}"/>
								<Text text="{StatusReportModel>Plant}"/>
								<Text text="{StatusReportModel>Vbeln}"/>
								<Text text="{StatusReportModel>Prodcode}"/>
								<Text text="{StatusReportModel>Charg}"/>
								<Text text="{StatusReportModel>Lifnr}"/>
								<Text text="{StatusReportModel>Carrier}"/>
								<Text text="{ parts: [{path: 'StatusReportModel&gt;Wadat' }, {path: 'StatusReportModel&gt;Region' }],formatter: '.formatter.changeDateFormat'}"/>
								<!--<Text text="{StatusReportModel>Apptime}"/>-->
								<Text text="{ parts: [{path: 'StatusReportModel&gt;Apptime' }, {path: 'StatusReportModel&gt;Region' }],formatter: '.formatter.AppTime'}"/>
								<Text text="{ path:'StatusReportModel>Zmeng', type: 'sap.ui.model.type.Integer'}"/>
								<Text text="{StatusReportModel>Delstatus}"/>
								<Text text="{StatusReportModel>CheckInSystem}"/>
								<Text text="{StatusReportModel>CheckOutSystem}"/>
								<Text text="{ parts: [{path: 'StatusReportModel&gt;CustomerRejection' }],formatter: '.formatter.CustRejType'}"/>	
							</cells>
						</ColumnListItem>
					</items>
				</Table>
			</IconTabFilter>
			<IconTabFilter count="{ViewModel>/CompletedCount}" icon="sap-icon://complete" iconColor="Positive" key="CompletedTable"
				text="{i18n>PanelHdrCompleted}">
				<Toolbar class="noToolbarBottomBorder">
					<ToolbarSpacer/>
					<Button icon="sap-icon://sort" press="handleSortButtonPressed" tooltip="{i18n>viewSortSetngs}"/>
					<Button icon="sap-icon://filter" press="handleFilterButtonPressed" tooltip="{i18n>viewFltrSetngs}"/>
					<Button icon="sap-icon://refresh" press="handleRefreshButtonPressed" tooltip="{i18n>refreshFilterTable}"/>
				</Toolbar>
				<Table class="sapUiSizeCompact" id="CompletedTable"
					items="{ path: 'StatusReportModel>/results', filters: [ { path: 'Delstatus', operator: 'Contains', value1: 'Complete' } ] }"
					updateFinished="onCompletedTableUpdateFinsihed">
					<infoToolbar>
						<Toolbar id="CompletedTableInfoToolBar" visible="false">
							<Text id="CompletedTableInfoLabel"/>
						</Toolbar>
					</infoToolbar>
					<columns>
						<Column demandPopin="true" hAlign="Left" minScreenWidth="Phone" width="35px">
							<Text class="ColumnTextBold" text="{i18n>table.header.label.OrderType}"/>
						</Column>
						<Column demandPopin="true" visible="{= ${ViewModel>/ParentPlant} !==''}"  hAlign="Left" minScreenWidth="Phone" width="30px">
							<Text class="ColumnTextBold" text="{i18n>Plant}"/>
						</Column>
						<Column demandPopin="true" hAlign="Left" minScreenWidth="Phone" width="55px">
							<Text class="ColumnTextBold" text="{i18n>table.header.label.DeliveryNumber}"/>
						</Column>
						<Column demandPopin="true" hAlign="Left" minScreenWidth="Tablet" width="50px">
							<Text class="ColumnTextBold" text="{i18n>table.header.label.ProdCode}"/>
						</Column>
						<Column demandPopin="true" hAlign="Left" minScreenWidth="Desktop" width="60px">
							<Text class="ColumnTextBold" text="{i18n>table.header.label.BatchId}"/>
						</Column>
						<Column demandPopin="true" hAlign="Left" minScreenWidth="Desktop" width="60px">
							<Text class="ColumnTextBold" text="{i18n>table.header.label.CustomerName}"/>
						</Column>
						<Column demandPopin="true" hAlign="Left" minScreenWidth="Desktop" width="70px">
							<Text class="ColumnTextBold" text="{i18n>table.header.label.CarrierName}"/>
						</Column>
						<Column demandPopin="true" hAlign="Left" minScreenWidth="Desktop" width="60px">
							<Text class="ColumnTextBold" text="{i18n>table.header.label.GI_Date}"/>
						</Column>
						<Column demandPopin="true" hAlign="Left" minScreenWidth="Desktop" width="65px">
							<Text class="ColumnTextBold" text="{i18n>table.header.label.AppointmentTime}"/>
						</Column>
						<Column demandPopin="true" hAlign="Left" minScreenWidth="Desktop" width="45px">
							<Text class="ColumnTextBold" text="{i18n>table.header.label.totalQty}"/>
						</Column>
						<Column demandPopin="true" hAlign="Left" minScreenWidth="Phone" width="45px">
							<Text class="ColumnTextBold" text="{i18n>table.header.label.Status}"/>
						</Column>
						<Column demandPopin="true" hAlign="Left" minScreenWidth="Phone" width="60px">
							<Text class="ColumnTextBold" text="{i18n>checkInSys}"/>
						</Column>
						<Column demandPopin="true" hAlign="Left" minScreenWidth="Phone" width="60px">
							<Text class="ColumnTextBold" text="{i18n>checkOutSys}"/>
						</Column>
						<Column demandPopin="true" hAlign="Left" minScreenWidth="Phone" width="50px">
							<Text class="ColumnTextBold" text="{i18n>CustRej}"/>
						</Column>
					</columns>
					<items>
						<ColumnListItem>
							<cells>
								<!--<Text text="{ path:'StatusReportModel>Ordtype',formatter: '.formatter.ChangeOrderType'}"/>-->
								<Text text="{ parts: [{path: 'StatusReportModel&gt;Ordtype' }, {path: 'StatusReportModel&gt;DelvType' }],formatter: '.formatter.ChangeOrderType'}"/>
								<Text text="{StatusReportModel>Plant}"/>
								<Text text="{StatusReportModel>Vbeln}"/>
								<Text text="{StatusReportModel>Prodcode}"/>
								<Text text="{StatusReportModel>Charg}"/>
								<Text text="{StatusReportModel>Lifnr}"/>
								<Text text="{StatusReportModel>Carrier}"/>
								<Text text="{ parts: [{path: 'StatusReportModel&gt;Wadat' }, {path: 'StatusReportModel&gt;Region' }],formatter: '.formatter.changeDateFormat'}"/>
								<!--<Text text="{StatusReportModel>Apptime}"/>-->
								<Text text="{ parts: [{path: 'StatusReportModel&gt;Apptime' }, {path: 'StatusReportModel&gt;Region' }],formatter: '.formatter.AppTime'}"/>
								<Text text="{ path:'StatusReportModel>Zmeng', type: 'sap.ui.model.type.Integer'}"/>
								<Text text="{StatusReportModel>Delstatus}"/>
								<Text text="{StatusReportModel>CheckInSystem}"/>
								<Text text="{StatusReportModel>CheckOutSystem}"/>
								<Text text="{ parts: [{path: 'StatusReportModel&gt;CustomerRejection' }],formatter: '.formatter.CustRejType'}"/>
							</cells>
						</ColumnListItem>
					</items>
				</Table>
			</IconTabFilter>
		</items>
	</IconTabBar>
</core:FragmentDefinition>