<core:FragmentDefinition xmlns:core="sap.ui.core" xmlns="sap.m">
	<ViewSettingsDialog class="sapUiSizeCompact" confirm="handleSortDialogConfirm">
		<sortItems>
			<ViewSettingsItem key="Ordtype" selected="false" text="{i18n>SortByOrderType}"/>
			<ViewSettingsItem key="Vbeln" text="{i18n>SortByDeliveryNumber}"/>
			<ViewSettingsItem key="Prodcode" text="{i18n>SortByProductCode}"/>
			<ViewSettingsItem key="Charg" text="{i18n>SortByBatchId}"/>
			<ViewSettingsItem key="Lifnr" text="{i18n>SortByCustomerName}"/>
			<ViewSettingsItem key="Wadat" text="{i18n>SortByPlannedGIdate}"/>
			<ViewSettingsItem key="Apptime" text="{i18n>SortByAppointmentTime}"/>
		</sortItems>
	</ViewSettingsDialog>
</core:FragmentDefinition>