<core:FragmentDefinition xmlns:core="sap.ui.core" xmlns:lay="sap.ui.layout" xmlns="sap.m">
	<Bar id="Header_Desktop_Bar_ID" class="hideButtom">
		<contentLeft>
			<Label design="Bold" id="Plant_Label" text="{i18n>LabelPlant}" width="100%"/>
			<Text id="plantName" maxLines="0" text=""/>
		</contentLeft>
		<contentMiddle>
			<Label design="Bold" text="{i18n>LabelUser}" width="100%"/>
			<Text id="userName" text=""/>
		</contentMiddle>
		<contentRight>
			<Label design="Bold" text="{i18n>LabelDate}" width="100%"/>
			<Text id="cDate" text=" "/>
			<Button id="Settings" press="onSetting" icon="sap-icon://settings"/>
		</contentRight>
	</Bar>
</core:FragmentDefinition>