<core:FragmentDefinition xmlns:core="sap.ui.core" xmlns="sap.m">
	<ViewSettingsDialog class="sapUiSizeCompact" confirm="onDHFilterConfirm">
		<filterItems>
			<ViewSettingsFilterItem id="DHCarrierFilter" items="{path: 'Carrier>/'}" multiSelect="false" text="{i18n>carrier}">
				<items>
					<ViewSettingsItem class="labelBold" key="Carrier" text="{Carrier>}"/>
				</items>
			</ViewSettingsFilterItem>
			<ViewSettingsFilterItem id="DHTypeFilter" items="{path: 'Type>/'}" multiSelect="false" text="{i18n>Type}">
				<items>
					<ViewSettingsItem class="labelBold" key="Type" text="{Type>}"/>
				</items>
			</ViewSettingsFilterItem>
				<!--CTRM -1424 for YMS auto cleaning -->
			<ViewSettingsFilterItem id="DHTrailerTypeFilter" items="{path: 'TrailerType>/'}" multiSelect="false" text="{i18n>trailtype}">
				<items>
					<ViewSettingsItem class="labelBold" key="TrailerType" text="{TrailerType>}"/>
				</items>
			</ViewSettingsFilterItem>
		</filterItems>
	</ViewSettingsDialog>
</core:FragmentDefinition>