<core:FragmentDefinition xmlns:core="sap.ui.core" xmlns:lay="sap.ui.layout" xmlns="sap.m">
	<Toolbar class="barBackground headerClass" id="DHToolBar_Detail_Bar_ID">
		<Label design="Bold" text="{i18n>LabelDateFrom}"/>
		<Text  maxLines="0" text="{plantDetailModel>/DateStart}"/>
		<Label design="Bold" id="toDateLabel" text="{i18n>LabelDateTo}"/>
		<Text  maxLines="0" text="{plantDetailModel>/DateEnd}"/>
		<ToolbarSpacer/>
		<Label text=""/>
		<ToolbarSpacer/>
		<Label design="Bold" text="{i18n>LabelPlant}"/>
		<Text  text="{plantDetailModel>/Plants}"/>
		<ToolbarSpacer/>
		<ToolbarSpacer/>
		<ToolbarSpacer/>
		<ToolbarSpacer/>
	</Toolbar>
</core:FragmentDefinition>