<core:FragmentDefinition xmlns:core="sap.ui.core" xmlns="sap.m">
	<ViewSettingsDialog class="sapUiSizeCompact" confirm="onSortConfirm">
		<sortItems>
			<ViewSettingsItem key="DwellTime" selected="true" text="{i18n>dwellTime}"/>
		</sortItems>
		<sortItems>
			<ViewSettingsItem key="Zcintime" text="{i18n>checkInStamp}"/>
		</sortItems>
		<sortItems>
			<ViewSettingsItem key="Zcheckout" text="{i18n>checkOutStamp}"/>
		</sortItems>
		<sortItems>
			<ViewSettingsItem key="PlannedGI_date" text="{i18n>planGIdate}"/>
		</sortItems>
		<sortItems>
			<ViewSettingsItem key="ParkTime" text="{i18n>parkTime}"/>
		</sortItems>
	</ViewSettingsDialog>
</core:FragmentDefinition>