<core:FragmentDefinition xmlns:core="sap.ui.core" xmlns="sap.m">
	<ViewSettingsDialog class="sapUiSizeCompact" confirm="onFilterConfirm">
		<filterItems>
			<ViewSettingsFilterItem id="CarrierFilter" items="{path: 'sCarrier>/'}" multiSelect="false" text="{i18n>carrier}">
				<items>
					<ViewSettingsItem class="labelBold" key="CarrierType" text="{sCarrier>}"/>
				</items>
			</ViewSettingsFilterItem>
			<ViewSettingsFilterItem id="TypeFilter" items="{path: 'sCheckInType>/'}" multiSelect="false" text="{i18n>type}">
				<items>
					<ViewSettingsItem class="labelBold" key="CheckInType" text="{sCheckInType>}"/>
				</items>
			</ViewSettingsFilterItem>
			<ViewSettingsFilterItem id="TrailerFilter" items="{path: 'sTrailerType>/'}" multiSelect="false" text="{i18n>trailtype}">
				<items>
					<ViewSettingsItem class="labelBold" key="TrailerType" text="{sTrailerType>}"/>
				</items>
			</ViewSettingsFilterItem>
		</filterItems>
	</ViewSettingsDialog>
</core:FragmentDefinition>