<core:FragmentDefinition xmlns:core="sap.ui.core" xmlns="sap.m">
	<ViewSettingsDialog class="sapUiSizeCompact" confirm="onFilterConfirm">
		<filterItems>
			<ViewSettingsFilterItem id="DelTypeFilter" items="{path: 'sDeliveryType>/'}" multiSelect="false" text="{i18n>delType}">
				<items>
					<ViewSettingsItem class="labelBold" key="DeliveryType" text="{sDeliveryType>delType}"/>
				</items>
			</ViewSettingsFilterItem>
			<ViewSettingsFilterItem id="TransTypeFilter" items="{path: 'sTransportType>/'}" multiSelect="false" text="{i18n>transType}">
				<items>
					<ViewSettingsItem class="labelBold" key="TransportType" text="{sTransportType>}"/>
				</items>
			</ViewSettingsFilterItem>
			<ViewSettingsFilterItem id="UserIdFilter" items="{path: 'sUserId>/'}" multiSelect="false" text="{i18n>userId}">
				<items>
					<ViewSettingsItem class="labelBold" key="UserId" text="{sUserId>}"/>
				</items>
			</ViewSettingsFilterItem>
			<ViewSettingsFilterItem id="PrdCodeFilter" items="{path: 'sProductCode>/'}" multiSelect="false" text="{i18n>prdCode}">
				<items>
					<ViewSettingsItem class="labelBold" key="ProductCode" text="{sProductCode>}"/>
				</items>
			</ViewSettingsFilterItem>
			<ViewSettingsFilterItem id="BatchFilter" items="{path: 'sBatch>/'}" multiSelect="false" text="{i18n>batch}">
				<items>
					<ViewSettingsItem class="labelBold" key="Batch" text="{sBatch>}"/>
				</items>
			</ViewSettingsFilterItem>
			<ViewSettingsFilterItem id="ScacFilter" items="{path: 'sSCAC>/'}" multiSelect="false" text="{i18n>Scac}">
				<items>
					<ViewSettingsItem class="labelBold" key="SCAC" text="{sSCAC>}"/>
				</items>
			</ViewSettingsFilterItem>
			<!--<ViewSettingsFilterItem id="StorLocFilter" items="{path: 'sStorLoc>/'}" multiSelect="false" text="{i18n>storageLoc}">-->
			<!--	<items>-->
			<!--		<ViewSettingsItem class="labelBold" key="StorageLoc" text="{sStorLoc>}"/>-->
			<!--	</items>-->
			<!--</ViewSettingsFilterItem>-->
			<ViewSettingsFilterItem id="typTruckFilter" items="{path: 'stypeTruck>/'}" multiSelect="false" text="{i18n>typOfTruck}">
				<items>
					<ViewSettingsItem class="labelBold" key="TypeTruck" text="{stypeTruck>}"/>
				</items>
			</ViewSettingsFilterItem>
			<ViewSettingsFilterItem id="DockFilter" items="{path: 'sDock>/'}" multiSelect="false" text="{i18n>dock}">
				<items>
					<ViewSettingsItem class="labelBold" key="Dock" text="{sDock>}"/>
				</items>
			</ViewSettingsFilterItem>
			<ViewSettingsFilterItem id="delStat" items="{path: 'dStat>/'}" multiSelect="false" text="{i18n>delStatus}">
				<items>
					<ViewSettingsItem class="labelBold" key="DeliveryStatus" text="{dStat>}"/>
				</items>
			</ViewSettingsFilterItem>
			<ViewSettingsFilterItem id="processSys" items="{path: 'pSyst>/'}" multiSelect="false" text="{i18n>processSystem}">
				<items>
					<ViewSettingsItem class="labelBold" key="Prosys" text="{pSyst>}"/>
				</items>
			</ViewSettingsFilterItem>
			<!--<ViewSettingsFilterItem id="TimeFilter" items="{path: 'timeRangeModel>/timeRange'}" multiSelect="false" text="{i18n>time}">-->
			<!--	<items>-->
			<!--		<ViewSettingsItem class="labelBold" key="EndTimeRange" text="{timeRangeModel>time}"/>-->
			<!--	</items>-->
			<!--</ViewSettingsFilterItem>-->
		</filterItems>
	</ViewSettingsDialog>
</core:FragmentDefinition>