<core:FragmentDefinition xmlns:core="sap.ui.core" xmlns="sap.m">
	<ViewSettingsDialog class="sapUiSizeCompact" confirm="onSortConfirm">
		<sortItems>
			<ViewSettingsItem key="TimeTaken" selected="true" text="{i18n>timeTaken}"/>
		</sortItems>
		<sortItems>
			<ViewSettingsItem key="ZstartTime" text="{i18n>startTimeStamp}"/>
		</sortItems>
		<sortItems>
			<ViewSettingsItem key="ZcompletionTime" text="{i18n>compTimeStamp}"/>
		</sortItems>
	</ViewSettingsDialog>
</core:FragmentDefinition>