<core:FragmentDefinition xmlns:core="sap.ui.core" xmlns="sap.m">
	<ViewSettingsDialog confirm="handleFilterDialogConfirm" id="IDocFilterDialog" resetFilters="onResetFilters">
		<filterItems>
		<!--	<ViewSettingsFilterItem id="PlantFilter" key="PlantKey" multiSelect="false" text="{i18n>Plant}" items="{path: 'PlantsModel>/'}">
				<items>
					<ViewSettingsItem key="Werks___EQ___{PlantsModel>}" text="{PlantsModel>}"/>
				</items>
			</ViewSettingsFilterItem>-->
			<ViewSettingsFilterItem id="DeliveryFilter" items="{path: 'DeliveryModel>/'}" key="DeliveryKey" multiSelect="true"
				text="{i18n>Delivery}">
				<items>
					<ViewSettingsItem key="DocId___EQ___{DeliveryModel>}" text="{DeliveryModel>}"/>
				</items>
			</ViewSettingsFilterItem>
			<!--<ViewSettingsFilterItem id="CreatedOnFilter" items="{path: 'CreatedonModel>/'}" key="CreatedKey" multiSelect="false"
				text="{i18n>CreatedOn}">
				<items>
					<ViewSettingsItem key="Erdat___EQ___{CreatedonModel>}" 	text="{path:'CreatedonModel>Erdat', type: 'sap.ui.model.type.Date',formatOptions: { source: { pattern: 'yyyy-MM-ddTHH:mm:ss' }, pattern: 'dd-MMM-yyyy' }}"/>
				</items>
			</ViewSettingsFilterItem>-->
		<!--	<ViewSettingsFilterItem id="CreatedTimeFilter" items="{path: 'CreatedTimeModel>/'}" key="CreatedTimeKey" multiSelect="false"
				text="{i18n>CreatedTime}">
				<items>
					<ViewSettingsItem key="Erzet___EQ___{CreatedTimeModel>}" text="{path:'CreatedTimeModel>Erzet', type: 'sap.ui.model.type.Time',formatOptions: { source: { pattern: '\'PT\'hh\'H\'mm\'M\'ss\'S\'' }, pattern: 'HH:mm:ss' }}"/>
				</items>
			</ViewSettingsFilterItem>-->
			<ViewSettingsFilterItem id="StatusFilter" items="{path: 'StatusModel>/'}" key="StatusKey" multiSelect="false"
				text="{i18n>status}">
				<items>
					<ViewSettingsItem key="StatusText___EQ___{StatusModel>}" text="{StatusModel>}"/>
				</items>
			</ViewSettingsFilterItem>
			<ViewSettingsFilterItem id="IDocFilter" items="{path: 'IDocStatusModel>/'}" key="IDocKey" multiSelect="false"
				text="{i18n>IdocStatus}">
				<items>
					<ViewSettingsItem id="IdocStatusFilter" key="IdocStatus___EQ___{IDocStatusModel>}" text="{IDocStatusModel>}"/>
				</items>
			</ViewSettingsFilterItem>
			<ViewSettingsFilterItem id="IDocPlantFilter" items="{path: 'IDocPlantModel>/'}" key="Werks" multiSelect="true"
				text="{i18n>Plant}">
				<items>
					<ViewSettingsItem key="Werks___EQ___{IDocPlantModel>}" text="{IDocPlantModel>}"/>
				</items>
			</ViewSettingsFilterItem>
			<!--<ViewSettingsFilterItem id="IDocTextFilter" items="{path: 'IDocTextModel>/'}" key="IDocTxtKey" multiSelect="false"
				text="{i18n>IdocStatusText}">
				<items>
					<ViewSettingsItem key="IdocStatxt___EQ___{IDocTextModel>}" text="{IDocTextModel>}"/>
				</items>
			</ViewSettingsFilterItem>-->
		<!--	<ViewSettingsFilterItem id="ErrorDateFilter" items="{path: 'ErrorDateModel>/'}" key="ErrorDateKey" multiSelect="false"
				text="{i18n>ErrorDate}">
				<items>
					<ViewSettingsItem key="Logdat___EQ___{ErrorDateModel>}" text="{path:'ErrorDateModel>Logdat', type: 'sap.ui.model.type.Date',formatOptions: { source: { pattern: 'yyyy-MM-ddTHH:mm:ss' }, pattern: 'dd-MMM-yyyy' }}"/>
				</items>
			</ViewSettingsFilterItem>
			<ViewSettingsFilterItem id="ErrorTimeFitler" items="{path: 'ErrorTimeModel>/'}" key="ErrorTimeKey" multiSelect="false"
				text="{i18n>ErrorTime}">
				<items>
					<ViewSettingsItem key="Logtim___EQ___{ErrorTimeModel>}" text="{path:'ErrorTimeModel>Logtim', type: 'sap.ui.model.type.Time',formatOptions: { source: { pattern: '\'PT\'hh\'H\'mm\'M\'ss\'S\'' }, pattern: 'HH:mm:ss' }}"/>
				</items>
			</ViewSettingsFilterItem>-->
		</filterItems>
	</ViewSettingsDialog>
</core:FragmentDefinition>