<core:FragmentDefinition xmlns:core="sap.ui.core" xmlns="sap.m">
	<Panel accessibleRole="Region" backgroundDesign="Transparent" class="headerButton" expandable="true" expanded="true" id="IdocDetailsPanel"
		width="auto">
		<headerToolbar>
			<Toolbar height="3rem">
				<Label class="pHeaderText" text="{i18n>IDocDetails}"/>
				<ToolbarSpacer></ToolbarSpacer>
				<Button icon="sap-icon://sort" press="handleSortButtonPressed" tooltip="{i18n>viewSortSetngs}" type="Emphasized"/>
				<Button icon="sap-icon://filter" press="handleFilterButtonPressed" tooltip="{i18n>viewFltrSetngs}" type="Emphasized"/>
				<Button icon="sap-icon://refresh" press="handleRefreshButtonPressed" tooltip="{i18n>refreshFilterTable}" type="Emphasized"/>
				<Button icon="sap-icon://expand-group" press="onPressExp"/>
			</Toolbar>
		</headerToolbar>
		<content>
			<ScrollContainer focusable="true" height="100%" vertical="true" width="100%">
				<Table class="sapUiSizeCompact tableColor" id="IdocTable" inset="false" items="{ path: 'IdocModel>/results', sorter: { path: 'DocId' } }"
					updateFinished="onUpdateFinished">
					<!--	<headerToolbar>
						<Toolbar >
							<ToolbarSpacer/>
							<Button icon="sap-icon://sort" press="handleSortButtonPressed" tooltip="View Sort Settings" type="Emphasized"/>
							<Button icon="sap-icon://filter" press="handleFilterButtonPressed" tooltip="View Filter Settings" type="Emphasized"/>
							<Button icon="sap-icon://refresh" press="handleRefreshButtonPressed" tooltip="Refresh filters and table content" type="Emphasized"/>
						</Toolbar>
					</headerToolbar>-->
					<columns>
						<Column demandPopin="true" minScreenWidth="Phone">
							<Text class="ColumnTextBold" text="{i18n>Plant}"/>
						</Column>
						<Column demandPopin="true" minScreenWidth="Phone">
							<Text class="ColumnTextBold" text="{i18n>Delivery}"/>
						</Column>
						<Column demandPopin="true" minScreenWidth="Desktop" popinDisplay="Inline">
							<Text class="ColumnTextBold" text="{i18n>CreatedOn}"/>
						</Column>
						<Column demandPopin="true" minScreenWidth="Desktop" popinDisplay="Inline">
							<Text class="ColumnTextBold" text="{i18n>CreatedTime}"/>
						</Column>
						<Column demandPopin="true" minScreenWidth="Desktop" popinDisplay="Inline">
							<Text class="ColumnTextBold" text="{i18n>status}"/>
						</Column>
						<Column demandPopin="true" minScreenWidth="Phone">
							<Text class="ColumnTextBold" text="{i18n>IdocStatus}"/>
						</Column>
						<Column demandPopin="true" minScreenWidth="Phone">
							<Text class="ColumnTextBold" text="{i18n>Docnum}"/>
						</Column>
						<Column demandPopin="true" minScreenWidth="Desktop" popinDisplay="Inline" width="20%">
							<Text class="ColumnTextBold" text="{i18n>IdocStatusText}"/>
						</Column>
						<Column demandPopin="true" minScreenWidth="Desktop" popinDisplay="Inline">
							<Text class="ColumnTextBold" text="{i18n>ErrorDate}"/>
						</Column>
						<Column demandPopin="true" minScreenWidth="Desktop" popinDisplay="Inline">
							<Text class="ColumnTextBold" text="{i18n>ErrorTime}"/>
						</Column>
					</columns>
					<items>
						<ColumnListItem>
							<cells>
								<Text text="{IdocModel>Werks}"/>
								<Text text="{IdocModel>DocId}"/>
								<!--<Text text="{path:'IdocModel>Erdat', type: 'sap.ui.model.type.Date',formatOptions: { source: { pattern: 'yyyy-MM-ddTHH:mm:ss' }, pattern: 'dd-MMM-yyyy' }}"></Text>-->
								<!--<Text text="{path:'IdocModel>Erdat', formatter:'.formatter.IdocDateFormat'}"/>-->
								<Text text="{ parts: [{path: 'IdocModel&gt;Erdat' }, {path: 'IdocModel&gt;Region' }],formatter: '.formatter.IdocDateFormat'}"/>
								<Text text="{path:'IdocModel>Erzet', type: 'sap.ui.model.type.Time',formatOptions: { source: { pattern: '\'PT\'hh\'H\'mm\'M\'ss\'S\'' }, pattern: 'HH:mm:ss' }}"></Text>
								<Text text="{IdocModel>StatusText}"/>
								<Text text="{IdocModel>IdocStatus}"/>
								<Text text="{path:'IdocModel>Docnum', formatter:'.formatter.trimDocNum'}"/>
								<Text text="{IdocModel>IdocStatxt}"/>
								<!--<Text text="{path:'IdocModel>Logdat', type: 'sap.ui.model.type.Date',formatOptions: { source: { pattern: 'yyyy-MM-ddTHH:mm:ss' }, pattern: 'dd-MMM-yyyy' }}"></Text>-->
								<Text text="{ parts: [{path: 'IdocModel&gt;Logdat' }, {path: 'IdocModel&gt;Region' }],formatter: '.formatter.IdocDateFormat'}"/>
								<Text text="{path:'IdocModel>Logtim', type: 'sap.ui.model.type.Time',formatOptions: { source: { pattern: '\'PT\'hh\'H\'mm\'M\'ss\'S\'' }, pattern: 'HH:mm:ss' }}"></Text>
							</cells>
						</ColumnListItem>
					</items>
				</Table>
			</ScrollContainer>
		</content>
	</Panel>
</core:FragmentDefinition>