<core:FragmentDefinition xmlns:core="sap.ui.core" xmlns="sap.m">
	<ViewSettingsDialog class="sapUiSizeCompact" confirm="handleSortDialogConfirm">
		<sortItems>
			<ViewSettingsItem key="Werks" selected="false" text="{i18n>Plant}"/>
			<ViewSettingsItem key="DocId" text="{i18n>Delivery}"/>
			<ViewSettingsItem key="Erdat" text="{i18n>CreatedOn}"/>
			<!--<ViewSettingsItem key="Erzet" text="{i18n>CreatedTime}"/>-->
			<ViewSettingsItem key="IdocStatus" text="{i18n>status}"/>
			<ViewSettingsItem key="StatusText" text="{i18n>IdocStatus}"/>
			<ViewSettingsItem key="IdocStatxt" text="{i18n>IdocStatusText}"/>
			<ViewSettingsItem key="Logdat" text="{i18n>ErrorDate}"/>
			<!--<ViewSettingsItem key="Logtim" text="{i18n>ErrorTime}"/>-->
		</sortItems>
	</ViewSettingsDialog>
</core:FragmentDefinition>