<core:FragmentDefinition xmlns:core="sap.ui.core" xmlns:lay="sap.ui.layout" xmlns="sap.m">
	<Toolbar class="barBackground overFlowBarMob" id="DHTool_Mobile_Bar_ID">
		<VBox>
			<HBox>
				<Label design="Bold" text="{i18n&gt;LabelDateFrom}"/>
				<Text class="sapUiTinyMarginBegin" id="fromdate1" text="{plantDetailModel>/DateStart}"/>
			</HBox>
			<HBox>
				<Label design="Bold" text="{i18n&gt;dateTo}"/>
				<Text class="sapUiTinyMarginBegin"  text="{plantDetailModel>/DateEnd}"/>
			</HBox>
		</VBox>
		<ToolbarSpacer/>
		<Label design="Bold" id="plantId" text="{i18n&gt;LabelPlant}"/>
		<Text class="sapUiTinyMarginBegin" text="{plantDetailModel>/Plants}"/>
		<ToolbarSpacer/>
		<ToolbarSpacer/>
	</Toolbar>
</core:FragmentDefinition>