<core:FragmentDefinition xmlns:core="sap.ui.core" xmlns:lay="sap.ui.layout" xmlns="sap.m">
	<OverflowToolbar class="overFlowBar hideButtom" id="Header_Mobile_Bar_ID">
		<VBox width="100%">
			<HBox class="sapUiTinyMarginTop">
				<Label design="Bold" id="Plant_Label1" text="{i18n>LabelPlant}" width="100%"/> 
				<Text class="sapUiTinyMarginBegin" id="plantName1" text="" />
			</HBox>
			<HBox>
				<Label design="Bold" text="{i18n>LabelUser}"/>
				<Text class="sapUiTinyMarginBegin" id="userName1" text="" />
			</HBox>
			<HBox class="sapUiTinyMarginBottom">
				<Label design="Bold" text="{i18n>LabelDate}"/>
				<Text class="sapUiTinyMarginBegin" id="cDate1" text="" />
				<Button class="sapUiTinyMarginBegin" id="Settings" press="onSetting" icon="sap-icon://settings"/>
			</HBox>
		</VBox>
	</OverflowToolbar>
</core:FragmentDefinition>