<core:FragmentDefinition xmlns:core="sap.ui.core" xmlns:lay="sap.ui.layout" xmlns="sap.m">
	<!--<OverflowToolbar class="barBackground headerClass overFlowBarMob" id="Header_PlantDetail_Mobile_Bar_ID">-->
	<!--	<HBox height="100%">-->
	<!--<Bar class="barBackground overFlowBarMob" id="Header_PlantDetail_Mobile_Bar_ID">-->
	<!--	<contentLeft>-->
	<!--		<VBox>-->
	<!--			<HBox>-->
	<!--				<Label design="Bold" text="{i18n&gt;LabelDateFrom}"/>-->
	<!--				<Text class="sapUiTinyMarginBegin" id="fromdate1" text="{plantDetailModel>/DateStart}"/>-->
	<!--			</HBox>-->
	<!--			<HBox>-->
	<!--				<Label design="Bold" text="{i18n&gt;dateTo}"/>-->
	<!--				<Text class="sapUiTinyMarginBegin" id="todate1" text="{plantDetailModel>/DateEnd}"/>-->
	<!--			</HBox>-->
	<!--		</VBox>-->
	<!--	</contentLeft>-->
	<!--	<contentMiddle>-->
	<!--		<HBox class="headerAlign">-->
	<!--			<Label design="Bold" id="plantId" text="{i18n&gt;LabelPlant}"/>-->
	<!--			<Text class="sapUiTinyMarginBegin" id="plant1" text="{plantDetailModel>/Plants}"/>-->
	<!--		</HBox>-->
	<!--	</contentMiddle>-->
	<!--	<contentRight>-->
	<!--		<VBox class="headerAlign">-->
	<!--			<HBox>-->
	<!--				<Label design="Bold" text="{i18n&gt;startTime}"/>-->
	<!--				<Text class="sapUiTinyMarginBegin" id="sTime1" text="{plantDetailModel>/StartTime}"/>-->
	<!--			</HBox>-->
	<!--			<HBox>-->
	<!--				<Label design="Bold" text="{i18n&gt;endTime}"/>-->
	<!--				<Text class="sapUiTinyMarginBegin" id="eTime1" text="{plantDetailModel>/EndTime}"/>-->
	<!--			</HBox>-->
	<!--		</VBox>-->
	<!--	</contentRight>-->
	<!--</Bar>-->
	<!--</customHeader>-->
	<!--	</HBox>-->
	<!--</OverflowToolbar>-->
	
	<Toolbar class="barBackground overFlowBarMob" id="Header_PlantDetail_Mobile_Bar_ID">
		<VBox>
			<HBox>
				<!--<Label design="Bold" text="{i18n&gt;LabelDateFrom}" visible="{visibleModel>/fromDate}"/>-->
				<!--visible="{visibleModel>/toDate}" visible="{visibleModel>/startTime}" visible="{visibleModel>/endTime}"-->
				<Label design="Bold" text="{i18n&gt;LabelDateFrom}"/>
				<Text class="sapUiTinyMarginBegin" id="fromdate1" text="{plantDetailModel>/DateStart}"/>
			</HBox>
			<HBox>
				<Label design="Bold" text="{i18n&gt;dateTo}"/>
				<Text class="sapUiTinyMarginBegin" id="todate1" text="{plantDetailModel>/DateEnd}"/>
			</HBox>
		</VBox>
		<ToolbarSpacer/>
		<Label design="Bold" id="plantId" text="{i18n&gt;LabelPlant}"/>
		<Text class="sapUiTinyMarginBegin" id="plant1" text="{plantDetailModel>/Plants}"/>
		<ToolbarSpacer/>
		<VBox>
			<HBox>
				<Label design="Bold" text="{i18n&gt;starTime}"/>
				<Text class="sapUiTinyMarginBegin" id="sTime1" text="{plantDetailModel>/StartTime}"/>
			</HBox>
			<HBox>
				<Label design="Bold" text="{i18n&gt;endTime}"/>
				<Text class="sapUiTinyMarginBegin" id="eTime1" text="{plantDetailModel>/EndTime}"/>
			</HBox>
		</VBox>
	</Toolbar>
</core:FragmentDefinition>