<core:FragmentDefinition xmlns:core="sap.ui.core" xmlns:f="sap.ui.layout.form" xmlns:fb="sap.ui.comp.filterbar" xmlns:l="sap.ui.layout"
	xmlns="sap.m">
	<IconTabBar class="sapUiResponsiveContentPadding" enableLazyLoading="true">
		<items>
			<IconTabFilter enableLazyLoading="true" text="{i18n>fde}">
				<Table id="Table1" items="{path: 'FDE>/fde'}">
					<columns>
						<Column>
							<Text text="Del Type"/>
						</Column>
						<Column>
							<Text text="Ship Cond"/>
						</Column>
						<Column>
							<Text text="Quantity"/>
						</Column>
					</columns>
					<items>
						<ColumnListItem>
							<cells>
								<Text text="{FDE>DelType}"/>
								<Text text="{FDE>ShipCondt}"/>
								<Text text="{FDE>Quantity}"/>
							</cells>
						</ColumnListItem>
					</items>
				</Table>
			</IconTabFilter>
			<IconTabFilter text="{i18n>sarah}">
				<Table id="Table2" items="{path: 'FDE>/fde'}">
					<columns>
						<Column>
							<Text text="Del Type"/>
						</Column>
						<Column>
							<Text text="Ship Cond"/>
						</Column>
						<Column>
							<Text text="Quantity"/>
						</Column>
					</columns>
					<items>
						<ColumnListItem>
							<cells>
								<Text text="{FDE>DelType}"/>
								<Text text="{FDE>ShipCondt}"/>
								<Text text="{FDE>Quantity}"/>
							</cells>
						</ColumnListItem>
					</items>
				</Table>
			</IconTabFilter>
			<IconTabFilter text="{i18n>sap}">
				<Table id="Table3" items="{path: 'FDE>/fde'}">
					<columns>
						<Column>
							<Text text="Del Type"/>
						</Column>
						<Column>
							<Text text="Ship Cond"/>
						</Column>
						<Column>
							<Text text="Quantity"/>
						</Column>
					</columns>
					<items>
						<ColumnListItem>
							<cells>
								<Text text="{FDE>DelType}"/>
								<Text text="{FDE>ShipCondt}"/>
								<Text text="{FDE>Quantity}"/>
							</cells>
						</ColumnListItem>
					</items>
				</Table>
			</IconTabFilter>
		</items>
	</IconTabBar>
</core:FragmentDefinition>