<core:FragmentDefinition xmlns:core="sap.ui.core" xmlns="sap.m">
	<ViewSettingsDialog class="sapUiSizeCompact" confirm="onSortConfirm">
		<sortItems>
			<ViewSettingsItem key="User" selected="true" text="{i18n>usrName}"/>
		</sortItems>
		<sortItems>
			<ViewSettingsItem key="yardStopBtn" text="{i18n>yardStopBtn}"/>
		</sortItems>
		<sortItems>
			<ViewSettingsItem key="Date" text="{i18n>date}"/>
		</sortItems>
		<sortItems>
			<ViewSettingsItem key="Time" text="{i18n>time}"/>
		</sortItems>
	</ViewSettingsDialog>
</core:FragmentDefinition>