<core:FragmentDefinition xmlns:core="sap.ui.core" xmlns="sap.m">
	<ViewSettingsDialog class="sapUiSizeCompact" confirm="onFilterConfirm">
		<filterItems>
			<ViewSettingsFilterItem id="ParkYardFilter" items="{path: 'sLocation>/'}" multiSelect="false" text="{i18n>yardStopBtn}">
				<items>
					<ViewSettingsItem class="labelBold" key="Location" text="{sLocation>}"/>
				</items>
			</ViewSettingsFilterItem>
			<ViewSettingsFilterItem id="UserParkingFilter" items="{path: 'sUser>/'}" multiSelect="false" text="{i18n>userID}">
				<items>
					<ViewSettingsItem class="labelBold" key="User" text="{sUser>}"/>
				</items>
			</ViewSettingsFilterItem>
			<!--<ViewSettingsFilterItem id="parkDateFilter" items="{path: 'sUser>/'}" multiSelect="false" text="Date">-->
			<!--	<items>-->
			<!--		<ViewSettingsItem class="labelBold" key="User" text="{sUser>}"/>-->
			<!--	</items>-->
			<!--</ViewSettingsFilterItem>-->
		</filterItems>
	</ViewSettingsDialog>
</core:FragmentDefinition>