<core:FragmentDefinition xmlns:core="sap.ui.core" xmlns:f="sap.ui.layout.form" xmlns:l="sap.ui.layout" xmlns:viz.data="sap.viz.ui5.data"
	xmlns:viz.feeds="sap.viz.ui5.controls.common.feeds" xmlns:viz="sap.viz.ui5.controls" xmlns="sap.m">
	<Panel class="printContent sapUiSizeCompact" expandable="true" expanded="false" id="panelParent">
		<VBox id="excelContentId" class="excelContent">
			<Panel class="sapUiSizeCompact" expandable="true" expanded="false" id="panel1">
				<headerToolbar>
					<Toolbar>
						<Title text="{i18n>sap}"/>
						<ToolbarSpacer/>
						<Label text="{i18n>LabelTotC}"/>
						<Input enabled="false" id="input1" value="" width="6rem"/>
						<Button class="hideButtom" icon="sap-icon://expand-group" id="button1" press="onPressExp"/>
					</Toolbar>
				</headerToolbar>
				<content>
					<Table class="sapUiSizeCompact" id="Table1" items="{path: 'FDE>/'}">
						<columns>
							<Column>
								<Label design="Bold" text="{i18n>delivType}"/>
							</Column>
							<Column>
								<Label design="Bold" text="{i18n>shipCond}"/>
							</Column>
							<Column>
								<Label design="Bold" text="{i18n>quantity}"/>
							</Column>
						</columns>
						<items>
							<ColumnListItem>
								<cells>
									<Text text="{FDE>DelType}"/>
									<Text text="{FDE>ShipCondt}"/>
									<Text text="{FDE>Qty}"/>
								</cells>
							</ColumnListItem>
						</items>
					</Table>
				</content>
			</Panel>
			<Panel class="sapUiSizeCompact" expandable="true" expanded="false" id="panel2">
				<headerToolbar>
					<Toolbar>
						<Title text="{i18n>sarah}"/>
						<ToolbarSpacer/>
						<Label text="{i18n>LabelTotC}"/>
						<Input enabled="false" id="input2" value="" width="6rem"/>
						<Button class="hideButtom" icon="sap-icon://expand-group" id="button2" press="onPressExp"/>
					</Toolbar>
				</headerToolbar>
				<content>
					<Table class="sapUiSizeCompact" id="Table2" items="{path: 'FDE>/'}">
						<columns>
							<Column>
								<Label design="Bold" text="{i18n>delivType}"/>
							</Column>
							<Column>
								<Label design="Bold" text="{i18n>shipCond}"/>
							</Column>
							<Column>
								<Label design="Bold" text="{i18n>quantity}"/>
							</Column>
						</columns>
						<items>
							<ColumnListItem>
								<cells>
									<Text text="{FDE>DelType}"/>
									<Text text="{FDE>ShipCondt}"/>
									<Text text="{FDE>Qty}"/>
								</cells>
							</ColumnListItem>
						</items>
					</Table>
				</content>
			</Panel>
			<Panel class="sapUiSizeCompact" expandable="true" expanded="false" id="panel3">
				<headerToolbar>
					<Toolbar>
						<Title text="{i18n>esp}"/>
						<ToolbarSpacer/>
						<Label text="{i18n>LabelTotC}"/>
						<Input enabled="false" id="input3" value="" width="6rem"/>
						<Button class="hideButtom" icon="sap-icon://expand-group" id="button3" press="onPressExp"/>
					</Toolbar>
				</headerToolbar>
				<content>
					<Table class="sapUiSizeCompact" id="Table3" items="{path: 'FDE>/'}">
						<columns>
							<Column>
								<Label design="Bold" text="{i18n>delivType}"/>
							</Column>
							<Column>
								<Label design="Bold" text="{i18n>shipCond}"/>
							</Column>
							<Column>
								<Label design="Bold" text="{i18n>quantity}"/>
							</Column>
						</columns>
						<items>
							<ColumnListItem>
								<cells>
									<Text text="{FDE>DelType}"/>
									<Text text="{FDE>ShipCondt}"/>
									<Text text="{FDE>Qty}"/>
								</cells>
							</ColumnListItem>
						</items>
					</Table>
				</content>
			</Panel>
		</VBox>
		<l:Grid class="sapUiTinyMarginTop chartContainer sapUiSizeCompact nextPage" defaultSpan="L6 M6 S12" id="chartGrid">
			<l:content>
				<viz:VizFrame height="180px" id="Chart0" vizType='pie' width="100%" xmlns="sap.viz">
					<viz:dataset>
						<viz.data:FlattenedDataset data="{/System}">
							<viz.data:dimensions>
								<viz.data:DimensionDefinition name="Source" value="{Source}"/>
							</viz.data:dimensions>
							<viz.data:measures>
								<viz.data:MeasureDefinition name="SourceCount" value="{SourceCount}"/>
							</viz.data:measures>
						</viz.data:FlattenedDataset>
					</viz:dataset>
					<viz:feeds>
						<viz.feeds:FeedItem type="Measure" uid="size" values="SourceCount"/>
						<viz.feeds:FeedItem type="Dimension" uid="color" values="Source"/>
					</viz:feeds>
				</viz:VizFrame>
				<viz:VizFrame height="180px" id="Chart1" vizType='pie' width="90%" xmlns="sap.viz">
					<viz:dataset>
						<viz.data:FlattenedDataset data="{/SAP}">
							<viz.data:dimensions>
								<viz.data:DimensionDefinition name="ShipCond" value="{ShipCond}"/>
							</viz.data:dimensions>
							<viz.data:measures>
								<viz.data:MeasureDefinition name="Quantity" value="{Quantity}"/>
							</viz.data:measures>
						</viz.data:FlattenedDataset>
					</viz:dataset>
					<viz:feeds>
						<viz.feeds:FeedItem type="Measure" uid="size" values="Quantity"/>
						<viz.feeds:FeedItem type="Dimension" uid="color" values="ShipCond"/>
					</viz:feeds>
				</viz:VizFrame>
				<viz:VizFrame height="180px" id="Chart2" vizType='pie' width="100%" xmlns="sap.viz">
					<viz:dataset>
						<viz.data:FlattenedDataset data="{/SARAH}">
							<viz.data:dimensions>
								<viz.data:DimensionDefinition name="ShipCond" value="{ShipCond}"/>
							</viz.data:dimensions>
							<viz.data:measures>
								<viz.data:MeasureDefinition name="Quantity" value="{Quantity}"/>
							</viz.data:measures>
						</viz.data:FlattenedDataset>
					</viz:dataset>
					<viz:feeds>
						<viz.feeds:FeedItem type="Measure" uid="size" values="Quantity"/>
						<viz.feeds:FeedItem type="Dimension" uid="color" values="ShipCond"/>
					</viz:feeds>
				</viz:VizFrame>
				<viz:VizFrame height="180px" id="Chart3" vizType='pie' width="90%" xmlns="sap.viz">
					<viz:dataset>
						<viz.data:FlattenedDataset data="{/ESP}">
							<viz.data:dimensions>
								<viz.data:DimensionDefinition name="ShipCond" value="{ShipCond}"/>
							</viz.data:dimensions>
							<viz.data:measures>
								<viz.data:MeasureDefinition name="Quantity" value="{Quantity}"/>
							</viz.data:measures>
						</viz.data:FlattenedDataset>
					</viz:dataset>
					<viz:feeds>
						<viz.feeds:FeedItem type="Measure" uid="size" values="Quantity"/>
						<viz.feeds:FeedItem type="Dimension" uid="color" values="ShipCond"/>
					</viz:feeds>
				</viz:VizFrame>
			</l:content>
		</l:Grid>
	</Panel>
</core:FragmentDefinition>