<core:FragmentDefinition xmlns:core="sap.ui.core" xmlns="sap.m">
	<ViewSettingsDialog class="sapUiSizeCompact" confirm="onFilterConfirm">
		<filterItems>
			<ViewSettingsFilterItem id="ProCodeFilter" items="{path: 'sProCode>/'}" multiSelect="false" text="{i18n>prdCode}">
				<items>
					<ViewSettingsItem class="labelBold" key="ProductCode" text="{sProCode>}"/>
				</items>
			</ViewSettingsFilterItem>
			<ViewSettingsFilterItem id="UserFilter" items="{path: 'sUser>/'}" multiSelect="false" text="{i18n>userId}">
				<items>
					<ViewSettingsItem class="labelBold" key="UserId" text="{sUser>}"/>
				</items>
			</ViewSettingsFilterItem>
			<!--<ViewSettingsFilterItem id="TransTypeFilter" items="{path: 'sTransportType>/'}" multiSelect="false" text="{i18n>transType}">-->
			<!--	<items>-->
			<!--		<ViewSettingsItem class="labelBold" key="TransportType" text="{sTransportType>}"/>-->
			<!--	</items>-->
			<!--</ViewSettingsFilterItem>-->
		</filterItems>
	</ViewSettingsDialog>
</core:FragmentDefinition>