<core:FragmentDefinition xmlns:core="sap.ui.core" xmlns:lay="sap.ui.layout" xmlns="sap.m">
	<Toolbar class="barBackground headerClass" id="Plant_Detail_Bar_ID">
		<!--<Label design="Bold" text="{i18n>LabelDateFrom}" visible="{visibleModel>/fromDate}"/>-->
		 <!--visible="{visibleModel>/toDate}"   visible="{visibleModel>/startTime}"   visible="{visibleModel>/endTime}"-->
		<Label design="Bold" text="{i18n>LabelDateFrom}"/>
		<Text id="fromdate" maxLines="0" text="{plantDetailModel>/DateStart}"/>
		<!--<ToolbarSpacer/>-->
		<Label design="Bold" id="toDateLabel" text="{i18n>LabelDateTo}"/>
		<Text id="todate" maxLines="0" text="{plantDetailModel>/DateEnd}"/>
		<ToolbarSpacer/>
		<!--<Label text=""/>
		<ToolbarSpacer/>-->
		<Label design="Bold" text="{i18n>LabelPlant}"/>
		<Text id="plant" text="{plantDetailModel>/Plants}"/>
		<ToolbarSpacer/>
				<ToolbarSpacer/>
		<!--<Label design="Bold" text="{i18n>starTime}"/>
		<Text id="sTime" text="{plantDetailModel>/StartTime}"/>
		<ToolbarSpacer/>
		<Label design="Bold" text="{i18n>TimeEnd}"/>
		<Text id="eTime" text="{plantDetailModel>/EndTime}"/>-->
	</Toolbar>
</core:FragmentDefinition>