<core:FragmentDefinition xmlns:core="sap.ui.core" xmlns="sap.m">
	<Popover contentHeight="300px" contentWidth="250px" placement="Top" showHeader="false">
		<Page title="{i18n>details}">
			<!--<HBox>-->
			<!--<Label design="Bold" text="Text:" class="sapUiTinyMarginTop sapUiTinyMarginBegin"/>-->
			<!--<Text text="{statDetails>/TextValue}" class="sapUiTinyMarginTop sapUiSmallMarginBegin"/>-->
			<!--</HBox>-->
			<Table id="rejetReasonTable" items="{ path: 'rejectStatusModel>/' }">
				<columns>
					<Column hAlign="Center">
						<Label design="Bold" text="{i18n>reasons}"/>
					</Column>
				</columns>
				<items>
					<ColumnListItem>
						<cells>
							<Label editable="true" text="{rejectStatusModel>Value}"></Label>
						</cells>
					</ColumnListItem>
				</items>
			</Table>
		</Page>
	</Popover>
</core:FragmentDefinition>