<core:FragmentDefinition xmlns:core="sap.ui.core" xmlns="sap.m">
	<ViewSettingsDialog class="sapUiSizeCompact" confirm="onFilterConfirm">
		<filterItems>
			<ViewSettingsFilterItem id="LocationFilter" items="{path: 'sLocation>/'}" multiSelect="false" text="{i18n>location}">
				<items>
					<ViewSettingsItem class="labelBold" key="Location" text="{sLocation>}"/>
				</items>
			</ViewSettingsFilterItem>
			<ViewSettingsFilterItem id="UserFilter" items="{path: 'sUser>/'}" multiSelect="false" text="{i18n>userID}">
				<items>
					<ViewSettingsItem class="labelBold" key="User" text="{sUser>}"/>
				</items>
			</ViewSettingsFilterItem>
				<!--CTRM -1424 for YMS auto cleaning -->
			<ViewSettingsFilterItem id="actionFilter" items="{path: 'sAction>/'}" multiSelect="false" text="{i18n>Action}">
				<items>
					<ViewSettingsItem class="labelBold" key="Action" text="{sAction>}"/>
				</items>
			</ViewSettingsFilterItem>
			<!--<ViewSettingsFilterItem id="TransTypeFilter" items="{path: 'sTransportType>/'}" multiSelect="false" text="{i18n>transType}">-->
			<!--	<items>-->
			<!--		<ViewSettingsItem class="labelBold" key="TransportType" text="{sTransportType>}"/>-->
			<!--	</items>-->
			<!--</ViewSettingsFilterItem>-->
		</filterItems>
	</ViewSettingsDialog>
</core:FragmentDefinition>