<core:FragmentDefinition xmlns:core="sap.ui.core" xmlns="sap.m">
	<ViewSettingsDialog class="sapUiSizeCompact" confirm="onSortConfirm">
		<sortItems>
			<ViewSettingsItem key="DocId" text="{i18n>delNum}"/>
		</sortItems>
		<sortItems>
			<ViewSettingsItem key="Prodcode" text="{i18n>prdCode}"/>
		</sortItems>
		<sortItems>
			<ViewSettingsItem key="CompletionTime" text="{i18n>completionTime}"/>
		</sortItems>
		<!--<sortItems>-->
		<!--	<ViewSettingsItem key="Storageloc" text="{i18n>storageLoc}"/>-->
		<!--</sortItems>-->
		<!--<sortItems>-->
		<!--	<ViewSettingsItem key="Trucktyp" text="{i18n>typOfTruck}"/>-->
		<!--</sortItems>-->
		<!--<sortItems>-->
		<!--	<ViewSettingsItem key="Dock" text="{i18n>dock}"/>-->
		<!--</sortItems>-->
		<!--<sortItems>-->
		<!--	<ViewSettingsItem key="Variance" text="{i18n>variance}"/>-->
		<!--</sortItems>-->
		<!--<sortItems>-->
		<!--	<ViewSettingsItem key="Trailerid" text="{i18n>trailerId}"/>-->
		<!--</sortItems>-->
		<!--<sortItems>-->
		<!--	<ViewSettingsItem key="Regno" text="{i18n>regNum}"/>-->
		<!--</sortItems>-->
	</ViewSettingsDialog>
</core:FragmentDefinition>