<core:FragmentDefinition xmlns:core="sap.ui.core" xmlns:f="sap.ui.layout.form" xmlns:l="sap.ui.layout" xmlns:viz.data="sap.viz.ui5.data"
	xmlns:viz.feeds="sap.viz.ui5.controls.common.feeds" xmlns:viz="sap.viz.ui5.controls" xmlns="sap.m">
	<VBox class="printContent sapUiSizeCompact" width="100%">
		<VBox class="panelsContentEx" width="100%">
			<Panel class="sapUiSizeCompact" expandable="true" expanded="false" id="panel1Tab">
				<headerToolbar>
					<Toolbar>
						<Title text="{i18n>sap}"/>
						<ToolbarSpacer/>
						<Label text="{i18n>LabelTotC}"/>
						<Input enabled="false" id="input1Tab" value="" width="6rem"/>
						<Button class="hideButtom" icon="sap-icon://expand-group" id="button1Tab" press="onPressExp"/>
					</Toolbar>
				</headerToolbar>
				<content>
					<Table id="Table1Tab" items="{path: 'FDE>/'}">
						<columns>
							<Column>
								<Label design="Bold" text="{i18n>delivType}"/>
							</Column>
							<Column>
								<Label design="Bold" text="{i18n>shipCond}"/>
							</Column>
							<Column>
								<Label design="Bold" text="{i18n>quantity}"/>
							</Column>
						</columns>
						<items>
							<ColumnListItem>
								<cells>
									<Text text="{FDE>DelType}"/>
									<Text text="{FDE>ShipCondt}"/>
									<Text text="{FDE>Qty}"/>
								</cells>
							</ColumnListItem>
						</items>
					</Table>
				</content>
			</Panel>
			<Panel expandable="true" expanded="false" id="panel2Tab">
				<headerToolbar>
					<Toolbar>
						<Title text="{i18n>sarah}"/>
						<ToolbarSpacer/>
						<Label text="{i18n>LabelTotC}"/>
						<Input enabled="false" id="input2Tab" value="" width="6rem"/>
						<Button class="hideButtom" icon="sap-icon://expand-group" id="button2Tab" press="onPressExp"/>
					</Toolbar>
				</headerToolbar>
				<content>
					<Table id="Table2Tab" items="{path: 'FDE>/'}">
						<columns>
							<Column>
								<Label design="Bold" text="{i18n>delivType}"/>
							</Column>
							<Column>
								<Label design="Bold" text="{i18n>shipCond}"/>
							</Column>
							<Column>
								<Label design="Bold" text="{i18n>quantity}"/>
							</Column>
						</columns>
						<items>
							<ColumnListItem>
								<cells>
									<Text text="{FDE>DelType}"/>
									<Text text="{FDE>ShipCondt}"/>
									<Text text="{FDE>Qty}"/>
								</cells>
							</ColumnListItem>
						</items>
					</Table>
				</content>
			</Panel>
			<Panel expandable="true" expanded="false" id="panel3Tab">
				<headerToolbar>
					<Toolbar>
						<Title text="{i18n>esp}"/>
						<ToolbarSpacer/>
						<Label text="{i18n>LabelTotC}"/>
						<Input enabled="false" id="input3Tab" value="" width="6rem"/>
						<Button class="hideButtom" icon="sap-icon://expand-group" id="button3Tab" press="onPressExp"/>
					</Toolbar>
				</headerToolbar>
				<content>
					<Table id="Table3Tab" items="{path: 'FDE>/'}">
						<columns>
							<Column>
								<Label design="Bold" text="{i18n>delivType}"/>
							</Column>
							<Column>
								<Label design="Bold" text="{i18n>shipCond}"/>
							</Column>
							<Column>
								<Label design="Bold" text="{i18n>quantity}"/>
							</Column>
						</columns>
						<items>
							<ColumnListItem>
								<cells>
									<Text text="{FDE>DelType}"/>
									<Text text="{FDE>ShipCondt}"/>
									<Text text="{FDE>Qty}"/>
								</cells>
							</ColumnListItem>
						</items>
					</Table>
				</content>
			</Panel>
		</VBox>
		<l:Grid class="sapUiTinyMarginTop chartContainer sapUiSizeCompact" defaultSpan="L6 M6 S12">
			<l:content>
				<viz:VizFrame height="180px" id="Chart0Tab" vizType='pie' width="100%" xmlns="sap.viz">
					<viz:dataset>
						<viz.data:FlattenedDataset data="{/System}">
							<viz.data:dimensions>
								<viz.data:DimensionDefinition name="Source" value="{Source}"/>
							</viz.data:dimensions>
							<viz.data:measures>
								<viz.data:MeasureDefinition name="SourceCount" value="{SourceCount}"/>
							</viz.data:measures>
						</viz.data:FlattenedDataset>
					</viz:dataset>
					<viz:feeds>
						<viz.feeds:FeedItem type="Measure" uid="size" values="SourceCount"/>
						<viz.feeds:FeedItem type="Dimension" uid="color" values="Source"/>
					</viz:feeds>
				</viz:VizFrame>
				<viz:VizFrame height="180px" id="Chart1Tab" vizType='pie' width="90%" xmlns="sap.viz">
					<viz:dataset>
						<viz.data:FlattenedDataset data="{/SAP}">
							<viz.data:dimensions>
								<viz.data:DimensionDefinition name="ShipCond" value="{ShipCond}"/>
							</viz.data:dimensions>
							<viz.data:measures>
								<viz.data:MeasureDefinition name="Quantity" value="{Quantity}"/>
							</viz.data:measures>
						</viz.data:FlattenedDataset>
					</viz:dataset>
					<viz:feeds>
						<viz.feeds:FeedItem type="Measure" uid="size" values="Quantity"/>
						<viz.feeds:FeedItem type="Dimension" uid="color" values="ShipCond"/>
					</viz:feeds>
				</viz:VizFrame>
				<viz:VizFrame height="180px" id="Chart2Tab" vizType='pie' width="100%" xmlns="sap.viz">
					<viz:dataset>
						<viz.data:FlattenedDataset data="{/SARAH}">
							<viz.data:dimensions>
								<viz.data:DimensionDefinition name="ShipCond" value="{ShipCond}"/>
							</viz.data:dimensions>
							<viz.data:measures>
								<viz.data:MeasureDefinition name="Quantity" value="{Quantity}"/>
							</viz.data:measures>
						</viz.data:FlattenedDataset>
					</viz:dataset>
					<viz:feeds>
						<viz.feeds:FeedItem type="Measure" uid="size" values="Quantity"/>
						<viz.feeds:FeedItem type="Dimension" uid="color" values="ShipCond"/>
					</viz:feeds>
				</viz:VizFrame>
				<viz:VizFrame height="180px" id="Chart3Tab" class="lineBreak" vizType='pie' width="90%" xmlns="sap.viz">
					<viz:dataset>
						<viz.data:FlattenedDataset data="{/ESP}">
							<viz.data:dimensions>
								<viz.data:DimensionDefinition name="ShipCond" value="{ShipCond}"/>
							</viz.data:dimensions>
							<viz.data:measures>
								<viz.data:MeasureDefinition name="Quantity" value="{Quantity}"/>
							</viz.data:measures>
						</viz.data:FlattenedDataset>
					</viz:dataset>
					<viz:feeds>
						<viz.feeds:FeedItem type="Measure" uid="size" values="Quantity"/>
						<viz.feeds:FeedItem type="Dimension" uid="color" values="ShipCond"/>
					</viz:feeds>
				</viz:VizFrame>
			</l:content>
		</l:Grid>
	</VBox>
	
</core:FragmentDefinition>