{
  "test/integration/WorklistJourney.js": 1626709312000,
  "test/testsuite.qunit.js": 1626709312000,
  "test/unit/model/models.js": 1626709314000,
  "test/unit/model/formatter.js": 1626709314000,
  "test/unit/helper/FakeI18nModel.js": 1626709314000,
  "test/integration/pages/shareOptions.js": 1626709314000,
  "test/integration/pages/Worklist.js": 1626709314000,
  "test/integration/pages/Object.js": 1626709314000,
  "test/integration/pages/NotFound.js": 1626709314000,
  "test/integration/pages/Common.js": 1626709314000,
  "test/integration/pages/Browser.js": 1626709314000,
  "test/integration/pages/App.js": 1626709314000,
  "test/integration/arrangements/Startup.js": 1626709314000,
  "test/unit/unitTests.qunit.js": 1626709314000,
  "test/unit/AllTests.js": 1626709314000,
  "test/integration/opaTests.qunit.js": 1626709314000,
  "i18n/i18n.properties": 1626709312000,
  "test/integration/ObjectJourney.js": 1626709312000,
  "test/integration/NotFoundJourney.js": 1626709312000,
  "test/integration/NavigationJourney.js": 1626709312000,
  "test/integration/AllJourneys.js": 1626709312000,
  "util/Formatter.js": 1626709312000,
  "manifest.json": 1626720270795,
  "test/initMockServer.js": 1626709312000,
  "model/models.js": 1626709312000,
  "model/formatter.js": 1626709312000,
  "localService/mockserver.js": 1626709312000,
  "controller/Worklist.controller.js": 1626709312000,
  "controller/Object.controller.js": 1626709312000,
  "controller/NotFound.controller.js": 1626709312000,
  "controller/ErrorHandler.js": 1626709312000,
  "controller/BaseController.js": 1626709312000,
  "controller/App.controller.js": 1626709312000,
  "Component.js": 1626709312000,
  "manifest-bundle.zip": 1626720270853,
  "Component-preload.js": 1626720271808,
  "test/testsuite.qunit-dbg.js": 1626709312000,
  "test/unit/model/formatter-dbg.js": 1626709314000,
  "test/unit/helper/FakeI18nModel-dbg.js": 1626709314000,
  "test/integration/pages/shareOptions-dbg.js": 1626709314000,
  "test/integration/pages/Worklist-dbg.js": 1626709314000,
  "test/integration/pages/Object-dbg.js": 1626709314000,
  "test/integration/pages/NotFound-dbg.js": 1626709314000,
  "test/integration/pages/Common-dbg.js": 1626709314000,
  "test/integration/pages/Browser-dbg.js": 1626709314000,
  "test/integration/pages/App-dbg.js": 1626709314000,
  "test/integration/arrangements/Startup-dbg.js": 1626709314000,
  "test/unit/unitTests.qunit-dbg.js": 1626709314000,
  "test/unit/AllTests-dbg.js": 1626709314000,
  "test/integration/opaTests.qunit-dbg.js": 1626709314000,
  "test/integration/WorklistJourney-dbg.js": 1626709312000,
  "test/integration/ObjectJourney-dbg.js": 1626709312000,
  "test/integration/NotFoundJourney-dbg.js": 1626709312000,
  "test/integration/NavigationJourney-dbg.js": 1626709312000,
  "test/integration/AllJourneys-dbg.js": 1626709312000,
  "util/Formatter-dbg.js": 1626709312000,
  "test/unit/model/models-dbg.js": 1626709314000,
  "test/initMockServer-dbg.js": 1626709312000,
  "model/models-dbg.js": 1626709312000,
  "model/formatter-dbg.js": 1626709312000,
  "localService/mockserver-dbg.js": 1626709312000,
  "controller/Worklist-dbg.controller.js": 1626709312000,
  "controller/Object-dbg.controller.js": 1626709312000,
  "controller/NotFound-dbg.controller.js": 1626709312000,
  "controller/ErrorHandler-dbg.js": 1626709312000,
  "controller/BaseController-dbg.js": 1626709312000,
  "controller/App-dbg.controller.js": 1626709312000,
  "Component-dbg.js": 1626709312000,
  "neo-app.json": 1626720272455,
  "di.code-validation.core_issues.json": 1626720278490,
  "resources.json": 1626720278546,
  "test/unit/unitTests.qunit.html": 1626709314000,
  "test/integration/opaTests.qunit.html": 1626709312000,
  "view/columns.fragment.xml": 1626709312000,
  "view/Worklist.view.xml": 1626709312000,
  "view/ObjectNotFound.view.xml": 1626709312000,
  "view/Object.view.xml": 1626709312000,
  "view/NotFound.view.xml": 1626709312000,
  "view/App.view.xml": 1626709312000,
  "test/testsuite.qunit.html": 1626709312000,
  "test/mockServer.html": 1626709312000,
  "localService/metadata.xml": 1626709312000,
  "css/fullScreenApp.css": 1626709312000,
  "test.html": 1626709312000,
  "index.html": 1626709312000
}