<core:FragmentDefinition xmlns="sap.m" xmlns:l="sap.ui.layout" xmlns:f="sap.ui.layout.form" xmlns:core="sap.ui.core">
	<Dialog title="Create Customer" draggable="true" stretch="{device>/isPhone}" verticalScrolling="true" contentWidth="1050px"
		contentHeight="1050px">
		<VBox class="sapUiSmallMargin">
			<f:Form id="CreateCust" editable="true">
				<f:layout>
					<f:ResponsiveGridLayout labelSpanXL="4" labelSpanL="4" labelSpanM="4" labelSpanS="12" adjustLabelSpan="false" emptySpanXL="0" emptySpanL="0"
						emptySpanM="0" emptySpanS="0" columnsXL="3" columnsL="2" columnsM="2" singleContainerFullSize="false"/>
				</f:layout>
				<f:formContainers>
					<f:FormContainer>
						<f:formElements>
							<f:FormElement label="Title">
								<f:fields>
									<ComboBox>
										<core:ListItem key="0002" text="Mr."/>
										<core:ListItem key="0001" text="Ms."/>
									</ComboBox>
								</f:fields>
							</f:FormElement>
							<f:FormElement label="Acadamic Title">
								<f:fields>
									<!--<Input value="{Street}"/>-->
									<Input value="{HouseNumber}">
										<!--<layoutData>-->
										<!--	<l:GridData span="XL2 L2 M2 S4"/>-->
										<!--</layoutData>-->
									</Input>
								</f:fields>
							</f:FormElement>
							<f:FormElement label="First Name">
								<f:fields>
									<Input value="{objectView>/FirstName}" required="true" valueState="{objectView>/ValuestateFN}">
										<!--<layoutData>-->
										<!--	<l:GridData span="XL2 L2 M2 S4"/>-->
										<!--</layoutData>-->
									</Input>
									<!--<Input value="{City}"/>-->
								</f:fields>
							</f:FormElement>
							<f:FormElement label="Last Name">
								<f:fields>
									<Input value="{objectView>/LastName}" required="true" valueState="{objectView>/ValuestateLN}">
										<!--<layoutData>-->
										<!--	<l:GridData span="XL2 L2 M2 S4"/>-->
										<!--</layoutData>-->
									</Input>
									<!--<Select id="country" selectedKey="{Country}">-->
									<!--	<items>-->
									<!--		<core:Item text="England" key="England"/>-->
									<!--		<core:Item text="Germany" key="Germany"/>-->
									<!--		<core:Item text="USA" key="USA"/>-->
									<!--	</items>-->
									<!--</Select>-->
								</f:fields>
							</f:FormElement>
							<f:FormElement label="Search Term1">
								<f:fields>
									<Input value="{SupplierName}"/>
								</f:fields>
							</f:FormElement>
							<f:FormElement label="Search Term2">
								<f:fields>
									<Input value="{SupplierName}"/>
								</f:fields>
							</f:FormElement>
						</f:formElements>
					</f:FormContainer>
					<f:FormContainer>
						<f:formElements>
							<f:FormElement label="Telephone">
								<f:fields>
									<Input value="{Url}" type="Tel"/>
								</f:fields>
							</f:FormElement>
							<f:FormElement label="Mobile Phone">
								<f:fields>
									<Input value="{Twitter}"/>
								</f:fields>
							</f:FormElement>
							<f:FormElement label="Fax">
								<f:fields>
									<Input value="{Email}" type="Email"/>
								</f:fields>
							</f:FormElement>
							<f:FormElement label="Email">
								<f:fields>
									<Input value="{Tel}" type="Email"/>
								</f:fields>
							</f:FormElement>
							<!--<f:FormElement label="PO Region">-->
							<!--	<f:fields>-->
							<!--		<Input value="{Sms}"/>-->
							<!--	</f:fields>-->
							<!--</f:FormElement>-->
						</f:formElements>
					</f:FormContainer>
					<f:FormContainer>
						<f:formElements>
							<f:FormElement label="Street">
								<f:fields>
									<Input value="{objectView>/Street}" required="true" valueState="{objectView>/ValuestateST}"/>
								</f:fields>
							</f:FormElement>
							<f:FormElement label="House Number">
								<f:fields>
									<Input value="{SupplierName}"/>
								</f:fields>
							</f:FormElement>
							<f:FormElement label="Postal Code">
								<f:fields>
									<Input value="{objectView>/PostalCode}" required="true" valueState="{objectView>/ValuestatePC}"/>
								</f:fields>
							</f:FormElement>
							<f:FormElement label="City">
								<f:fields>
									<Input value="{objectView>/City}" required="true" valueState="{objectView>/ValuestateCT}"/>
								</f:fields>
							</f:FormElement>
							<f:FormElement label="Region">
								<f:fields>
									<ComboBox name="region" editable="true" required="true" valueState="{objectView>/ValuestateCN}"
										items="{path:'RegModelData>/modelData', templateShareable:false}" showSecondaryValues="true">
										<core:ListItem key="{RegModelData>BLAND}" text="{RegModelData>BLAND}-{RegModelData>BEZEI}"/>
									</ComboBox>
								</f:fields>
							</f:FormElement>
							<f:FormElement label="Country Region">
								<f:fields>
									<!--<Input value="{objectView>/Country}"  required="true" valueState="{objectView>/ValuestateCN}"/>-->
									<ComboBox name="Country" editable="true" selectionChange="OnSelectionChange" value="{objectView>/Country}" required="true" valueState="{objectView>/ValuestateCN}"
										items="{path:'baModelData>/modelData', templateShareable:false}" showSecondaryValues="true">
										<core:ListItem key="{baModelData>LAND1}" text="{baModelData>LAND1}-{baModelData>LANDX}"/>
									</ComboBox>
								</f:fields>
							</f:FormElement>
							<f:FormElement label="Notes">
								<f:fields>
									<Input value="{SupplierName}"/>
								</f:fields>
							</f:FormElement>
						</f:formElements>
					</f:FormContainer>
					<f:FormContainer>
						<f:formElements>
							<f:FormElement label="PO Box">
								<f:fields>
									<Input value="{Sms}"/>
								</f:fields>
							</f:FormElement>
							<f:FormElement label="PO Box City">
								<f:fields>
									<Input value="{Sms}"/>
								</f:fields>
							</f:FormElement>
							<f:FormElement label="PO Box Post Code">
								<f:fields>
									<Input value="{Sms}"/>
								</f:fields>
							</f:FormElement>
							<f:FormElement label="PO Region">
								<f:fields>
									<Input value="{Sms}"/>
								</f:fields>
							</f:FormElement>
						</f:formElements>
					</f:FormContainer>
				</f:formContainers>
			</f:Form>
		</VBox>
		<buttons width="auto" class="sapUiNoMarginBegin sapUiNoMarginEnd">
			<Button type="Emphasized" text="Create Customer" icon="sap-icon://save" press="CreateCust"/>
			<!--<Button id="createButtonID" type="Emphasized" icon="sap-icon://remove" press="onClose"/>-->
			<Button icon="sap-icon://decline" press="onCloseC" text="Close"/>
		</buttons>
	</Dialog>
</core:FragmentDefinition>