<core:FragmentDefinition xmlns="sap.ui.comp.valuehelpdialog" xmlns:m="sap.m" xmlns:fb="sap.ui.comp.filterbar" xmlns:core="sap.ui.core"
	xmlns:f="sap.ui.layout.form" xmlns:mvc="sap.ui.core.mvc">
	<ValueHelpDialog title="Customer" ok=".onWhitespaceOkPress" cancel=".onWhitespaceCancelPress" supportRanges="true" key="KUNNR"
		>
		<filterBar>
			<fb:FilterBar advancedMode="true" search=".onFilterBarWhitespacesSearch" isRunningInValueHelpDialog="true">
				<fb:filterGroupItems>
					<fb:FilterGroupItem groupName="__$INTERNAL$" name="KUNNR" label="Customer" visibleInFilterBar="true">
						<fb:control>
							<m:Input id="Mat" name="KUNNR" showSuggestion="true" showValueHelp="false"
								suggestionItems="{ path: 'MatModel>/results', sorter: { path: 'VHCLE' } }">
								<core:Item key="{MatModel>VHCLE}" text="{MatModel>VHCLE}"/>
							</m:Input>
						</fb:control>
					</fb:FilterGroupItem>
					<!--<fb:FilterGroupItem groupName="__$INTERNAL$" name="ProductName" label="Product Name" visibleInFilterBar="true">-->
					<!--	<fb:control>-->
					<!--		<m:Input name="ProductName" showSuggestion="true" showValueHelp="false"-->
					<!--			suggestionItems="{ path: 'MatModel>/results', sorter: { path: 'ProductName' } }">-->
					<!--			<core:Item key="{ProductName}" text="{ProductName}"/>-->
					<!--		</m:Input>-->
					<!--	</fb:control>-->
					<!--</fb:FilterGroupItem>-->
				</fb:filterGroupItems>
			</fb:FilterBar>
		</filterBar>
	</ValueHelpDialog>
</core:FragmentDefinition>