<core:FragmentDefinition xmlns="sap.m" xmlns:l="sap.ui.layout" xmlns:f="sap.ui.layout.form" xmlns:core="sap.ui.core">
	<Dialog title="Update Customer" draggable="true" stretch="{device>/isPhone}" verticalScrolling="true">
		<f:SimpleForm editable="false" layout="ResponsiveGridLayout" labelSpanXL="3" labelSpanL="3" labelSpanM="3" labelSpanS="12"
			adjustLabelSpan="false" emptySpanXL="4" emptySpanL="4" emptySpanM="4" emptySpanS="0" columnsXL="2" columnsL="1" columnsM="1"
			singleContainerFullSize="false">
			<f:content>
				<Label text="Internal Vehicle Number"/>
				<Input value="{objectView>/VehiNum}" showValueHelp="false" editable="false" valueHelpOnly="true" valueHelpRequest="false"/>
				<Label text="Retail Date"/>
				<DatePicker value="{objectView>/CustoemrD}" class="sapUiSmallMarginBottom" change="OnDatechange"/>
				<Label text="End Customer" required="true"/>
				<!--<Input maxLength="30" value="{objectView>/Customer}" required="true"/>-->
				<!--<Input id="Mat" name="Cust" showSuggestion="true" showValueHelp="false"-->
				<!--	suggestionItems="{ path: 'MatModel>/results', sorter: { path: 'VHCLE' } }">-->
				<!--	<core:Item key="{MatModel>VHCLE}" text="{MatModel>VHCLE}"/>-->
				<!--</Input>-->
				<!--<MultiInput valueHelpRequest="onCustomer" showSuggestion="true" width="100%" suggestionItems="{ path: 'MatModel>/results', length: 10 }"-->
				<!--	customData:hasValue="true">-->
				<!--	<suggestionItems>-->
				<!--		<core:ListItem key="" text=""/>-->
				<!--		<core:ListItem key="{MatModel>VHCLE}" text="{MatModel>VHCLE}"/>-->
				<!--	</suggestionItems>-->
				<!--</MultiInput>-->
				<ComboBox name="Cust" editable="true" required="true" value="{objectView>/Customer}" valueState="{objectView>/ValuestateCN}"
					items="{path:'CustModel>/modelData', templateShareable:false}" showSecondaryValues="true">
					<core:ListItem key="{CustModel>KUNNR}" text="{CustModel>KUNNR}-{CustModel>BPARTNER}"/>
				</ComboBox>
				<Button text="Create Customer" press="onCreate"/>
			</f:content>
		</f:SimpleForm>
		<buttons width="auto" class="sapUiNoMarginBegin sapUiNoMarginEnd">
			<Button type="Emphasized" text="Update Customer" icon="sap-icon://save" press="onUpdateC"/>
			<!--<Button id="createButtonID" type="Emphasized" icon="sap-icon://remove" press="onClose"/>-->
			<Button icon="sap-icon://decline" press="onClose" text="Close"/>
		</buttons>
	</Dialog>
</core:FragmentDefinition>