<core:FragmentDefinition xmlns="sap.ui.comp.valuehelpdialog" xmlns:m="sap.m" xmlns:fb="sap.ui.comp.filterbar" xmlns:core="sap.ui.core"
	xmlns:f="sap.ui.layout.form" xmlns:mvc="sap.ui.core.mvc">
	<ValueHelpDialog title="Vin" ok=".onVinOkPress" cancel=".onVinCancelPress" supportRanges="true" key="VHVIN"
		descriptionKey="VHVIN">
		<filterBar>
			<fb:FilterBar advancedMode="true" search=".onFilterVinSearch" isRunningInValueHelpDialog="true">
				<fb:filterGroupItems>
					<fb:FilterGroupItem groupName="__$INTERNAL$" name="VHVIN" label="Vin" visibleInFilterBar="true">
						<fb:control>
							<m:Input id="Vin" name="Vin" showSuggestion="true" showValueHelp="false"
								suggestionItems="{ path: 'MatModel>/results', sorter: { path: 'VHVIN' } }">
								<core:Item key="{MatModel>VHVIN}" text="{MatModel>VHVIN}"/>
							</m:Input>
						</fb:control>
					</fb:FilterGroupItem>
					<!--<fb:FilterGroupItem groupName="__$INTERNAL$" name="ProductName" label="Product Name" visibleInFilterBar="true">-->
					<!--	<fb:control>-->
					<!--		<m:Input name="ProductName" showSuggestion="true" showValueHelp="false"-->
					<!--			suggestionItems="{ path: 'MatModel>/results', sorter: { path: 'ProductName' } }">-->
					<!--			<core:Item key="{ProductName}" text="{ProductName}"/>-->
					<!--		</m:Input>-->
					<!--	</fb:control>-->
					<!--</fb:FilterGroupItem>-->
				</fb:filterGroupItems>
			</fb:FilterBar>
		</filterBar>
	</ValueHelpDialog>
</core:FragmentDefinition>