<?xml version="1.0" encoding="utf-8"?>
<edmx:Edmx Version="1.0"
    xmlns:edmx="http://schemas.microsoft.com/ado/2007/06/edmx"
    xmlns:m="http://schemas.microsoft.com/ado/2007/08/dataservices/metadata"
    xmlns:sap="http://www.sap.com/Protocols/SAPData">
    <edmx:DataServices m:DataServiceVersion="2.0">
        <Schema Namespace="ZHACT_PROGDOC_SRV" xml:lang="en" sap:schema-version="1"
            xmlns="http://schemas.microsoft.com/ado/2008/09/edm">
            <EntityType Name="HEADER_PRG" sap:content-version="1">
                <Key>
                    <PropertyRef Name="Gsber"/>
                </Key>
                <Property Name="Progdoc" Type="Edm.String" Nullable="false" MaxLength="50" sap:unicode="false" sap:label="Programme Doc. No" sap:updatable="false"/>
                <Property Name="Gsber" Type="Edm.String" Nullable="false" MaxLength="4" sap:unicode="false" sap:label="Business Area" sap:updatable="false"/>
                <Property Name="UnicefOffice" Type="Edm.String" Nullable="false" MaxLength="10" sap:unicode="false" sap:label="Cost Center"/>
                <Property Name="RespUnicef" Type="Edm.String" Nullable="false" MaxLength="12" sap:unicode="false" sap:label="Responsible Person"/>
                <Property Name="Lifnr" Type="Edm.String" Nullable="false" MaxLength="10" sap:unicode="false" sap:label="Vendor" sap:updatable="false"/>
                <Property Name="RespPersn" Type="Edm.String" Nullable="false" MaxLength="50" sap:unicode="false" sap:label="Resp Officer"/>
                <Property Name="ProgTitle" Type="Edm.String" Nullable="false" MaxLength="250" sap:unicode="false" sap:label="Programme Title" sap:updatable="false"/>
                <Property Name="GeoCov" Type="Edm.String" Nullable="false" MaxLength="40" sap:unicode="false" sap:label="Geographical Coverag"/>
                <Property Name="Waers" Type="Edm.String" MaxLength="5" sap:unicode="false" sap:label="Currency"/>
                <Property Name="Status" Type="Edm.String" Nullable="false" MaxLength="3" sap:unicode="false" sap:label="Status"/>
                <Property Name="DeleteFlag" Type="Edm.String" MaxLength="1" sap:unicode="false" sap:label="Deleted Flag"/>
                <Property Name="Erdat" Type="Edm.String" MaxLength="10" sap:unicode="false" sap:label="Created On" sap:sortable="false"/>
                <Property Name="Ernam" Type="Edm.String" Nullable="false" MaxLength="12" sap:unicode="false" sap:label="Created By" sap:sortable="false"/>
                <Property Name="Aedat" Type="Edm.String" MaxLength="10" sap:unicode="false" sap:label="Changed On" sap:sortable="false"/>
                <Property Name="Aenam" Type="Edm.String" Nullable="false" MaxLength="12" sap:unicode="false" sap:label="Changed by" sap:sortable="false"/>
                <Property Name="Gtext" Type="Edm.String" Nullable="false" MaxLength="30" sap:unicode="false" sap:label="Business area" sap:creatable="false" sap:updatable="false" sap:sortable="false"/>
                <Property Name="Mcod1" Type="Edm.String" Nullable="false" MaxLength="25" sap:unicode="false" sap:label="Name" sap:creatable="false" sap:updatable="false" sap:sortable="false"/>
                <Property Name="FavInd" Type="Edm.String" Nullable="false" sap:unicode="false" sap:label="Favorite" sap:creatable="false"/>
                <Property Name="RespHead" Type="Edm.String" Nullable="false" MaxLength="50" sap:unicode="false" sap:label="IP Head"/>
                <Property Name="CashAmnt" Type="Edm.String" MaxLength="30" sap:unicode="false" sap:label="UNICEF Cash Contribution (A)" sap:sortable="false" sap:filterable="false"/>
                <Property Name="SuplyAmnt" Type="Edm.String" Nullable="false" MaxLength="30" sap:unicode="false" sap:label="UNICEF Supplies (B)" sap:sortable="false" sap:filterable="false"/>
                <Property Name="ContAmnt" Type="Edm.String" Nullable="false" MaxLength="30" sap:unicode="false" sap:label="UNICEF Contribution ( C=A+B)" sap:sortable="false" sap:filterable="false"/>
                <Property Name="CsoconAmnt" Type="Edm.String" Nullable="false" MaxLength="30" sap:unicode="false" sap:label="CSO Contribution (D)" sap:sortable="false" sap:filterable="false"/>
                <Property Name="TotAmnt" Type="Edm.String" Nullable="false" MaxLength="30" sap:unicode="false" sap:label="Total Programme Budget ( E=D+C)" sap:sortable="false" sap:filterable="false"/>
                <Property Name="Inetools" Type="Edm.Boolean" sap:unicode="false" sap:label="In E-Tools" sap:sortable="false" sap:filterable="false"/>
                <Property Name="Begda" Type="Edm.String" Nullable="false" MaxLength="10" sap:unicode="false" sap:label="Start Date" sap:sortable="false" sap:filterable="false"/>
                <Property Name="Endda" Type="Edm.String" Nullable="false" MaxLength="10" sap:unicode="false" sap:label="End Date" sap:sortable="false" sap:filterable="false"/>
                <Property Name="RespUnicefName" Type="Edm.String" Nullable="false" MaxLength="80" sap:unicode="false" sap:label="Responsible UNICEF Name" sap:creatable="false" sap:updatable="false" sap:sortable="false" sap:filterable="false"/>
                <Property Name="RespPersnName" Type="Edm.String" Nullable="false" MaxLength="80" sap:unicode="false" sap:label="Responsible Person Name" sap:creatable="false" sap:updatable="false" sap:sortable="false" sap:filterable="false"/>
                <Property Name="RespHeadName" Type="Edm.String" Nullable="false" MaxLength="80" sap:unicode="false" sap:label="Responsible Head Name" sap:creatable="false" sap:updatable="false" sap:sortable="false" sap:filterable="false"/>
                <Property Name="Ukurs" Type="Edm.Decimal" Precision="9" Scale="5" sap:unicode="false" sap:label="Exchange Rate" sap:creatable="false" sap:updatable="false" sap:sortable="false" sap:filterable="false"/>
                <Property Name="Edit" Type="Edm.Boolean" sap:unicode="false" sap:label="Edit Indicator" sap:creatable="false" sap:updatable="false" sap:sortable="false" sap:filterable="false"/>
                <Property Name="Progdocid" Type="Edm.String" Nullable="false" MaxLength="16" sap:unicode="false" sap:label="Programme Doc ID" sap:updatable="false"/>
                <Property Name="TotAuth" Type="Edm.Decimal" Precision="17" Scale="2" sap:unicode="false" sap:label="Total Auth Amount" sap:creatable="false" sap:updatable="false" sap:sortable="false" sap:filterable="false"/>
                <Property Name="TotBal" Type="Edm.Decimal" Precision="17" Scale="2" sap:unicode="false" sap:label="Total Bal Amount" sap:creatable="false" sap:updatable="false" sap:sortable="false" sap:filterable="false"/>
                <Property Name="RepOffDesc" Type="Edm.String" Nullable="false" sap:unicode="false" sap:creatable="false" sap:updatable="false" sap:sortable="false" sap:filterable="false"/>
                <Property Name="CurDesc" Type="Edm.String" Nullable="false" sap:unicode="false" sap:creatable="false" sap:updatable="false" sap:sortable="false" sap:filterable="false"/>
                <Property Name="DocType" Type="Edm.String" Nullable="false" sap:unicode="false" sap:creatable="false" sap:updatable="false" sap:sortable="false" sap:filterable="false"/>
                <Property Name="DocDate" Type="Edm.String" Nullable="false" sap:unicode="false" sap:creatable="false" sap:updatable="false" sap:sortable="false" sap:filterable="false"/>
                <Property Name="PostDate" Type="Edm.String" Nullable="false" sap:unicode="false" sap:creatable="false" sap:updatable="false" sap:sortable="false" sap:filterable="false"/>
                <Property Name="Belnr" Type="Edm.String" Nullable="false" sap:unicode="false" sap:creatable="false" sap:updatable="false" sap:sortable="false" sap:filterable="false"/>
                <Property Name="Dflag" Type="Edm.String" Nullable="false" sap:unicode="false" sap:creatable="false" sap:updatable="false" sap:sortable="false" sap:filterable="false"/>
                <Property Name="Sflag" Type="Edm.String" Nullable="false" sap:unicode="false" sap:creatable="false" sap:updatable="false" sap:sortable="false" sap:filterable="false"/>
                <Property Name="DeletFlag" Type="Edm.String" Nullable="false" sap:unicode="false" sap:creatable="false" sap:updatable="false" sap:sortable="false" sap:filterable="false"/>
                <Property Name="loginUser" Type="Edm.String" Nullable="false" sap:unicode="false" sap:creatable="false" sap:updatable="false" sap:sortable="false" sap:filterable="false"/>
                <Property Name="RespEmail" Type="Edm.String" Nullable="false" sap:unicode="false" sap:creatable="false" sap:updatable="false" sap:sortable="false" sap:filterable="false"/>
                <Property Name="AssEmail" Type="Edm.String" Nullable="false" sap:unicode="false" sap:creatable="false" sap:updatable="false" sap:sortable="false" sap:filterable="false"/>
                <Property Name="NotesFlag" Type="Edm.String" Nullable="false" sap:unicode="false" sap:creatable="false" sap:updatable="false" sap:sortable="false" sap:filterable="false"/>
                <NavigationProperty Name="ACT_TABSet" Relationship="ZHACT_PROGDOC_SRV.Header_ActTab" FromRole="FromRole_Header_ActTab" ToRole="ToRole_Header_ActTab"/>
                <NavigationProperty Name="FUNDINGSet" Relationship="ZHACT_PROGDOC_SRV.HeadFund" FromRole="FromRole_HeadFund" ToRole="ToRole_HeadFund"/>
            </EntityType>
            <EntityType Name="ACT_TAB" sap:content-version="1">
                <Key>
                    <PropertyRef Name="NodeID"/>
                    <PropertyRef Name="Gsber"/>
                </Key>
                <Property Name="NodeID" Type="Edm.Int32" Nullable="false" sap:unicode="false" sap:label="Node ID" sap:creatable="false" sap:updatable="false" sap:filterable="false"/>
                <Property Name="HierarchyLevel" Type="Edm.Int32" Nullable="false" sap:unicode="false" sap:label="Hierarchy Level" sap:creatable="false" sap:updatable="false" sap:filterable="false"/>
                <Property Name="ParentNodeID" Type="Edm.Int32" sap:unicode="false" sap:label="Parent Node ID" sap:creatable="false" sap:updatable="false" sap:filterable="false"/>
                <Property Name="DrillState" Type="Edm.String" Nullable="false" MaxLength="10" sap:unicode="false" sap:label="Drill State" sap:creatable="false" sap:updatable="false" sap:filterable="false"/>
                <Property Name="ProjOutact" Type="Edm.String" Nullable="false" MaxLength="250" sap:unicode="false" sap:label="Output / Activity" sap:creatable="false" sap:updatable="false" sap:filterable="false"/>
                <Property Name="ProjCode" Type="Edm.String" Nullable="false" MaxLength="250" sap:unicode="false" sap:label="Project Description" sap:creatable="false" sap:updatable="false" sap:filterable="false"/>
                <Property Name="EstStartDate" Type="Edm.String" Nullable="false" MaxLength="10" sap:unicode="false" sap:label="Estimate Start Date" sap:creatable="false" sap:updatable="false" sap:filterable="false"/>
                <Property Name="Target" Type="Edm.Int32" Nullable="false" sap:unicode="false" sap:label="Target" sap:creatable="false" sap:updatable="false" sap:filterable="false"/>
                <Property Name="Projid" Type="Edm.String" Nullable="false" MaxLength="16" sap:unicode="false" sap:label="Programme Doc. ID" sap:creatable="false" sap:updatable="false"/>
                <Property Name="Gsber" Type="Edm.String" Nullable="false" MaxLength="4" sap:unicode="false" sap:label="Business Area" sap:creatable="false" sap:updatable="false"/>
                <Property Name="Lifnr" Type="Edm.String" Nullable="false" MaxLength="10" sap:unicode="false" sap:label="Vendor" sap:creatable="false" sap:updatable="false"/>
                <Property Name="Progdocid" Type="Edm.String" Nullable="false" MaxLength="16" sap:unicode="false" sap:label="Programme Doc. ID" sap:creatable="false" sap:updatable="false"/>
                <Property Name="CashAmnt" Type="Edm.String" Nullable="false" MaxLength="30" sap:unicode="false" sap:label="UNICEF Cash Contribution (A)" sap:creatable="false" sap:updatable="false" sap:filterable="false"/>
                <Property Name="SuplyAmnt" Type="Edm.String" Nullable="false" MaxLength="30" sap:unicode="false" sap:label="UNICEF Supplies (B)" sap:creatable="false" sap:updatable="false" sap:filterable="false"/>
                <Property Name="ContAmnt" Type="Edm.String" Nullable="false" MaxLength="30" sap:unicode="false" sap:label="UNICEF Contribution ( C=A+B)" sap:creatable="false" sap:updatable="false" sap:filterable="false"/>
                <Property Name="CsoconAmnt" Type="Edm.String" Nullable="false" MaxLength="30" sap:unicode="false" sap:label="CSO Contribution (D)" sap:creatable="false" sap:updatable="false" sap:filterable="false"/>
                <Property Name="BalAmnt" Type="Edm.String" Nullable="false" MaxLength="30" sap:unicode="false" sap:label="Total Programme Budget ( E=D+C)" sap:creatable="false" sap:updatable="false" sap:filterable="false"/>
                <Property Name="AuthAmnt" Type="Edm.String" Nullable="false" MaxLength="30" sap:unicode="false" sap:label="Total Programme Budget ( E=D+C)" sap:creatable="false" sap:updatable="false" sap:filterable="false"/>
                <Property Name="EstEndDate" Type="Edm.String" Nullable="false" MaxLength="10" sap:unicode="false" sap:label="Estimate End Date" sap:creatable="false" sap:updatable="false" sap:filterable="false"/>
                <Property Name="Clasif" Type="Edm.String" Nullable="false" MaxLength="255" sap:unicode="false" sap:label="Classification" sap:creatable="false" sap:updatable="false" sap:filterable="false"/>
                <Property Name="EmerFlag" Type="Edm.Boolean" Nullable="false" sap:unicode="false" sap:label="Emergency Activity" sap:creatable="false" sap:updatable="false" sap:filterable="false"/>
                <Property Name="WbsLevel3" Type="Edm.String" Nullable="false" MaxLength="24" sap:unicode="false" sap:label="WBS Level 3" sap:creatable="false" sap:updatable="false" sap:filterable="false"/>
                <Property Name="RespUnicef" Type="Edm.String" Nullable="false" MaxLength="12" sap:unicode="false" sap:label="Responsible UNICEF Officer" sap:creatable="false" sap:updatable="false" sap:filterable="false"/>
                <Property Name="WbsLevel4" Type="Edm.String" Nullable="false" MaxLength="24" sap:unicode="false" sap:label="WBS Level 4" sap:creatable="false" sap:updatable="false" sap:filterable="false"/>
                <Property Name="Q1" Type="Edm.String" Nullable="false" MaxLength="1" sap:unicode="false" sap:label="Quarter 1" sap:creatable="false" sap:updatable="false" sap:filterable="false"/>
                <Property Name="Q2" Type="Edm.String" Nullable="false" MaxLength="1" sap:unicode="false" sap:label="Quarter 2" sap:creatable="false" sap:updatable="false" sap:filterable="false"/>
                <Property Name="Q3" Type="Edm.String" Nullable="false" MaxLength="1" sap:unicode="false" sap:label="Quarter 3" sap:creatable="false" sap:updatable="false" sap:filterable="false"/>
                <Property Name="Q4" Type="Edm.String" Nullable="false" MaxLength="1" sap:unicode="false" sap:label="Quarter 4" sap:creatable="false" sap:updatable="false" sap:filterable="false"/>
                <Property Name="IND" Type="Edm.String" Nullable="false" MaxLength="1" sap:unicode="false" sap:label="Update Indicator" sap:creatable="false" sap:updatable="false" sap:filterable="false"/>
                <Property Name="Curr" Type="Edm.String" Nullable="false" sap:unicode="false" sap:creatable="false" sap:updatable="false" sap:sortable="false" sap:filterable="false"/>
                <Property Name="Status" Type="Edm.String" Nullable="false" sap:unicode="false" sap:creatable="false" sap:updatable="false" sap:sortable="false" sap:filterable="false"/>
                <Property Name="ActItem" Type="Edm.String" Nullable="false" sap:unicode="false" sap:creatable="false" sap:updatable="false" sap:sortable="false" sap:filterable="false"/>
                <Property Name="ActDes" Type="Edm.String" Nullable="false" sap:unicode="false" sap:creatable="false" sap:updatable="false" sap:sortable="false" sap:filterable="false"/>
                <Property Name="WbsDes" Type="Edm.String" Nullable="false" sap:unicode="false" sap:creatable="false" sap:updatable="false" sap:sortable="false" sap:filterable="false"/>
                <Property Name="CurDes" Type="Edm.String" Nullable="false" sap:unicode="false" sap:creatable="false" sap:updatable="false" sap:sortable="false" sap:filterable="false"/>
                <Property Name="RespUnicefName" Type="Edm.String" Nullable="false" sap:unicode="false" sap:creatable="false" sap:updatable="false" sap:sortable="false" sap:filterable="false"/>
                <Property Name="Amount" Type="Edm.String" Nullable="false" sap:unicode="false" sap:creatable="false" sap:updatable="false" sap:sortable="false" sap:filterable="false"/>
                <Property Name="AmountUSD" Type="Edm.String" Nullable="false" sap:unicode="false" sap:creatable="false" sap:updatable="false" sap:sortable="false" sap:filterable="false"/>
                <Property Name="Version" Type="Edm.String" Nullable="false" sap:unicode="false" sap:creatable="false" sap:updatable="false" sap:sortable="false" sap:filterable="false"/>
                <Property Name="TransType" Type="Edm.String" Nullable="false" sap:unicode="false" sap:creatable="false" sap:updatable="false" sap:sortable="false" sap:filterable="false"/>
                <Property Name="Sflag" Type="Edm.String" Nullable="false" sap:unicode="false" sap:creatable="false" sap:updatable="false" sap:sortable="false" sap:filterable="false"/>
                <Property Name="Mode" Type="Edm.String" Nullable="false" sap:unicode="false" sap:creatable="false" sap:updatable="false" sap:sortable="false" sap:filterable="false"/>
                <Property Name="Type" Type="Edm.String" Nullable="false" sap:unicode="false" sap:creatable="false" sap:updatable="false" sap:sortable="false" sap:filterable="false"/>
                <Property Name="TraA" Type="Edm.String" Nullable="false" sap:unicode="false" sap:creatable="false" sap:updatable="false" sap:sortable="false" sap:filterable="false"/>
                <Property Name="TraB" Type="Edm.String" Nullable="false" sap:unicode="false" sap:creatable="false" sap:updatable="false" sap:sortable="false" sap:filterable="false"/>
                <Property Name="TraC" Type="Edm.String" Nullable="false" sap:unicode="false" sap:creatable="false" sap:updatable="false" sap:sortable="false" sap:filterable="false"/>
                <Property Name="ActD" Type="Edm.String" Nullable="false" sap:unicode="false" sap:creatable="false" sap:updatable="false" sap:sortable="false" sap:filterable="false"/>
                <Property Name="AmtConsume" Type="Edm.String" Nullable="false" sap:unicode="false" sap:creatable="false" sap:updatable="false" sap:sortable="false" sap:filterable="false"/>
                <Property Name="Balance" Type="Edm.String" Nullable="false" sap:unicode="false" sap:creatable="false" sap:updatable="false" sap:sortable="false" sap:filterable="false"/>
                <Property Name="CreatedOn" Type="Edm.String" Nullable="false" sap:unicode="false" sap:creatable="false" sap:updatable="false" sap:sortable="false" sap:filterable="false"/>
                <Property Name="CreatedBy" Type="Edm.String" Nullable="false" sap:unicode="false" sap:creatable="false" sap:updatable="false" sap:sortable="false" sap:filterable="false"/>
                <Property Name="Columnd" Type="Edm.String" Nullable="false" sap:unicode="false" sap:creatable="false" sap:updatable="false" sap:sortable="false" sap:filterable="false"/>
                <Property Name="Actsavamt" Type="Edm.String" Nullable="false" sap:unicode="false" sap:creatable="false" sap:updatable="false" sap:sortable="false" sap:filterable="false"/>
                <Property Name="Actclsamt" Type="Edm.String" Nullable="false" sap:unicode="false" sap:creatable="false" sap:updatable="false" sap:sortable="false" sap:filterable="false"/>
                <Property Name="TraD" Type="Edm.String" Nullable="false" sap:unicode="false" sap:creatable="false" sap:updatable="false" sap:sortable="false" sap:filterable="false"/>
                <Property Name="StatusManage" Type="Edm.String" Nullable="false" sap:unicode="false" sap:creatable="false" sap:updatable="false" sap:sortable="false" sap:filterable="false"/>
            </EntityType>
            <EntityType Name="FACE_TABLE" sap:content-version="1">
                <Key>
                    <PropertyRef Name="Gsber"/>
                    <PropertyRef Name="Lifnr"/>
                    <PropertyRef Name="Progdocid"/>
                </Key>
                <Property Name="Gsber" Type="Edm.String" Nullable="false" MaxLength="4" sap:unicode="false" sap:label="Business Area" sap:creatable="false" sap:updatable="false"/>
                <Property Name="Lifnr" Type="Edm.String" Nullable="false" MaxLength="10" sap:unicode="false" sap:label="Vendor" sap:creatable="false" sap:updatable="false"/>
                <Property Name="Progdocid" Type="Edm.String" Nullable="false" MaxLength="16" sap:unicode="false" sap:label="Programme Doc. No" sap:creatable="false" sap:updatable="false"/>
                <Property Name="Projid" Type="Edm.String" Nullable="false" MaxLength="16" sap:unicode="false" sap:label="Project ID" sap:creatable="false" sap:updatable="false"/>
                <Property Name="FaceSno" Type="Edm.String" Nullable="false" MaxLength="6" sap:unicode="false" sap:label="Face No" sap:creatable="false" sap:updatable="false"/>
                <Property Name="Actid" Type="Edm.String" Nullable="false" MaxLength="16" sap:unicode="false" sap:label="Activity ID" sap:creatable="false" sap:updatable="false"/>
                <Property Name="Description" Type="Edm.String" Nullable="false" MaxLength="50" sap:unicode="false" sap:label="Description" sap:creatable="false" sap:updatable="false"/>
                <Property Name="RefNo" Type="Edm.String" Nullable="false" MaxLength="50" sap:unicode="false" sap:label="FACE Reference No" sap:creatable="false" sap:updatable="false"/>
                <Property Name="Type" Type="Edm.String" Nullable="false" MaxLength="6" sap:unicode="false" sap:label="Document Type" sap:creatable="false" sap:updatable="false"/>
                <Property Name="Waers" Type="Edm.String" Nullable="false" MaxLength="5" sap:unicode="false" sap:label="Currency" sap:creatable="false" sap:updatable="false"/>
                <Property Name="AuthAmt" Type="Edm.Decimal" Nullable="false" Precision="17" Scale="2" sap:unicode="false" sap:label="Authorized Amount" sap:creatable="false" sap:updatable="false" sap:sortable="false" sap:filterable="false"/>
                <Property Name="Balance" Type="Edm.Decimal" Nullable="false" Precision="17" Scale="2" sap:unicode="false" sap:label="Balance" sap:creatable="false" sap:updatable="false" sap:sortable="false" sap:filterable="false"/>
                <Property Name="TypeText" Type="Edm.String" Nullable="false" MaxLength="60" sap:unicode="false" sap:label="Document Type" sap:creatable="false" sap:updatable="false" sap:sortable="false" sap:filterable="false"/>
            </EntityType>
            <EntityType Name="FIN_TAB" sap:content-version="1">
                <Key>
                    <PropertyRef Name="NodeID"/>
                    <PropertyRef Name="HierarchyLevel"/>
                    <PropertyRef Name="Projid"/>
                </Key>
                <Property Name="NodeID" Type="Edm.Int32" Nullable="false" sap:unicode="false" sap:label="Node ID" sap:creatable="false" sap:updatable="false" sap:filterable="false"/>
                <Property Name="HierarchyLevel" Type="Edm.Int32" Nullable="false" sap:unicode="false" sap:label="Hierarchy Level" sap:creatable="false" sap:updatable="false" sap:filterable="false"/>
                <Property Name="ParentNodeID" Type="Edm.Int32" sap:unicode="false" sap:label="Parent Node ID" sap:creatable="false" sap:updatable="false" sap:filterable="false"/>
                <Property Name="DrillState" Type="Edm.String" Nullable="false" MaxLength="10" sap:unicode="false" sap:label="Drill State" sap:creatable="false" sap:updatable="false" sap:filterable="false"/>
                <Property Name="ProjOutact" Type="Edm.String" Nullable="false" MaxLength="50" sap:unicode="false" sap:label="Output / Activity"/>
                <Property Name="ProjCode" Type="Edm.String" Nullable="false" MaxLength="250" sap:unicode="false" sap:label="Project Description"/>
                <Property Name="EstStartDate" Type="Edm.String" Nullable="false" MaxLength="10" sap:unicode="false" sap:label="Estimate Start Date"/>
                <Property Name="Target" Type="Edm.Int32" Nullable="false" sap:unicode="false" sap:label="Target"/>
                <Property Name="Projid" Type="Edm.String" Nullable="false" MaxLength="16" sap:unicode="false" sap:label="Programme Doc. ID"/>
                <Property Name="CashAmnt" Type="Edm.String" Nullable="false" MaxLength="30" sap:unicode="false" sap:label="UNICEF Cash Contribution (A)" sap:creatable="false"/>
                <Property Name="SuplyAmnt" Type="Edm.String" Nullable="false" MaxLength="30" sap:unicode="false" sap:label="UNICEF Supplies (B)" sap:creatable="false"/>
                <Property Name="ContAmnt" Type="Edm.String" Nullable="false" MaxLength="30" sap:unicode="false" sap:label="UNICEF Contribution ( C=A+B)" sap:creatable="false"/>
                <Property Name="CsoconAmnt" Type="Edm.String" Nullable="false" MaxLength="30" sap:unicode="false" sap:label="CSO Contribution (D)" sap:creatable="false"/>
                <Property Name="BalAmnt" Type="Edm.String" Nullable="false" MaxLength="30" sap:unicode="false" sap:label="Total Programme Budget ( E=D+C)"/>
                <Property Name="AuthAmnt" Type="Edm.String" Nullable="false" MaxLength="30" sap:unicode="false" sap:label="Total Programme Budget ( E=D+C)"/>
            </EntityType>
            <EntityType Name="FUNDING" sap:content-version="1">
                <Key>
                    <PropertyRef Name="Gsber"/>
                    <PropertyRef Name="Lifnr"/>
                    <PropertyRef Name="Projid"/>
                    <PropertyRef Name="Progdocid"/>
                </Key>
                <Property Name="Sno" Type="Edm.String" Nullable="false" MaxLength="16" sap:unicode="false" sap:label="Request No" sap:creatable="false" sap:updatable="false" sap:sortable="false" sap:filterable="false"/>
                <Property Name="Item" Type="Edm.String" Nullable="false" MaxLength="6" sap:unicode="false" sap:label="Request Item" sap:creatable="false" sap:updatable="false" sap:sortable="false" sap:filterable="false"/>
                <Property Name="SubItem" Type="Edm.String" Nullable="false" MaxLength="6" sap:unicode="false" sap:label="Sub Item" sap:creatable="false" sap:updatable="false" sap:sortable="false" sap:filterable="false"/>
                <Property Name="DctSource" Type="Edm.String" Nullable="false" MaxLength="4" sap:unicode="false" sap:label="DCT Source" sap:creatable="false" sap:updatable="false" sap:sortable="false" sap:filterable="false"/>
                <Property Name="Gsber" Type="Edm.String" Nullable="false" MaxLength="4" sap:unicode="false" sap:label="Business Area" sap:creatable="false" sap:updatable="false" sap:sortable="false" sap:filterable="false"/>
                <Property Name="FaceSno" Type="Edm.String" Nullable="false" MaxLength="6" sap:unicode="false" sap:label="Face No" sap:creatable="false" sap:updatable="false" sap:sortable="false" sap:filterable="false"/>
                <Property Name="Lifnr" Type="Edm.String" Nullable="false" MaxLength="10" sap:unicode="false" sap:label="Vendor" sap:creatable="false" sap:updatable="false" sap:sortable="false" sap:filterable="false"/>
                <Property Name="Projid" Type="Edm.String" Nullable="false" MaxLength="16" sap:unicode="false" sap:label="Project ID IP" sap:creatable="false" sap:updatable="false" sap:sortable="false" sap:filterable="false"/>
                <Property Name="Progdocid" Type="Edm.String" Nullable="false" MaxLength="16" sap:unicode="false" sap:label="Programme Doc. ID" sap:creatable="false" sap:updatable="false" sap:sortable="false" sap:filterable="false"/>
                <Property Name="Activity" Type="Edm.String" Nullable="false" MaxLength="24" sap:unicode="false" sap:label="WBS - Activity" sap:creatable="false" sap:updatable="false" sap:sortable="false" sap:filterable="false"/>
                <Property Name="Post1" Type="Edm.String" Nullable="false" MaxLength="40" sap:unicode="false" sap:label="Description" sap:creatable="false" sap:updatable="false" sap:sortable="false" sap:filterable="false"/>
                <Property Name="Belnr" Type="Edm.String" Nullable="false" MaxLength="10" sap:unicode="false" sap:label="Earmarked Funds" sap:creatable="false" sap:updatable="false" sap:sortable="false" sap:filterable="false"/>
                <Property Name="Blpos" Type="Edm.String" Nullable="false" MaxLength="3" sap:unicode="false" sap:label="Document item" sap:creatable="false" sap:updatable="false" sap:sortable="false" sap:filterable="false"/>
                <Property Name="AuthAmt" Type="Edm.Decimal" Nullable="false" Precision="17" Scale="2" sap:unicode="false" sap:label="Authorized Amount" sap:creatable="false" sap:updatable="false" sap:sortable="false" sap:filterable="false"/>
                <Property Name="AuthAmtUsd" Type="Edm.Decimal" Nullable="false" Precision="17" Scale="2" sap:unicode="false" sap:label="Authorized Amt (USD)" sap:creatable="false" sap:updatable="false" sap:sortable="false" sap:filterable="false"/>
                <Property Name="Fund" Type="Edm.String" Nullable="false" MaxLength="10" sap:unicode="false" sap:label="Fund" sap:creatable="false" sap:updatable="false" sap:sortable="false" sap:filterable="false"/>
                <Property Name="Saknr" Type="Edm.String" Nullable="false" MaxLength="10" sap:unicode="false" sap:label="G/L Account" sap:creatable="false" sap:updatable="false" sap:sortable="false" sap:filterable="false"/>
                <Property Name="GrantNbr" Type="Edm.String" Nullable="false" MaxLength="20" sap:unicode="false" sap:label="Grant" sap:creatable="false" sap:updatable="false" sap:sortable="false" sap:filterable="false"/>
                <Property Name="Fistl" Type="Edm.String" Nullable="false" MaxLength="16" sap:unicode="false" sap:label="Funds center" sap:creatable="false" sap:updatable="false" sap:sortable="false" sap:filterable="false"/>
                <Property Name="Zfkber" Type="Edm.String" Nullable="false" MaxLength="4" sap:unicode="false" sap:label="FC Func Area" sap:creatable="false" sap:updatable="false" sap:sortable="false" sap:filterable="false"/>
                <Property Name="DelegFund" Type="Edm.String" Nullable="false" MaxLength="1" sap:unicode="false" sap:label="Delegated" sap:creatable="false" sap:updatable="false" sap:sortable="false" sap:filterable="false"/>
                <Property Name="BelnrFr" Type="Edm.String" Nullable="false" MaxLength="10" sap:unicode="false" sap:label="Earmarked Funds" sap:creatable="false" sap:updatable="false" sap:sortable="false" sap:filterable="false"/>
                <Property Name="BlposFr" Type="Edm.String" Nullable="false" MaxLength="3" sap:unicode="false" sap:label="Document item" sap:creatable="false" sap:updatable="false" sap:sortable="false" sap:filterable="false"/>
                <Property Name="RespActivity" Type="Edm.String" Nullable="false" MaxLength="24" sap:unicode="false" sap:label="WBS element" sap:creatable="false" sap:updatable="false" sap:sortable="false" sap:filterable="false"/>
                <Property Name="RespFistl" Type="Edm.String" Nullable="false" MaxLength="16" sap:unicode="false" sap:label="Funds center" sap:creatable="false" sap:updatable="false" sap:sortable="false" sap:filterable="false"/>
                <Property Name="ValidTo" Type="Edm.String" Nullable="false" MaxLength="10" sap:unicode="false" sap:label="Grant Valid Date" sap:creatable="false" sap:updatable="false" sap:sortable="false" sap:filterable="false"/>
                <Property Name="Sponsor" Type="Edm.String" Nullable="false" MaxLength="10" sap:unicode="false" sap:label="Sponsor" sap:creatable="false" sap:updatable="false" sap:sortable="false" sap:filterable="false"/>
                <Property Name="SponsorDesc" Type="Edm.String" Nullable="false" MaxLength="120" sap:unicode="false" sap:label="Sponsor Description" sap:creatable="false" sap:updatable="false" sap:sortable="false" sap:filterable="false"/>
                <Property Name="Waers" Type="Edm.String" Nullable="false" MaxLength="5" sap:unicode="false" sap:label="Currency" sap:creatable="false" sap:updatable="false" sap:sortable="false" sap:filterable="false"/>
                <Property Name="DocType" Type="Edm.String" Nullable="false" sap:unicode="false" sap:creatable="false" sap:updatable="false" sap:sortable="false" sap:filterable="false"/>
                <Property Name="Ddate" Type="Edm.String" Nullable="false" sap:unicode="false" sap:creatable="false" sap:updatable="false" sap:sortable="false" sap:filterable="false"/>
                <Property Name="Pdate" Type="Edm.String" Nullable="false" sap:unicode="false" sap:creatable="false" sap:updatable="false" sap:sortable="false" sap:filterable="false"/>
                <Property Name="Etools" Type="Edm.String" Nullable="false" sap:unicode="false" sap:creatable="false" sap:updatable="false" sap:sortable="false" sap:filterable="false"/>
                <Property Name="DocTxt" Type="Edm.String" Nullable="false" sap:unicode="false" sap:creatable="false" sap:updatable="false" sap:sortable="false" sap:filterable="false"/>
                <Property Name="OveralAmnt" Type="Edm.String" Nullable="false" sap:unicode="false" sap:creatable="false" sap:updatable="false" sap:sortable="false" sap:filterable="false"/>
                <Property Name="ItemText" Type="Edm.String" Nullable="false" sap:unicode="false" sap:creatable="false" sap:updatable="false" sap:sortable="false" sap:filterable="false"/>
                <Property Name="DueOn" Type="Edm.String" Nullable="false" sap:unicode="false" sap:creatable="false" sap:updatable="false" sap:sortable="false" sap:filterable="false"/>
                <Property Name="Status" Type="Edm.String" Nullable="false" sap:unicode="false" sap:creatable="false" sap:updatable="false" sap:sortable="false" sap:filterable="false"/>
                <Property Name="Mode" Type="Edm.String" Nullable="false" sap:unicode="false" sap:creatable="false" sap:updatable="false" sap:sortable="false" sap:filterable="false"/>
                <Property Name="AmtUsd" Type="Edm.String" Nullable="false" sap:unicode="false" sap:creatable="false" sap:updatable="false" sap:sortable="false" sap:filterable="false"/>
                <Property Name="Unutilzed" Type="Edm.String" Nullable="false" sap:unicode="false" sap:creatable="false" sap:updatable="false" sap:sortable="false" sap:filterable="false"/>
                <Property Name="TransType" Type="Edm.String" Nullable="false" sap:unicode="false" sap:creatable="false" sap:updatable="false" sap:sortable="false" sap:filterable="false"/>
                <Property Name="TotAmdusd" Type="Edm.String" Nullable="false" sap:unicode="false" sap:creatable="false" sap:updatable="false" sap:sortable="false" sap:filterable="false"/>
                <Property Name="ChangAmt" Type="Edm.String" Nullable="false" sap:unicode="false" sap:creatable="false" sap:updatable="false" sap:sortable="false" sap:filterable="false"/>
                <Property Name="OpenAnt" Type="Edm.String" Nullable="false" sap:unicode="false" sap:creatable="false" sap:updatable="false" sap:sortable="false" sap:filterable="false"/>
                <Property Name="OpenAmtUSD" Type="Edm.String" Nullable="false" sap:unicode="false" sap:creatable="false" sap:updatable="false" sap:sortable="false" sap:filterable="false"/>
                <Property Name="Donorname" Type="Edm.String" Nullable="false" sap:unicode="false" sap:creatable="false" sap:updatable="false" sap:sortable="false" sap:filterable="false"/>
                <Property Name="GrantExp" Type="Edm.String" Nullable="false" sap:unicode="false" sap:creatable="false" sap:updatable="false" sap:sortable="false" sap:filterable="false"/>
                <Property Name="StatusManage" Type="Edm.String" Nullable="false" sap:unicode="false" sap:creatable="false" sap:updatable="false" sap:sortable="false" sap:filterable="false"/>
                <NavigationProperty Name="HEADER_PRGSet" Relationship="ZHACT_PROGDOC_SRV.HeadFund" FromRole="ToRole_HeadFund" ToRole="FromRole_HeadFund"/>
            </EntityType>
            <EntityType Name="GSBER_F4" sap:content-version="1">
                <Key>
                    <PropertyRef Name="Gsber"/>
                </Key>
                <Property Name="Gsber" Type="Edm.String" Nullable="false" MaxLength="4" sap:unicode="false" sap:label="Business Area" sap:creatable="false" sap:updatable="false" sap:sortable="false" sap:filterable="false"/>
                <Property Name="Gtext" Type="Edm.String" Nullable="false" MaxLength="30" sap:unicode="false" sap:label="Business area" sap:creatable="false" sap:updatable="false" sap:sortable="false" sap:filterable="false"/>
            </EntityType>
            <EntityType Name="LIFNR_F4" sap:content-version="1">
                <Key>
                    <PropertyRef Name="Lifnr"/>
                </Key>
                <Property Name="Lifnr" Type="Edm.String" Nullable="false" MaxLength="10" sap:unicode="false" sap:label="Vendor" sap:creatable="false" sap:updatable="false" sap:sortable="false" sap:filterable="false"/>
                <Property Name="Sortl" Type="Edm.String" Nullable="false" MaxLength="10" sap:unicode="false" sap:label="Search term" sap:creatable="false" sap:updatable="false" sap:sortable="false" sap:filterable="false"/>
                <Property Name="Mcod1" Type="Edm.String" Nullable="false" MaxLength="25" sap:unicode="false" sap:label="Name" sap:creatable="false" sap:updatable="false" sap:sortable="false" sap:filterable="false"/>
                <Property Name="Mcod3" Type="Edm.String" Nullable="false" MaxLength="25" sap:unicode="false" sap:label="City" sap:creatable="false" sap:updatable="false" sap:sortable="false" sap:filterable="false"/>
                <Property Name="Begru" Type="Edm.String" Nullable="false" MaxLength="4" sap:unicode="false" sap:label="Authorization" sap:creatable="false" sap:updatable="false" sap:sortable="false" sap:filterable="false"/>
                <Property Name="Ktokk" Type="Edm.String" Nullable="false" MaxLength="4" sap:unicode="false" sap:label="Account group" sap:creatable="false" sap:updatable="false" sap:sortable="false" sap:filterable="false"/>
                <Property Name="Loevm" Type="Edm.Boolean" Nullable="false" sap:unicode="false" sap:label="Deletion flag" sap:creatable="false" sap:updatable="false" sap:sortable="false" sap:filterable="false"/>
            </EntityType>
            <EntityType Name="PROG_F4" sap:content-version="1">
                <Key>
                    <PropertyRef Name="Gsber"/>
                </Key>
                <Property Name="Gsber" Type="Edm.String" Nullable="false" MaxLength="4" sap:unicode="false" sap:label="Business Area" sap:creatable="false" sap:updatable="false" sap:sortable="false" sap:filterable="false"/>
                <Property Name="Lifnr" Type="Edm.String" Nullable="false" MaxLength="10" sap:unicode="false" sap:label="Vendor" sap:creatable="false" sap:updatable="false" sap:sortable="false" sap:filterable="false"/>
                <Property Name="Progdocid" Type="Edm.String" Nullable="false" MaxLength="16" sap:unicode="false" sap:label="Programme Doc. ID" sap:creatable="false" sap:updatable="false" sap:sortable="false" sap:filterable="false"/>
                <Property Name="Progdoc" Type="Edm.String" Nullable="false" MaxLength="50" sap:unicode="false" sap:label="Programme Doc. No" sap:creatable="false" sap:updatable="false" sap:sortable="false" sap:filterable="false"/>
                <Property Name="ProgTitle" Type="Edm.String" Nullable="false" MaxLength="50" sap:unicode="false" sap:label="Programme Title" sap:creatable="false" sap:updatable="false" sap:sortable="false" sap:filterable="false"/>
                <Property Name="Status" Type="Edm.String" Nullable="false" MaxLength="3" sap:unicode="false" sap:label="Status" sap:creatable="false" sap:updatable="false" sap:sortable="false" sap:filterable="false"/>
            </EntityType>
            <EntityType Name="ZPROJECTID_F4" sap:content-version="1">
                <Key>
                    <PropertyRef Name="Gsber"/>
                </Key>
                <Property Name="Gsber" Type="Edm.String" Nullable="false" MaxLength="4" sap:unicode="false" sap:label="Business Area" sap:creatable="false" sap:updatable="false" sap:sortable="false" sap:filterable="false"/>
                <Property Name="Lifnr" Type="Edm.String" Nullable="false" MaxLength="10" sap:unicode="false" sap:label="Vendor" sap:creatable="false" sap:updatable="false" sap:sortable="false" sap:filterable="false"/>
                <Property Name="Projid" Type="Edm.String" Nullable="false" MaxLength="16" sap:unicode="false" sap:label="Project ID" sap:creatable="false" sap:updatable="false" sap:sortable="false" sap:filterable="false"/>
                <Property Name="ProjCode" Type="Edm.String" Nullable="false" MaxLength="50" sap:unicode="false" sap:label="Project Title" sap:creatable="false" sap:updatable="false" sap:sortable="false" sap:filterable="false"/>
            </EntityType>
            <EntityType Name="Clsfic" sap:content-version="1">
                <Key>
                    <PropertyRef Name="key"/>
                </Key>
                <Property Name="key" Type="Edm.String" Nullable="false" sap:unicode="false" sap:creatable="false" sap:updatable="false" sap:sortable="false" sap:filterable="false"/>
                <Property Name="Workplan" Type="Edm.String" Nullable="false" sap:unicode="false" sap:creatable="false" sap:updatable="false" sap:sortable="false" sap:filterable="false"/>
                <Property Name="type" Type="Edm.String" Nullable="false" sap:unicode="false" sap:creatable="false" sap:updatable="false" sap:sortable="false" sap:filterable="false"/>
                <Property Name="Cp" Type="Edm.String" Nullable="false" sap:unicode="false" sap:creatable="false" sap:updatable="false" sap:sortable="false" sap:filterable="false"/>
                <Property Name="Outcome" Type="Edm.String" Nullable="false" sap:unicode="false" sap:creatable="false" sap:updatable="false" sap:sortable="false" sap:filterable="false"/>
                <Property Name="output" Type="Edm.String" Nullable="false" sap:unicode="false" sap:creatable="false" sap:updatable="false" sap:sortable="false" sap:filterable="false"/>
            </EntityType>
            <EntityType Name="Allocation" sap:content-version="1">
                <Key>
                    <PropertyRef Name="Gjhar"/>
                    <PropertyRef Name="Fund"/>
                    <PropertyRef Name="Measure"/>
                    <PropertyRef Name="Grant"/>
                </Key>
                <Property Name="Gjhar" Type="Edm.String" Nullable="false" sap:unicode="false" sap:creatable="false" sap:updatable="false" sap:sortable="false" sap:filterable="false"/>
                <Property Name="Fund" Type="Edm.String" Nullable="false" sap:unicode="false" sap:creatable="false" sap:updatable="false" sap:sortable="false" sap:filterable="false"/>
                <Property Name="Commit" Type="Edm.String" Nullable="false" sap:unicode="false" sap:creatable="false" sap:updatable="false" sap:sortable="false" sap:filterable="false"/>
                <Property Name="Fundcenter" Type="Edm.String" Nullable="false" sap:unicode="false" sap:creatable="false" sap:updatable="false" sap:sortable="false" sap:filterable="false"/>
                <Property Name="Measure" Type="Edm.String" Nullable="false" sap:unicode="false" sap:creatable="false" sap:updatable="false" sap:sortable="false" sap:filterable="false"/>
                <Property Name="Grant" Type="Edm.String" Nullable="false" sap:unicode="false" sap:creatable="false" sap:updatable="false" sap:sortable="false" sap:filterable="false"/>
                <Property Name="Output" Type="Edm.String" Nullable="false" sap:unicode="false" sap:creatable="false" sap:updatable="false" sap:sortable="false" sap:filterable="false"/>
                <Property Name="Validto" Type="Edm.String" Nullable="false" sap:unicode="false" sap:creatable="false" sap:updatable="false" sap:sortable="false" sap:filterable="false"/>
                <Property Name="Allocated" Type="Edm.String" Nullable="false" sap:unicode="false" sap:creatable="false" sap:updatable="false" sap:sortable="false" sap:filterable="false"/>
                <Property Name="Utilized" Type="Edm.String" Nullable="false" sap:unicode="false" sap:creatable="false" sap:updatable="false" sap:sortable="false" sap:filterable="false"/>
                <Property Name="Unutilized" Type="Edm.String" Nullable="false" sap:unicode="false" sap:creatable="false" sap:updatable="false" sap:sortable="false" sap:filterable="false"/>
            </EntityType>
            <EntityType Name="eXchangeRate" sap:content-version="1">
                <Key>
                    <PropertyRef Name="PostingDate"/>
                    <PropertyRef Name="Currency"/>
                    <PropertyRef Name="Flag"/>
                    <PropertyRef Name="ChangeAmt"/>
                </Key>
                <Property Name="ExchangeRate" Type="Edm.String" Nullable="false" sap:unicode="false" sap:creatable="false" sap:updatable="false" sap:sortable="false" sap:filterable="false"/>
                <Property Name="PostingDate" Type="Edm.String" Nullable="false" sap:unicode="false" sap:creatable="false" sap:updatable="false" sap:sortable="false" sap:filterable="false"/>
                <Property Name="Currency" Type="Edm.String" Nullable="false" sap:unicode="false" sap:creatable="false" sap:updatable="false" sap:sortable="false" sap:filterable="false"/>
                <Property Name="Validate_date" Type="Edm.String" Nullable="false" sap:unicode="false" sap:creatable="false" sap:updatable="false" sap:sortable="false" sap:filterable="false"/>
                <Property Name="Flag" Type="Edm.String" Nullable="false" sap:unicode="false" sap:creatable="false" sap:updatable="false" sap:sortable="false" sap:filterable="false"/>
                <Property Name="ChangUSD" Type="Edm.String" Nullable="false" sap:unicode="false" sap:creatable="false" sap:updatable="false" sap:sortable="false" sap:filterable="false"/>
                <Property Name="ChangeAmt" Type="Edm.String" Nullable="false" sap:unicode="false" sap:creatable="false" sap:updatable="false" sap:sortable="false" sap:filterable="false"/>
            </EntityType>
            <EntityType Name="HistoryData" sap:content-version="1">
                <Key>
                    <PropertyRef Name="ProgdocId"/>
                </Key>
                <Property Name="ProgdocId" Type="Edm.String" Nullable="false" sap:unicode="false" sap:creatable="false" sap:updatable="false" sap:sortable="false" sap:filterable="false"/>
                <Property Name="CreaedDate" Type="Edm.String" Nullable="false" sap:unicode="false" sap:creatable="false" sap:updatable="false" sap:sortable="false" sap:filterable="false"/>
                <Property Name="CreatedName" Type="Edm.String" Nullable="false" sap:unicode="false" sap:creatable="false" sap:updatable="false" sap:sortable="false" sap:filterable="false"/>
                <Property Name="PostingDate" Type="Edm.String" Nullable="false" sap:unicode="false" sap:creatable="false" sap:updatable="false" sap:sortable="false" sap:filterable="false"/>
                <Property Name="TransType" Type="Edm.String" Nullable="false" sap:unicode="false" sap:creatable="false" sap:updatable="false" sap:sortable="false" sap:filterable="false"/>
                <Property Name="ActItem" Type="Edm.String" Nullable="false" sap:unicode="false" sap:creatable="false" sap:updatable="false" sap:sortable="false" sap:filterable="false"/>
                <Property Name="ActDesc" Type="Edm.String" Nullable="false" sap:unicode="false" sap:creatable="false" sap:updatable="false" sap:sortable="false" sap:filterable="false"/>
                <Property Name="OldValue" Type="Edm.String" Nullable="false" sap:unicode="false" sap:creatable="false" sap:updatable="false" sap:sortable="false" sap:filterable="false"/>
                <Property Name="NewValue" Type="Edm.String" Nullable="false" sap:unicode="false" sap:creatable="false" sap:updatable="false" sap:sortable="false" sap:filterable="false"/>
                <Property Name="Amount" Type="Edm.String" Nullable="false" sap:unicode="false" sap:creatable="false" sap:updatable="false" sap:sortable="false" sap:filterable="false"/>
                <Property Name="AmtUsd" Type="Edm.String" Nullable="false" sap:unicode="false" sap:creatable="false" sap:updatable="false" sap:sortable="false" sap:filterable="false"/>
                <Property Name="Gsber" Type="Edm.String" Nullable="false" sap:unicode="false" sap:creatable="false" sap:updatable="false" sap:sortable="false" sap:filterable="false"/>
                <Property Name="Lifnr" Type="Edm.String" Nullable="false" sap:unicode="false" sap:creatable="false" sap:updatable="false" sap:sortable="false" sap:filterable="false"/>
                <Property Name="Version" Type="Edm.String" Nullable="false" sap:unicode="false" sap:creatable="false" sap:updatable="false" sap:sortable="false" sap:filterable="false"/>
                <Property Name="CretTime" Type="Edm.String" Nullable="false" sap:unicode="false" sap:creatable="false" sap:updatable="false" sap:sortable="false" sap:filterable="false"/>
                <Property Name="Lastime" Type="Edm.String" Nullable="false" sap:unicode="false" sap:creatable="false" sap:updatable="false" sap:sortable="false" sap:filterable="false"/>
                <Property Name="Subject" Type="Edm.String" Nullable="false" sap:unicode="false" sap:creatable="false" sap:updatable="false" sap:sortable="false" sap:filterable="false"/>
                <Property Name="Comments" Type="Edm.String" Nullable="false" sap:unicode="false" sap:creatable="false" sap:updatable="false" sap:sortable="false" sap:filterable="false"/>
                <Property Name="Hflag" Type="Edm.String" Nullable="false" sap:unicode="false" sap:creatable="false" sap:updatable="false" sap:sortable="false" sap:filterable="false"/>
            </EntityType>
            <EntityType Name="Notes" sap:content-version="1">
                <Key>
                    <PropertyRef Name="Sno"/>
                    <PropertyRef Name="Version"/>
                </Key>
                <Property Name="Gsber" Type="Edm.String" Nullable="false" sap:unicode="false" sap:creatable="false" sap:updatable="false" sap:sortable="false" sap:filterable="false"/>
                <Property Name="Type" Type="Edm.String" Nullable="false" sap:unicode="false" sap:creatable="false" sap:updatable="false" sap:sortable="false" sap:filterable="false"/>
                <Property Name="Sno" Type="Edm.String" Nullable="false" sap:unicode="false" sap:creatable="false" sap:updatable="false" sap:sortable="false" sap:filterable="false"/>
                <Property Name="Item" Type="Edm.String" Nullable="false" sap:unicode="false" sap:creatable="false" sap:updatable="false" sap:sortable="false" sap:filterable="false"/>
                <Property Name="Subject" Type="Edm.String" Nullable="false" sap:unicode="false" sap:creatable="false" sap:updatable="false" sap:sortable="false" sap:filterable="false"/>
                <Property Name="Comment" Type="Edm.String" Nullable="false" sap:unicode="false" sap:creatable="false" sap:updatable="false" sap:sortable="false" sap:filterable="false"/>
                <Property Name="CretOn" Type="Edm.String" Nullable="false" sap:unicode="false" sap:creatable="false" sap:updatable="false" sap:sortable="false" sap:filterable="false"/>
                <Property Name="CretBy" Type="Edm.String" Nullable="false" sap:unicode="false" sap:creatable="false" sap:updatable="false" sap:sortable="false" sap:filterable="false"/>
                <Property Name="CreatAt" Type="Edm.String" Nullable="false" sap:unicode="false" sap:creatable="false" sap:updatable="false" sap:sortable="false" sap:filterable="false"/>
                <Property Name="DeletFlag" Type="Edm.String" Nullable="false" sap:unicode="false" sap:creatable="false" sap:updatable="false" sap:sortable="false" sap:filterable="false"/>
                <Property Name="Version" Type="Edm.String" Nullable="false" sap:unicode="false" sap:creatable="false" sap:updatable="false" sap:sortable="false" sap:filterable="false"/>
                <Property Name="Protect" Type="Edm.String" Nullable="false" sap:unicode="false" sap:creatable="false" sap:updatable="false" sap:sortable="false" sap:filterable="false"/>
            </EntityType>
            <EntityType Name="userDetails" sap:content-version="1">
                <Key>
                    <PropertyRef Name="UserName"/>
                </Key>
                <Property Name="UserName" Type="Edm.String" Nullable="false" sap:unicode="false" sap:creatable="false" sap:updatable="false" sap:sortable="false" sap:filterable="false"/>
                <Property Name="date" Type="Edm.String" Nullable="false" sap:unicode="false" sap:creatable="false" sap:updatable="false" sap:sortable="false" sap:filterable="false"/>
                <Property Name="Time" Type="Edm.String" Nullable="false" sap:unicode="false" sap:creatable="false" sap:updatable="false" sap:sortable="false" sap:filterable="false"/>
            </EntityType>
            <EntityType Name="Revaluation" sap:content-version="1">
                <Key>
                    <PropertyRef Name="Bukrs"/>
                </Key>
                <Property Name="Bukrs" Type="Edm.String" Nullable="false" sap:unicode="false" sap:creatable="false" sap:updatable="false" sap:sortable="false" sap:filterable="false"/>
                <Property Name="Waers" Type="Edm.String" Nullable="false" sap:unicode="false" sap:creatable="false" sap:updatable="false" sap:sortable="false" sap:filterable="false"/>
                <Property Name="Belnr" Type="Edm.String" Nullable="false" sap:unicode="false" sap:creatable="false" sap:updatable="false" sap:sortable="false" sap:filterable="false"/>
                <Property Name="Excdate" Type="Edm.String" Nullable="false" sap:unicode="false" sap:creatable="false" sap:updatable="false" sap:sortable="false" sap:filterable="false"/>
                <Property Name="Exchrate" Type="Edm.String" Nullable="false" sap:unicode="false" sap:creatable="false" sap:updatable="false" sap:sortable="false" sap:filterable="false"/>
                <Property Name="Hwaer" Type="Edm.String" Nullable="false" sap:unicode="false" sap:creatable="false" sap:updatable="false" sap:sortable="false" sap:filterable="false"/>
                <Property Name="Bltyp" Type="Edm.String" Nullable="false" sap:unicode="false" sap:creatable="false" sap:updatable="false" sap:sortable="false" sap:filterable="false"/>
                <Property Name="Blpos" Type="Edm.String" Nullable="false" sap:unicode="false" sap:creatable="false" sap:updatable="false" sap:sortable="false" sap:filterable="false"/>
                <Property Name="Dmbtr" Type="Edm.String" Nullable="false" sap:unicode="false" sap:creatable="false" sap:updatable="false" sap:sortable="false" sap:filterable="false"/>
                <Property Name="Dmbtrbac" Type="Edm.String" Nullable="false" sap:unicode="false" sap:creatable="false" sap:updatable="false" sap:sortable="false" sap:filterable="false"/>
                <Property Name="Dmbtrapp" Type="Edm.String" Nullable="false" sap:unicode="false" sap:creatable="false" sap:updatable="false" sap:sortable="false" sap:filterable="false"/>
                <Property Name="OpenOld" Type="Edm.String" Nullable="false" sap:unicode="false" sap:creatable="false" sap:updatable="false" sap:sortable="false" sap:filterable="false"/>
                <Property Name="OpenNew" Type="Edm.String" Nullable="false" sap:unicode="false" sap:creatable="false" sap:updatable="false" sap:sortable="false" sap:filterable="false"/>
                <Property Name="AppOld" Type="Edm.String" Nullable="false" sap:unicode="false" sap:creatable="false" sap:updatable="false" sap:sortable="false" sap:filterable="false"/>
                <Property Name="AppNew" Type="Edm.String" Nullable="false" sap:unicode="false" sap:creatable="false" sap:updatable="false" sap:sortable="false" sap:filterable="false"/>
                <Property Name="Kursu" Type="Edm.String" Nullable="false" sap:unicode="false" sap:creatable="false" sap:updatable="false" sap:sortable="false" sap:filterable="false"/>
                <Property Name="Deltahwabb" Type="Edm.String" Nullable="false" sap:unicode="false" sap:creatable="false" sap:updatable="false" sap:sortable="false" sap:filterable="false"/>
                <Property Name="Flag" Type="Edm.String" Nullable="false" sap:unicode="false" sap:creatable="false" sap:updatable="false" sap:sortable="false" sap:filterable="false"/>
                <Property Name="TotReValue" Type="Edm.String" Nullable="false" sap:unicode="false" sap:creatable="false" sap:updatable="false" sap:sortable="false" sap:filterable="false"/>
                <Property Name="Test" Type="Edm.String" Nullable="false" sap:unicode="false" sap:creatable="false" sap:updatable="false" sap:sortable="false" sap:filterable="false"/>
                <Property Name="Message" Type="Edm.String" Nullable="false" sap:unicode="false" sap:creatable="false" sap:updatable="false" sap:sortable="false" sap:filterable="false"/>
            </EntityType>
            <EntityType Name="progress_ind" sap:content-version="1">
                <Key>
                    <PropertyRef Name="MaxDays"/>
                </Key>
                <Property Name="Belnr" Type="Edm.String" Nullable="false" MaxLength="10" sap:unicode="false" sap:label="Earmarked Funds" sap:creatable="false" sap:updatable="false"/>
                <Property Name="Fdraft" Type="Edm.String" Nullable="false" MaxLength="5" sap:unicode="false" sap:label="R/2 table" sap:creatable="false" sap:updatable="false" sap:sortable="false" sap:filterable="false"/>
                <Property Name="Adraft" Type="Edm.String" Nullable="false" MaxLength="5" sap:unicode="false" sap:label="R/2 table" sap:creatable="false" sap:updatable="false" sap:sortable="false" sap:filterable="false"/>
                <Property Name="Utilizedfr" Type="Edm.Decimal" Nullable="false" Precision="16" Scale="3" sap:unicode="false" sap:label="Open amount" sap:creatable="false" sap:updatable="false" sap:sortable="false" sap:filterable="false"/>
                <Property Name="Gsber" Type="Edm.String" Nullable="false" MaxLength="4" sap:unicode="false" sap:label="Business Area" sap:creatable="false" sap:updatable="false"/>
                <Property Name="TotalFr" Type="Edm.Decimal" Nullable="false" Precision="16" Scale="3" sap:unicode="false" sap:label="Open amount" sap:creatable="false" sap:updatable="false" sap:sortable="false" sap:filterable="false"/>
                <Property Name="Progdocid" Type="Edm.String" Nullable="false" MaxLength="16" sap:unicode="false" sap:label="Programme ID" sap:creatable="false" sap:updatable="false"/>
                <Property Name="Waers" Type="Edm.String" Nullable="false" MaxLength="5" sap:unicode="false" sap:label="Currency" sap:creatable="false" sap:updatable="false" sap:sortable="false" sap:filterable="false" sap:semantics="currency-code"/>
                <Property Name="MaxDays" Type="Edm.String" Nullable="false" MaxLength="3" sap:unicode="false" sap:label="3-Byte field" sap:creatable="false" sap:updatable="false" sap:sortable="false" sap:filterable="false"/>
                <Property Name="TimePercentage" Type="Edm.String" Nullable="false" MaxLength="3" sap:unicode="false" sap:label="3-Byte field" sap:creatable="false" sap:updatable="false" sap:sortable="false" sap:filterable="false"/>
                <Property Name="TimeDisvalue" Type="Edm.String" Nullable="false" MaxLength="30" sap:unicode="false" sap:label="30 Characters" sap:creatable="false" sap:updatable="false" sap:sortable="false" sap:filterable="false"/>
                <Property Name="SpentPercentage" Type="Edm.String" Nullable="false" MaxLength="3" sap:unicode="false" sap:label="3-Byte field" sap:creatable="false" sap:updatable="false" sap:sortable="false" sap:filterable="false"/>
                <Property Name="SpentDisvalue" Type="Edm.String" Nullable="false" MaxLength="30" sap:unicode="false" sap:label="30 Characters" sap:creatable="false" sap:updatable="false" sap:sortable="false" sap:filterable="false"/>
                <Property Name="TextFr" Type="Edm.String" Nullable="false" MaxLength="30" sap:unicode="false" sap:label="30 Characters" sap:creatable="false" sap:updatable="false" sap:sortable="false" sap:filterable="false"/>
            </EntityType>
            <Association Name="PRGtoFACE" sap:content-version="1">
                <End Type="ZHACT_PROGDOC_SRV.HEADER_PRG" Multiplicity="1" Role="FromRole_PRGtoFACE"/>
                <End Type="ZHACT_PROGDOC_SRV.FACE_TABLE" Multiplicity="*" Role="ToRole_PRGtoFACE"/>
            </Association>
            <Association Name="HeadFund" sap:content-version="1">
                <End Type="ZHACT_PROGDOC_SRV.HEADER_PRG" Multiplicity="1" Role="FromRole_HeadFund"/>
                <End Type="ZHACT_PROGDOC_SRV.FUNDING" Multiplicity="*" Role="ToRole_HeadFund"/>
                <ReferentialConstraint>
                    <Principal Role="FromRole_HeadFund">
                        <PropertyRef Name="Gsber"/>
                    </Principal>
                    <Dependent Role="ToRole_HeadFund">
                        <PropertyRef Name="Gsber"/>
                    </Dependent>
                </ReferentialConstraint>
            </Association>
            <Association Name="Header_ActTab" sap:content-version="1">
                <End Type="ZHACT_PROGDOC_SRV.HEADER_PRG" Multiplicity="1" Role="FromRole_Header_ActTab"/>
                <End Type="ZHACT_PROGDOC_SRV.ACT_TAB" Multiplicity="*" Role="ToRole_Header_ActTab"/>
                <ReferentialConstraint>
                    <Principal Role="FromRole_Header_ActTab">
                        <PropertyRef Name="Gsber"/>
                    </Principal>
                    <Dependent Role="ToRole_Header_ActTab">
                        <PropertyRef Name="Gsber"/>
                    </Dependent>
                </ReferentialConstraint>
            </Association>
            <EntityContainer Name="ZHACT_PROGDOC_SRV_Entities" m:IsDefaultEntityContainer="true" sap:supported-formats="atom json xlsx">
                <EntitySet Name="HEADER_PRGSet" EntityType="ZHACT_PROGDOC_SRV.HEADER_PRG" sap:creatable="false" sap:updatable="false" sap:deletable="false" sap:searchable="true" sap:content-version="1"/>
                <EntitySet Name="ACT_TABSet" EntityType="ZHACT_PROGDOC_SRV.ACT_TAB" sap:creatable="false" sap:updatable="false" sap:deletable="false" sap:searchable="true" sap:content-version="1"/>
                <EntitySet Name="FACE_TABLESet" EntityType="ZHACT_PROGDOC_SRV.FACE_TABLE" sap:creatable="false" sap:updatable="false" sap:deletable="false" sap:searchable="true" sap:content-version="1"/>
                <EntitySet Name="FIN_TABSet" EntityType="ZHACT_PROGDOC_SRV.FIN_TAB" sap:creatable="false" sap:updatable="false" sap:deletable="false" sap:searchable="true" sap:content-version="1"/>
                <EntitySet Name="FUNDINGSet" EntityType="ZHACT_PROGDOC_SRV.FUNDING" sap:creatable="false" sap:updatable="false" sap:deletable="false" sap:searchable="true" sap:content-version="1"/>
                <EntitySet Name="GSBER_F4Set" EntityType="ZHACT_PROGDOC_SRV.GSBER_F4" sap:creatable="false" sap:updatable="false" sap:deletable="false" sap:pageable="false" sap:content-version="1"/>
                <EntitySet Name="LIFNR_F4Set" EntityType="ZHACT_PROGDOC_SRV.LIFNR_F4" sap:creatable="false" sap:updatable="false" sap:deletable="false" sap:pageable="false" sap:content-version="1"/>
                <EntitySet Name="PROG_F4Set" EntityType="ZHACT_PROGDOC_SRV.PROG_F4" sap:creatable="false" sap:updatable="false" sap:deletable="false" sap:pageable="false" sap:content-version="1"/>
                <EntitySet Name="ZPROJECTID_F4Set" EntityType="ZHACT_PROGDOC_SRV.ZPROJECTID_F4" sap:creatable="false" sap:updatable="false" sap:deletable="false" sap:pageable="false" sap:content-version="1"/>
                <EntitySet Name="ClsficSet" EntityType="ZHACT_PROGDOC_SRV.Clsfic" sap:creatable="false" sap:updatable="false" sap:deletable="false" sap:pageable="false" sap:addressable="false" sap:content-version="1"/>
                <EntitySet Name="AllocationSet" EntityType="ZHACT_PROGDOC_SRV.Allocation" sap:creatable="false" sap:updatable="false" sap:deletable="false" sap:pageable="false" sap:addressable="false" sap:content-version="1"/>
                <EntitySet Name="eXchangeRateSet" EntityType="ZHACT_PROGDOC_SRV.eXchangeRate" sap:creatable="false" sap:updatable="false" sap:deletable="false" sap:pageable="false" sap:addressable="false" sap:content-version="1"/>
                <EntitySet Name="HistoryDataSet" EntityType="ZHACT_PROGDOC_SRV.HistoryData" sap:creatable="false" sap:updatable="false" sap:deletable="false" sap:pageable="false" sap:addressable="false" sap:content-version="1"/>
                <EntitySet Name="NotesSet" EntityType="ZHACT_PROGDOC_SRV.Notes" sap:creatable="false" sap:updatable="false" sap:deletable="false" sap:pageable="false" sap:addressable="false" sap:content-version="1"/>
                <EntitySet Name="userDetailsSet" EntityType="ZHACT_PROGDOC_SRV.userDetails" sap:creatable="false" sap:updatable="false" sap:deletable="false" sap:pageable="false" sap:addressable="false" sap:content-version="1"/>
                <EntitySet Name="RevaluationSet" EntityType="ZHACT_PROGDOC_SRV.Revaluation" sap:creatable="false" sap:updatable="false" sap:deletable="false" sap:pageable="false" sap:addressable="false" sap:content-version="1"/>
                <EntitySet Name="progress_indSet" EntityType="ZHACT_PROGDOC_SRV.progress_ind" sap:creatable="false" sap:updatable="false" sap:deletable="false" sap:pageable="false" sap:content-version="1"/>
                <AssociationSet Name="Header_ActTabSet" Association="ZHACT_PROGDOC_SRV.Header_ActTab" sap:creatable="false" sap:updatable="false" sap:deletable="false" sap:content-version="1">
                    <End EntitySet="HEADER_PRGSet" Role="FromRole_Header_ActTab"/>
                    <End EntitySet="ACT_TABSet" Role="ToRole_Header_ActTab"/>
                </AssociationSet>
                <AssociationSet Name="PRGtoFACESet" Association="ZHACT_PROGDOC_SRV.PRGtoFACE" sap:creatable="false" sap:updatable="false" sap:deletable="false" sap:content-version="1">
                    <End EntitySet="HEADER_PRGSet" Role="FromRole_PRGtoFACE"/>
                    <End EntitySet="FACE_TABLESet" Role="ToRole_PRGtoFACE"/>
                </AssociationSet>
                <AssociationSet Name="HeadFundSet" Association="ZHACT_PROGDOC_SRV.HeadFund" sap:creatable="false" sap:updatable="false" sap:deletable="false" sap:content-version="1">
                    <End EntitySet="HEADER_PRGSet" Role="FromRole_HeadFund"/>
                    <End EntitySet="FUNDINGSet" Role="ToRole_HeadFund"/>
                </AssociationSet>
            </EntityContainer>
            <atom:link rel="self" href="http://usaagws800.unicef.org:8000/sap/opu/odata/sap/ZHACT_PROGDOC_SRV/$metadata"
                xmlns:atom="http://www.w3.org/2005/Atom"/>
                <atom:link rel="latest-version" href="http://usaagws800.unicef.org:8000/sap/opu/odata/sap/ZHACT_PROGDOC_SRV/$metadata"
                    xmlns:atom="http://www.w3.org/2005/Atom"/>
                </Schema>
            </edmx:DataServices>
        </edmx:Edmx>