{
  "routes": [
    {
      "path": "/resources",
      "target": {
        "type": "service",
        "name": "sapui5",
        "entryPath": "/resources",
        "version": "1.52.13"
      },
      "description": "SAPUI5 Resources"
    },
    {
      "path": "/test-resources",
      "target": {
        "type": "service",
        "name": "sapui5",
        "entryPath": "/test-resources",
        "version": "1.52.13"
      },
      "description": "SAPUI5 Test Resources"
    },
    {
      "path": "/resources",
      "target": {
        "type": "service",
        "name": "sapui5",
        "entryPath": "/resources",
        "version": "1.52.13"
      },
      "description": "SAPUI5 Resources"
    },
    {
      "path": "/test-resources",
      "target": {
        "type": "service",
        "name": "sapui5",
        "entryPath": "/test-resources",
        "version": "1.52.13"
      },
      "description": "SAPUI5 Test Resources"
    },
    {
      "path": "/sap/opu/odata",
      "target": {
        "type": "destination",
        "name": "DS4_110",
        "entryPath": "/sap/opu/odata"
      },
      "description": "DS4_110"
    },
    {
      "path": "/sap/bc/ui2",
      "target": {
        "type": "destination",
        "name": "DS4",
        "entryPath": "/sap/bc/ui2"
      },
      "description": "DS4"
    },
    {
      "path": "/sap/bc/ui5_ui5",
      "target": {
        "type": "destination",
        "name": "DS4_110",
        "entryPath": "/sap/bc/ui5_ui5"
      },
      "description": "DS4_110"
    }
  ],
  "welcomeFile": "/test/flpSandbox.html",
  "sendWelcomeFileRedirect": true
}