{
	"Objects": [{
			"SNo": "1",
			"ID": "100123",
			"Name": "afroz",
			"Designation": "Team Leader",
			"Experience": "10Years",
			"Location": "VisakhaPatnam",
			"inputVisible": false,
			"textVisible": true,
			"tabEditVis": true,
			"tabSaveVis": false,
			"tabCancelVis": false
		
		}, {
			"SNo": "2",
			"ID": "245632",
			"Name": "Shravan",
			"Designation": "Team Leader",
			"Experience": "4years",
			"Location": "VisakhaPatnam",
			"inputVisible": false,
			"textVisible": true,
			"tabEditVis": true,
			"tabSaveVis": false,
			"tabCancelVis": false
			
		},

		{
			"SNo": "3",
			"ID": "396325",
			"Name": "Mundra",
			"Designation": "Sr.Technical Consultant",
			"Experience": "2years",
			"Location": "VisakhaPatnam",
			"inputVisible": false,
			"textVisible": true,
			"tabEditVis": true,
			"tabSaveVis": false,
			"tabCancelVis": false
		
		}, {
			"SNo": "4",
			"ID": "496321",
			"Name": "Priyanka",
			"Designation": "Technical Consultant",
			"Experience": "5years",
			"Location": "Chennai",
			"inputVisible": false,
			"textVisible": true,
			"tabEditVis": true,
			"tabSaveVis": false,
			"tabCancelVis": false
		
		}, {
			"SNo": "5",
			"ID": "578321",
			"Name": "Vinod",
			"Designation": "Manager",
			"Experience": "5years",
			"Location": "Mumbai",
			"inputVisible": false,
			"textVisible": true,
			"tabEditVis": true,
			"tabSaveVis": false,
			"tabCancelVis": false,
			"tabDelVis": true
		}, {
			"SNo": "6",
			"ID": "652145",
			"Name": "Venkat",
			"Designation": "Sr.Technical Consultant",
			"Experience": "6years",
			"Location": "Hyderabad",
			"inputVisible": false,
			"textVisible": true,
			"tabEditVis": true,
			"tabSaveVis": false,
			"tabCancelVis": false
		
		}, {
			"SNo": "7",
			"ID": "736952",
			"Name": "Sathish",
			"Designation": "Developer Trainee",
			"Experience": "Fresher",
			"Location": "UAE",
			"inputVisible": false,
			"textVisible": true,
			"tabEditVis": true,
			"tabSaveVis": false,
			"tabCancelVis": false,
			"tabDelVis": true
		}, {
			"SNo": "8",
			"ID": "578956",
			"Name": "Ganesh",
			"Designation": "Technical Consultant",
			"Experience": "5years",
			"Location": "Mumbai",
			"inputVisible": false,
			"textVisible": true,
			"tabEditVis": true,
			"tabSaveVis": false,
			"tabCancelVis": false,
			"tabDelVis": true
		}, {
			"SNo": "9",
			"ID": "652145",
			"Name": "Dhanush",
			"Designation": "Sr.Technical Consultant",
			"Experience": "6years",
			"Location": "Hyderabad",
			"inputVisible": false,
			"textVisible": true,
			"tabEditVis": true,
			"tabSaveVis": false,
			"tabCancelVis": false,
			"tabDelVis": true
		}, {
			"SNo": "10",
			"ID": "736952",
			"Name": "Swathi",
			"Designation": "Developer Trainee",
			"Experience": "Fresher",
			"Location": "UAE",
			"inputVisible": false,
			"textVisible": true,
			"tabEditVis": true,
			"tabSaveVis": false,
			"tabCancelVis": false,
			"tabDelVis": true
		}, {
			"SNo": "11",
			"ID": "578956",
			"Name": "Yasasri",
			"Designation": "Technical Consultant",
			"Experience": "5years",
			"Location": "Mumbai",
			"inputVisible": false,
			"textVisible": true,
			"tabEditVis": true,
			"tabSaveVis": false,
			"tabCancelVis": false,
			"tabDelVis": true
		}, {
			"SNo": "12",
			"ID": "652145",
			"Name": "Mamatha",
			"Designation": "Sr.Technical Consultant",
			"Experience": "6years",
			"Location": "Hyderabad",
			"inputVisible": false,
			"textVisible": true,
			"tabEditVis": true,
			"tabSaveVis": false,
			"tabCancelVis": false,
			"tabDelVis": true
		}, {
			"SNo": "13",
			"ID": "736952",
			"Name": "Lawnya",
			"Designation": "Developer Trainee",
			"Experience": "Fresher",
			"Location": "UAE",
			"inputVisible": false,
			"textVisible": true,
			"tabEditVis": true,
			"tabSaveVis": false,
			"tabCancelVis": false,
			"tabDelVis": true
		}, {
			"SNo": "14",
			"ID": "578956",
			"Name": "Sreelekha",
			"Designation": "Technical Consultant",
			"Experience": "5years",
			"Location": "Mumbai",
			"inputVisible": false,
			"textVisible": true,
			"tabEditVis": true,
			"tabSaveVis": false,
			"tabCancelVis": false,
			"tabDelVis": true
		}, {
			"SNo": "15",
			"ID": "652145",
			"Name": "Srinivas",
			"Designation": "Sr.Technical Consultant",
			"Experience": "6years",
			"Location": "Hyderabad",
			"inputVisible": false,
			"textVisible": true,
			"tabEditVis": true,
			"tabSaveVis": false,
			"tabCancelVis": false,
			"tabDelVis": true
		}, {
			"SNo": "16",
			"ID": "736952",
			"Name": "Harish",
			"Designation": "Developer Trainee",
			"Experience": "Fresher",
			"Location": "UAE",
			"inputVisible": false,
			"textVisible": true,
			"tabEditVis": true,
			"tabSaveVis": false,
			"tabCancelVis": false,
			"tabDelVis": true
		}, {
			"SNo": "17",
			"ID": "578956",
			"Name": "Vinod",
			"Designation": "Technical Consultant",
			"Experience": "5years",
			"Location": "Mumbai",
			"inputVisible": false,
			"textVisible": true,
			"tabEditVis": true,
			"tabSaveVis": false,
			"tabCancelVis": false,
			"tabDelVis": true
		}, {
			"SNo": "18",
			"ID": "652145",
			"Name": "Sreenu",
			"Designation": "Sr.Technical Consultant",
			"Experience": "6years",
			"Location": "Hyderabad",
			"inputVisible": false,
			"textVisible": true,
			"tabEditVis": true,
			"tabSaveVis": false,
			"tabCancelVis": false,
			"tabDelVis": true
		}, {
			"SNo": "19",
			"ID": "736952",
			"Name": "Sunil",
			"Designation": "Developer Trainee",
			"Experience": "Fresher",
			"Location": "UAE",
			"inputVisible": false,
			"textVisible": true,
			"tabEditVis": true,
			"tabSaveVis": false,
			"tabCancelVis": false,
			"tabDelVis": true
		}, {
			"SNo": "20",
			"ID": "578956",
			"Name": "Vamsi",
			"Designation": "Technical Consultant",
			"Experience": "5years",
			"Location": "Mumbai",
			"inputVisible": false,
			"textVisible": true,
			"tabEditVis": true,
			"tabSaveVis": false,
			"tabCancelVis": false,
			"tabDelVis": true
		}, {
			"SNo": "21",
			"ID": "652145",
			"Name": "Mohit",
			"Designation": "Sr.Technical Consultant",
			"Experience": "6years",
			"Location": "Hyderabad",
			"inputVisible": false,
			"textVisible": true,
			"tabEditVis": true,
			"tabSaveVis": false,
			"tabCancelVis": false,
			"tabDelVis": true
		}, {
			"SNo": "22",
			"ID": "736952",
			"Name": "Zameer",
			"Designation": "Developer Trainee",
			"Experience": "Fresher",
			"Location": "UAE",
			"inputVisible": false,
			"textVisible": true,
			"tabEditVis": true,
			"tabSaveVis": false,
			"tabCancelVis": false,
			"tabDelVis": true
		}

	]
}