{
	"Products": [{
		"Prod_Id": "200001",
		"Prod_Name": "Iphone",
		"Prod_category": "mobile",
		"Prod_Brand": "Apple",
		"Prod_Price": "70000.00",
		"Prod_Curr": "INR"
	}, {
		"Prod_Id": "200002",
		"Prod_Name": "Ipad",
		"Prod_category": "tablet",
		"Prod_Brand": "Apple",
		"Prod_Price": "40000.00",
		"Prod_Curr": "INR"
	}, {
		"Prod_Id": "200003",
		"Prod_Name": "X2 PRO",
		"Prod_category": "mobile",
		"Prod_Brand": "REALME",
		"Prod_Price": "30000.00",
		"Prod_Curr": "INR"
	}, {
		"Prod_Id": "200004",
		"Prod_Name": "POCO F3",
		"Prod_category": "mobile",
		"Prod_Brand": "XIOAMI",
		"Prod_Price": "25000.00",
		"Prod_Curr": "INR"
	}, {
		"Prod_Id": "200005",
		"Prod_Name": "IQoo x3",
		"Prod_category": "mobile",
		"Prod_Brand": "VIVO",
		"Prod_Price": "35000.00",
		"Prod_Curr": "INR"
	}]
}