<core:FragmentDefinition xmlns:core="sap.ui.core" xmlns:f="sap.ui.layout.form" xmlns:l="sap.ui.layout" xmlns="sap.m">
	<Dialog afterClose="onCloseDialog" afterOpen="addDialogueAfterOpen" verticalScrolling="false" horizontalScrolling="false" design="Bold"
		title="{i18n>addDelivery}">
		<HBox>
			<Label class="sapUiSmallMarginBegin chepOrderNoMargin" design="Bold" required="true" text="{i18n>orNo}"/>
			<Input class="inputFontSize sapUiSmallMarginTop sapUiSmallMarginBegin" id="addDeliveryNo" liveChange="onAddDeliveryNoliveChange"
				type="Number" value="" width="13rem"/>
		</HBox>
		<HBox class="addDelButtons">
			<Button class="sapUiSmallMarginBegin addOrderBtn" press="onAddDeliveries" text="{i18n>addDelivery}" type="Accept" width="11rem"/>
			<Button id="unknownUA" press="onUnknownUApress" text="{i18n>donthaveOrderNum}" type="Emphasized" width="21rem"
				visible="{UAunknwnModel>/UnknownBtn}" class="sapUiSmallMarginBegin"/>
			<Button class=" sapUiSmallMarginEnd orderCancelBtn" press="onCancelDelv" text="{i18n>labelCancel}" type="Reject" width="13rem"/>
		</HBox>
	</Dialog>
</core:FragmentDefinition>