<core:FragmentDefinition xmlns:core="sap.ui.core" xmlns:l="sap.ui.layout" xmlns:mvc="sap.ui.core.mvc" xmlns="sap.m">
	<Dialog class="titleBold" stretch="true" horizontalScrolling="false" design="Bold" title="{i18n>unothrizedtitle}">
		<HBox class="tailerInfocanContButtons">
			<Button class="buttonTextBold" press="onsaveHaulierGlid" text="{i18n>hauliersubmit}" type="Accept" visible="true" width="15rem"/>
			<Text class="errtext" id="errorTextShow" text="{i18n>ErrorcomplteMsg}" visible="false"/>
			<Button class="btnMarginReject buttonTextBold" press="oncancelHaulierGlid" text="{i18n>labelCancel}" type="Reject" visible="true"
				width="15rem"/>
		</HBox>
		<ScrollContainer focusable="true" height="230px" vertical="true" width="100%" id="addDeliveryScroll">
			<Table items="{NewrowModel>/}">
				<columns>
					<Column minScreenWidth="Tablet" hAlign="Center" demandPopin="true" width="25px">
						<Text text="{i18n>lableGlid}"/>
					</Column>
					<Column minScreenWidth="Tablet" hAlign="Center" demandPopin="true" width="25px">
						<Text text="{i18n>lableNoGlid}"/>
					</Column>
					<Column minScreenWidth="Tablet" hAlign="Center" demandPopin="true" width="25px" visible="{= ${oPlantModel>/sPlant}=== 'EU' ?true:false}">
						<Text text="{i18n>LabelProductCode}"/>
					</Column>
					<Column minScreenWidth="Tablet" hAlign="Center" demandPopin="true" width="25px">
						<Text text="{i18n>lableQty}"/>
					</Column>
					<Column minScreenWidth="Tablet" hAlign="Center" demandPopin="true" width="10px">
						<Text text=""/>
					</Column>
					<Column minScreenWidth="Tablet" hAlign="Center" demandPopin="true" width="5px">
						<Text text=""/>
					</Column>
					<Column minScreenWidth="Tablet" hAlign="Center" demandPopin="true" width="5px">
						<Text text=""/>
					</Column>
				</columns>
				<items>
					<ColumnListItem>
						<cells>
							<Input showValueHelp="{= ${oPlantModel>/sPlant}=== 'US'?true:false}" visible="{NewrowModel>newGlid}" value="{NewrowModel>Lifnr}"
								valueHelpOnly="true" valueHelpRequest="HaulierDetailsHelp" enabled="{NewrowModel>GlidEditable}" liveChange="onCustLiveChange"></Input>
							<CheckBox selected="{NewrowModel>noGlid}" select="onNoGlidCheck" visible="{NewrowModel>newGlid}"/>
							<ComboBox items="{ path: 'ProductModel>/'}" selectionChange="OnProductValidate" value="{NewrowModel>productCode}"
								visible="{= ${oPlantModel>/sPlant}=== 'EU' ?true:false}" autoAdjustWidth="true">
								<core:Item key="{ProductModel>Prodcode}" text="{ProductModel>Prodcode}"/>
							</ComboBox>
							<!--<Input value="{NewrowModel>productCode}" liveChange="OnProductValidate" visible="{= ${oPlantModel>/sPlant}=== 'EU' ?true:false}"></Input>-->
							<Input type="Number" liveChange="QuantityVal" value="{NewrowModel>quantity}"/>
							<Button icon="sap-icon://add" press="onAddnewGlidDeatil" type="Accept"/>
							<Button icon="sap-icon://delete" type="Reject" press="onDeleteGLIDDeatil"/>
							<Button icon="sap-icon://delete" type="Reject" press="onDeleteGLIDDeatil" visible="false"/>
						</cells>
					</ColumnListItem>
				</items>
			</Table>
		</ScrollContainer>
		<HBox class="tailerInfocanContButtonsEU">
			<VBox>
				<Button class="btnMarginLeft buttonTextBold1" press="onAddAnotherCustmr" text="{i18n>labelAnotherGlid}" type="Emphasized"
					visible="{= ${oPlantModel>/sPlant}=== 'EU' ?true:false}" width="15rem"/>
			</VBox>
		</HBox>
	</Dialog>
</core:FragmentDefinition>