<core:FragmentDefinition xmlns:core="sap.ui.core" xmlns:f="sap.ui.layout.form" xmlns:l="sap.ui.layout" xmlns="sap.m">
	<Dialog afterClose="onAfterRemitoDialogClose" class="notaDetailsDialog" design="Bold" id="remitoDailogId" title="{i18n>addNota}">
		<ScrollContainer focusable="true" height="13rem" id="notaScrollId" vertical="true">
			<Table class="remitoTable" id="tableId" items="{RemitoNumDataModel>/results}">
				<columns>
					<Column hAlign="Center">
						<Label class="notaFontClass" text="{i18n>delNumbr}"/>
					</Column>
					<Column hAlign="Center">
						<Label class="notaFontClass" text="{i18n>remNum}"/>
					</Column>
				</columns>
				<items>
					<ColumnListItem>
						<cells>
							<Input class="inputFontSize" enabled="false" value="{RemitoNumDataModel>DOC_ID}"/>
							<Input class="inputFontSize" id="RemitoID" liveChange="RemitoNumLiveChange" type="Number" value="{RemitoNumDataModel>NFKEY}"/>
						</cells>
					</ColumnListItem>
				</items>
			</Table>
		</ScrollContainer>
		<Bar class="sapUiSmallMarginTop">
			<contentLeft>
				<Button class="sapUiMediumMarginEnd addOrderBtn" press="onSaveRemitoDetails" text="{i18n>remSave}" type="Accept" width="11rem"/>
			</contentLeft>
			<contentRight>
				<Button class="sapUiMediumMarginBegin orderCancelBtn" press="onCancelRemitoDetails" text="{i18n>labelCancel}" type="Reject" width="13rem"/>
			</contentRight>
		</Bar>
	</Dialog>
</core:FragmentDefinition>