<core:FragmentDefinition xmlns:core="sap.ui.core" xmlns:f="sap.ui.layout.form" xmlns:l="sap.ui.layout" xmlns="sap.m">
	<Dialog class="titleBold" stretch="true" horizontalScrolling="false"  verticalScrolling="false"  design="Bold"  title="{i18n>addContract}">
		<content>
		<HBox class="addhaulierInfo">
			<VBox class="primary">
				<Label class="sapUiTinyMarginBegin sapUiTinyMarginBottom haulierText" design="Bold" text="{i18n>primaryHaulierDetails}"/>
				<HBox>
					<VBox class="sapUiSmallMarginBegin">
						<Label class="haulierLabel " design="Bold" text="{i18n>haulierName}"/>
						<Label class="addressLabel" design="Bold" text="{i18n>address}"/>
						<Label class="vatcodeLabel" design="Bold" text="{i18n>vatCode}"/>
					</VBox>
					<VBox class="sapUiTinyMarginBegin">
						<Input class="contractinputFontSize" id="hauliername1" liveChange="onHaulier1Livechange" maxLength="35" value="{HaulierModel>/HaulierName}" width="15rem"/>
						<Input class="sapUiTinyMarginTop contractinputFontSize" id="address1" liveChange="onAddress1Livechange" maxLength="80" value=""
							width="15rem"/>
						<Input class="sapUiTinyMarginTop contractinputFontSize" id="vatcode1" liveChange="onVatCode1Livechange" maxLength="20" value=""
							width="15rem"/>
						<Button class="clearBtn sapUiTinyMarginTop" id="clearData1" press="onContractClear1" text="{i18n>clear}" type="Emphasized" width="15rem"/>
					</VBox>
				</HBox>
			</VBox>
			<VBox class="secondary" id="secondaryHaulierDetails">
				<Label class=" sapUiTinyMarginBottom haulierText" design="Bold" text="{i18n>secondaryHaulierDetails}"/>
				<HBox>
					<VBox>
						<Label class="haulierLabel" design="Bold" text="{i18n>haulierName}"/>
						<Label class="addressLabel" design="Bold" id="lblTarilerId" text="{i18n>address}"/>
						<Label class="vatcodeLabel" design="Bold" id="tarilerType" text="{i18n>vatCode}"/>
					</VBox>
					<VBox class="sapUiTinyMarginBegin">
						<Input class="contractinputFontSize" id="hauliername2" liveChange="onHaluier2LiveChange" maxLength="35" value="" width="15rem"/>
						<Input class="sapUiTinyMarginTop contractinputFontSize" id="address2" liveChange="onAddress2Livechange" maxLength="80" value=""
							width="15rem"/>
						<Input class="sapUiTinyMarginTop contractinputFontSize" id="vatcode2" liveChange="onVatCode2Livechange" maxLength="20" width="15rem"/>
						<Button class="addOrderBtn sapUiTinyMarginTop " id="clearData2" press="onContractClear2" text="{i18n>clear}" type="Emphasized" width="15rem"/>
					</VBox>
				</HBox>
			</VBox>
		</HBox>
		<HBox class="haulierSubmitCancel">
			<Button class="sapUiSmallMarginBegin addOrderBtn" press="onContractSubmit" text="{i18n>trailerSubmit}" type="Accept" width="13rem"/>
			<Button class="sapUiSmallMarginEnd orderCancelBtn" press="onContractCancel" text="{i18n>labelCancel}" type="Reject" width="13rem"/>
		</HBox>
		</content>
	</Dialog>
</core:FragmentDefinition>