<core:FragmentDefinition xmlns:core="sap.ui.core" xmlns:lay="sap.ui.layout" xmlns="sap.m">
	<Bar visible="{fragmentViewModel>/languageHeaderBar}">
		<contentMiddle>
			<Label design="Bold" text="{i18n&gt;LabelLanguage}" width="100%"/>
			<Image height="25px" press="flagImgPressBar" src="{defaultLangModel>/langImg}" width="50px"></Image>
			<Label design="Bold" text="{defaultLangModel>/langName}" width="100%"/>
		</contentMiddle>
		<contentRight>
			<Button class="sapUiMediumMarginEnd sapUiSizeCompact changeLangBtn" press="changeLangBtnPress" text="{i18n&gt;labelChangeLanguage}" type="Emphasized" ></Button>
		</contentRight>
	</Bar>
</core:FragmentDefinition>