<core:FragmentDefinition xmlns:core="sap.ui.core" xmlns:l="sap.ui.layout" xmlns="sap.m">
	<!--<Dialog  class="chgLangHeader languageSelection"  -->
	<!--	title="{i18n>slctLangaugeTitleDialog}">-->
	<Dialog class="chgLangHeader languageSelection"
		showHeader="false" title="">
		<customHeader>
		<Bar>
			<contentLeft></contentLeft>
			<contentMiddle>
				<Button text="{i18n>slctLangaugeTitleDialog}" press="onLangHeaderTextPress" class="langSelecClass"/>
			</contentMiddle>
			<contentRight>
			</contentRight>
		</Bar>
		</customHeader>
		<content>
			<l:Grid class="sapUiSmallMarginTop" content="{slctLanguageModel>/}" defaultSpan="L4 M3 S12" 
				visible="{fragmentViewModel>/gridVisible}">
				<l:content>
					<HBox>
						<RadioButton select="radioBtnSelect" selected="{= ${slctLanguageModel>defaultLang} === 'X' ? true : false }"/>
						<Image height="50px" press="flagImgPressDialog" src="{slctLanguageModel>FlagBitmap}" width="70px"></Image>
						<Text class="sapUiSmallMarginTop sapUiTinyMarginBegin textbold"  text="{slctLanguageModel>FlagLangName}"></Text>
					</HBox>
				</l:content>
			</l:Grid>
			<Label class="langSlctError" design="Bold" text="{i18n>configServiceCenter}" visible="{fragmentViewModel>/noRecordsInfoLabel}"></Label>
		   <core:Icon class="cacheClass sapUiSmallMarginTop sapUiSmallMarginBegin sapUiSmallMarginBottom" size="22px" src="sap-icon://user-settings" press="onCacheSettings" visible="{fragmentViewModel>/cacheButtonVis}" />
		   	<!--<Button icon="sap-icon://refresh" press="onTableRefresh" type="Emphasized"></Button>-->
		</content>
		<beginButton>
			<Button press="langContinueBtnPress" text="{i18n>labelContinue}" type="Accept" visible="{fragmentViewModel>/continueBtn}"/>
		</beginButton>
		<endButton>
			<Button press="langCancelBtnPress" text="{i18n>labelCancel}" type="Reject"/>
		</endButton>
	</Dialog>
</core:FragmentDefinition>