<core:FragmentDefinition xmlns:core="sap.ui.core" xmlns:f="sap.ui.layout.form" xmlns:l="sap.ui.layout" xmlns="sap.m">
	<Dialog  class="sapUiSizeCompact covidDialogStyle" contentWidth="70%" title="{i18n>checkinsummarytitle}">
		<l:Grid class="sapUiTinyMarginTop sapUiSizeCompact" defaultSpan="L6 M6 S12" vSpacing="0">
			<l:content>
				<l:Grid class="sapUiTinyMarginTop" defaultSpan="L6 M9 S12" vSpacing="0.1">
					<l:content>
						<Label design="Bold" text="{i18n>regNum}:" visible="{oModelTraSummary>/reg_IdVisible}">
							<layoutData>
								<l:GridData span="L6 M9 S12"/>
							</layoutData>
						</Label>
						<Text text="{oModelTraSummary>/reg_Id}" visible="{oModelTraSummary>/reg_IdVisible}"/>
						<Label design="Bold" text="{i18n>driverName}:">
							<layoutData>
								<l:GridData linebreakL="true" linebreakM="true" linebreakS="true" span="L6 M9 S12"/>
							</layoutData>
						</Label>
						<Text text="{oModelTraSummary>/driver_Name}"/>
						<Label design="Bold" text="{i18n>cmpnyName}:" visible="{oModelTraSummary>/sizecompanyVisible}">
							<layoutData>
								<l:GridData linebreakL="true" linebreakM="true" linebreakS="true" span="L6 M9 S12"/>
							</layoutData>
						</Label>
						<Text text="{oModelTraSummary>/sizecompany}" visible="{oModelTraSummary>/sizecompanyVisible}"/>
						<Label design="Bold" text="{i18n>transportName}:" visible="{oModelTraSummary>/transportNameVisible}">
							<layoutData>
								<l:GridData linebreakL="true" linebreakM="true" linebreakS="true" span="L6 M9 S12"/>
							</layoutData>
						</Label>
						<Text text="{oModelTraSummary>/transportNameSelect}" visible="{oModelTraSummary>/transportNameVisible}"/>
					</l:content>
				</l:Grid>
				<l:Grid class="sapUiTinyMarginTop" defaultSpan="L6 M9 S12" vSpacing="0.1">
					<l:content>
						<Label design="Bold" text="{i18n>mblNum}:">
							<layoutData>
								<l:GridData linebreakL="true" linebreakM="true" linebreakS="true" span="L6 M9 S12"/>
							</layoutData>
						</Label>
						<Text text="{oModelTraSummary>/countryCode}"/>
						<Label design="Bold" text="{i18n>trailerId}:" visible="{oModelTraSummary>/Trailer_IdVisible}">
							<layoutData>
								<l:GridData linebreakL="true" linebreakM="true" linebreakS="true" span="L6 M9 S12"/>
							</layoutData>
						</Label>
						<Text text="{oModelTraSummary>/Trailer_Id}" visible="{oModelTraSummary>/Trailer_IdVisible}"/>
						<Label design="Bold" text="{i18n>trailerType}:" visible="{oModelTraSummary>/sizeVisible}">
							<layoutData>
								<l:GridData linebreakL="true" linebreakM="true" linebreakS="true" span="L6 M9 S12"/>
							</layoutData>
						</Label>
						<Text text="{oModelTraSummary>/size}" visible="{oModelTraSummary>/sizeVisible}"/>
					</l:content>
				</l:Grid>
			</l:content>
		</l:Grid>
		<l:Grid class="sapUiTinyMarginTop sapUiSizeCompact" defaultSpan="L3 M6 S12" vSpacing="0">
			<l:content>
				<!--	<Label design="Bold" text="{i18n>note} :">
				
				</Label>-->
				<Text class="sapUiSmallMarginBegin onTextForValid" text="{i18n>mobileNumValidationMessage}" visible="{oModelTraSummary>/validPhoneFlagVis}">
					<layoutData>
						<l:GridData linebreakL="true" linebreakM="true" linebreakS="true" span="L6 M9 S12"/>
					</layoutData>
				</Text>
			</l:content>
		</l:Grid>
		<Toolbar/>
		<beginButton>
			<Button class="buttonTextBoldChickinSum" id="Proceed_summary" press="confCheckIn" text="{i18n>Confirm}" type="Accept"
				width="13rem"/>
		</beginButton>
		<endButton>
			<Button class="buttonTextBoldChickinSum submitBtn" id="Back_summary" press="CheckinSummaryDialogClose" text="{i18n>Modify}" type="Reject"
				width="13rem"/>
		</endButton>
	</Dialog>
</core:FragmentDefinition>