<core:FragmentDefinition xmlns:core="sap.ui.core" xmlns:f="sap.ui.layout.form" xmlns:l="sap.ui.layout" xmlns="sap.m">
	<Dialog class="covidDialogStyle" title="{covidModel>/dialogTitle}">
		<content>
			<Table editable="true" items="{covidQtnsModel&gt;/}" visible="{covidModel>/covidQtnsTableVisibility}">
				<columns>
					<Column demandPopin="false" hAlign="Begin" minScreenWidth="Phone" type="Active">
						<Text class="sapColmnBgr" text="{i18n>checkList}" width=""/>
					</Column>
					<Column demandPopin="false" hAlign="Center" minScreenWidth="Phone">
						<Text class="sapColmnBgr" text="{i18n>yesNo}"/>
					</Column>
				</columns>
				<items>
					<ColumnListItem>
						<cells>
							<Text class="obj_text" text="{covidQtnsModel&gt;question}"/>
							<Switch change="onToggle" customTextOff="{i18n>passthroughNo}" customTextOn="{i18n>passthroughYes}"
								state="{= ${covidQtnsModel&gt;Answer} === 'X'? true : false}"/>
						</cells>
					</ColumnListItem>
				</items>
			</Table>
			<Panel visible="{covidModel&gt;/ppePanelVisibility}">
				<core:HTML content="{ppeModel>/ppe}"></core:HTML>
			</Panel>
		</content>
		<beginButton>
			<Button class="buttonTextBold" press="qContinue" text="{i18n>labelContinue}" type="Accept" width="15rem"/>
		</beginButton>
		<!--<endButton>-->
		<!--	<Button press="qtnsDialogClose" text="{i18n>labelCancel}" type="Reject" class="buttonTextBold" width="15rem"/>-->
		<!--</endButton>-->
	</Dialog>
</core:FragmentDefinition>