<core:FragmentDefinition height="70%" width="70%" xmlns:core="sap.ui.core" xmlns="sap.m">
	<TableSelectDialog class="valueHelpDialog" confirm="handleValueHelpConfirm" contentHeight="40%" contentWidth="40%" id="valueHelp"
		items="{path:'customerValueHelpDlgModel>/results'}" liveChange="handleSearchCustmrName" title="{i18n>customerValueHelpDailogTitle}">
		<columns>
			<Column >
				<header>
					<Text text="{i18n>customerName}"/>
				</header>
			</Column>
			<Column  >
				<header>
					<Text text="{i18n>tblSelectDlgLifnr}"/>
				</header>
			</Column>
		</columns>
		<ColumnListItem>
			<cells>
				<Text class="sapUiTinyMarginBottom" text="{customerValueHelpDlgModel>Name1}"/>
				<Text class="sapUiSmallMarginTop" text="{customerValueHelpDlgModel>Lifnr}"/>
			</cells>
		</ColumnListItem>
	</TableSelectDialog>
</core:FragmentDefinition>