<core:FragmentDefinition xmlns:core="sap.ui.core" xmlns:f="sap.ui.layout.form" xmlns:l="sap.ui.layout" xmlns="sap.m">
	<Dialog class="sapUiSizeCompact delCheckStyle" contentHeight="30%" contentWidth="60%" title="{i18n>Deliveieslisttitle}">
		<ScrollContainer focusable="true" height="100%" vertical="true" width="100%">
			<Table class="stickyClass" id="deliveriesTableID" items="{path: 'oModelDeliveries>/'}"
				mode="MultiSelect" sticky="ColumnHeaders" includeItemInSelection="true">
				<columns>
					<Column>
						<header>
							<Label design="Bold" text="{i18n>delivery}"/>
						</header>
					</Column>
					<Column>
						<header>
							<Label design="Bold" text="{i18n>customerName}"/>
						</header>
					</Column>
					<Column>
						<header>
							<Label design="Bold" text="{i18n>custDate}"/>
						</header>
					</Column>
				</columns>
				<items>
					<ColumnListItem >
						<cells>
							<Text text="{oModelDeliveries>DELIV}"/>
							<Text text="{oModelDeliveries>CUSTNAME}"/>
							<Text text="{oModelDeliveries>CUSTDATE}"/>
						</cells>
					</ColumnListItem>
				</items>
			</Table>
		</ScrollContainer>
		<beginButton>
			<Button class="buttonTextBoldDelSum" id="Proceed" press="onProceedDeliverieslist" text="{i18n>Proceed}" type="Accept" width="13rem"/>
		</beginButton>
		<endButton>
			<Button class="buttonTextBoldDelSum" id="Back" press="onBackDeliverieslist" text="{i18n>Back}" type="Reject" width="13rem"/>
		</endButton>
	</Dialog>
</core:FragmentDefinition>