<core:FragmentDefinition xmlns:core="sap.ui.core" xmlns:lay="sap.ui.layout" xmlns:sap.ui.core="sap.ui.core" xmlns="sap.m">
	<!--<Image height="45px" id="__image0" mode="Image" src="Images/CHEP_Logo.bmp" width="145px"/>-->
	<Bar id="Header_Desktop_Bar_ID">
		<customData>
			<core:CustomData id="__data4" key="sap-ui-fastnavgroup" value="true" writeToDom="true"/>
		</customData>
		<contentLeft>
			<HBox>
				<HBox>
					<Button icon="sap-icon://navigation-left-arrow" id="navBack" press="onNavBack" type="Accept"/>
					<!--<sap.ui.core:Icon id="navBack" press="onNavBack" size="1.0rem" class="sapUiTinyMarginBegin sapUiTinyMarginEnd" src="sap-icon://navigation-left-arrow"/>-->
					<Label class="sapUiTinyMarginBegin" design="Bold" id="Page_Label" text="{i18n&gt;LabelPage}" width="100%"/>
					<Text class="sapUiTinyMarginBegin" id="pageNo" maxLines="0" text="{pgmodel>/pgStart} {i18n&gt;pageof} {pgmodel>/pgEnd}"/>
				</HBox>
				<HBox class="sapUiTinyMarginBegin">
					<Label design="Bold" id="Plant_Label" text="{i18n&gt;LabelPlant}" width="100%"/>
					<!--<Text id="Plant" maxLines="0" text="{HeaderDetails&gt;/Plant} - {HeaderDetails&gt;/Name1}" class="sapUiTinyMarginBegin"/>-->
					<!--<Text id="Plant" maxLines="0" text="{ parts: [{path: 'HeaderDetails&gt;/Plant'} , {'HeaderDetails&gt;/Name1'}], formatter:'.Formatter.PlantChange'}"/>-->
					<Text class="sapUiTinyMarginBegin" id="Plant" maxLines="0"
						text="{ parts: [{path: 'HeaderDetails&gt;/ParentPlant' }, {path: 'HeaderDetails&gt;/Plant' }, {path: 'HeaderDetails&gt;/Name1' }], formatter:'.formatter.PlantChange'}"/>
				</HBox>
				<!--<HBox class="sapUiMediumMarginBegin">-->
				<!--	<Label design="Bold" id="KioskId_Label" text="{i18n&gt;LabelKioskid}" width="100%"/>-->
				<!--	<Text id="kioskId" maxLines="0" text=""/>-->
				<!--</HBox>-->
			</HBox>
		</contentLeft>
		<contentMiddle>
			<HBox>
				<Label design="Bold" id="empNameIDLab" text="{i18n&gt;LabelUser}" width="100%"/>
				<!--<Text id="empNameID" text="{HeaderDetails&gt;/Firstname} {HeaderDetails&gt;/Lastname}"/>-->
				<Text class="sapUiTinyMarginBegin" id="empNameID" text=" "/>
				<Text class="Bold" id="chepOrderNo" text=" "/>
			</HBox>
		</contentMiddle>
		<contentRight>
			<HBox>
				<HBox>
					<Label design="Bold" text="{i18n&gt;LabelLang}" width="100%"/>
					<Text class="sapUiTinyMarginBegin" id="langId" text=" "/>
				</HBox>
				<HBox class="sapUiTinyMarginBegin">
					<Label design="Bold" text="{i18n&gt;LabelDate}" width="100%"/>
					<Text class="sapUiTinyMarginBegin" id="oDateID" text=" "/>
				</HBox>
			</HBox>
		</contentRight>
		<!--<contentLeft>-->
		<!--	<Label design="Bold" id="Plant_Label" text="{i18n&gt;LabelPlant}" width="100%"/>-->
		<!--	<Text id="Plant" maxLines="0" text="{HeaderDetails&gt;/Plant} - {HeaderDetails&gt;/Name1}"/>-->
		<!--</contentLeft>-->
		<!--<contentMiddle>-->
		<!--	<Label design="Bold" text="{i18n&gt;LabelUser}" width="100%"/>-->
		<!--<Text id="empNameID" text="{HeaderDetails&gt;/Firstname} {HeaderDetails&gt;/Lastname}"/>-->
		<!--	<Text id="empNameID" text=" "/>-->
		<!--</contentMiddle>-->
		<!--<contentRight>-->
		<!--	<Label design="Bold" text="{i18n&gt;LabelDate}" width="100%"/>-->
		<!--	<Text id="oDateID" text=" "/>-->
		<!--</contentRight>-->
	</Bar>
</core:FragmentDefinition>