<core:FragmentDefinition xmlns:core="sap.ui.core" xmlns:lay="sap.ui.layout" xmlns="sap.m">
	<!--<Image height="45px" id="__image0" mode="Image" src="Images/CHEP_Logo.bmp" width="145px"/>-->
	<Bar id="Kiosk_Desktop_Bar_ID">
		<contentLeft>
			<Label design="Bold" id="KioskId_Label" text="{i18n&gt;LabelKioskid}" width="100%"/>
			<Text id="kioskId" maxLines="0" text=""/>
		</contentLeft>

		<contentRight>
			<Label design="Bold" text="{i18n&gt;LabelLang}" width="100%"/>
			<Text id="langId" text=" "/>
		</contentRight>
	</Bar>
</core:FragmentDefinition>