<core:FragmentDefinition xmlns:core="sap.ui.core" xmlns:lay="sap.ui.layout" xmlns="sap.m">
	<Dialog horizontalScrolling="false" showHeader="false" verticalScrolling="false">
		<content>
			<HBox>
				<core:Icon class="helpIcon sapUiMediumMarginTop sapUiSmallMarginBegin" size="22px" src="sap-icon://sys-help-2"/>
				<Text class="DropAndHook sapUiMediumMarginTop sapUiSmallMarginBegin" text="{i18n>dropPickFrag}"/>
			</HBox>
			<HBox class="dropPick">
				<VBox>
					<Button class="hookpick DropNpick sapUiTinyMarginEnd" press="onNoPress" text="{i18n>live}" type="Emphasized" width="11rem"
						visible="{= ${oUAplantModel>/Region}=== 'US' ?true:false}"/>
					<Button class="hookpick DropNpickUAbtn sapUiTinyMarginEnd" press="onUApress" text="{i18n>onUAlive}" type="Emphasized" width="11rem"
						visible="{UAunknwnModel>/onUacontinueBtn}"/>
				</VBox>
				<VBox>
					<HBox>
						<Button class="hookpick DropNpick sapUiMediumMarginBegin" press="onYesPress" text="{i18n>pickUp}" type="Accept" width="6.5rem" visible="{= ${oUAplantModel>/Region}=== 'US' ?true:false}"/>
						<Button class="hookpick DropNpick sapUiTinyMarginBegin " press="onYesPress" text="{i18n>drop}" type="Accept" width="6rem" visible="{= ${oUAplantModel>/Region}=== 'US' ?true:false}"/>
					</HBox>
					<Button class="hookpick DropNpick sapUiMediumMarginBegin" press="onYesPress" text="{i18n>dropNpick}" type="Accept" width="13rem" visible="{= ${oUAplantModel>/Region}=== 'US' ?true:false}"/>
				</VBox>
				<!--<Button class="BtnFont sapUiTinyMarginBegin" press="onYesPress" text="{i18n>trlhookyes}" type="Accept" width="12rem"/>-->
			</HBox>
			<VBox>
				<Text class="hookPickGreenText sapUiTinyMarginBegin sapUiTinyMarginBottom" text="{i18n>dropPickGreenBtn}" visible="{UAunknwnModel>/variabgeText}"/>
				<Text class="hookPickBlueText sapUiTinyMarginBegin sapUiSmallMarginBottom" text="{i18n>dropPickRedBtn}"/>
			</VBox>
		</content>
	</Dialog>
</core:FragmentDefinition>