<core:FragmentDefinition xmlns:core="sap.ui.core" xmlns:f="sap.ui.layout.form" xmlns:l="sap.ui.layout" xmlns="sap.m">
	<Dialog horizontalScrolling="false" showHeader="false" verticalScrolling="false">
		<content>
			<HBox class="sapUiTinyMarginBegin">
				<core:Icon class="iconTextcolor sapUiMediumMarginTop sapUiTinyMarginBegin " size="22px" src="sap-icon://sys-help-2"/>
				<Text class="iconTextcolor sapUiMediumMarginTop sapUiTinyMarginBegin" text="{i18n>leaveFacilityTrailer}"/>
			</HBox>
			<HBox>
				<VBox class="newTrailerButtonAlign">
					<Button class="BtnFont HookBtnPadding" press="onEmptyTrailerPress" text="{i18n>yesEmptyTrailer}" type="Emphasized" width="22rem"/>
					<Button class="BtnFont HookBtnPadding" press="onLoadedTrailerPress" text="{i18n>yesLoadedTrailer}" type="Emphasized" width="22rem"/>
					<Button class="BtnFont HookBtnPadding" press="onBobTailPress" text="{i18n>noBobTail}" type="Emphasized" width="22rem"/>
				</VBox>
			</HBox>
		</content>
	</Dialog>
</core:FragmentDefinition>