<core:FragmentDefinition height="70%" width="70%" xmlns:core="sap.ui.core" xmlns="sap.m">
	<Dialog afterClose="onHaulierclose" class="covidDialogNewStyle">
		<content>
			<SearchField liveChange="glidSearchName" placeholder="{i18n>customerValueHelpDailogTitle}"/>
			<Table class="valueHelpDialog" id="TableData" contentHeight="40%" contentWidth="40%" mode="SingleSelectMaster" updateFinished="onCustmerData"
				items="{GlidHaulierModel>/}" title="{i18n>GlidHeaderLable}" selectionChange="onHaulierChange">
				<columns>
					<Column >
						<header>
							<Text text="{i18n>custmerLablel}"/>
						</header>
					</Column>
					<Column >
						<header>
							<Text text="{i18n>lableGlid}"/>
						</header>
					</Column>
				</columns>
				<items>
				<ColumnListItem>
					<cells>
						<Text class="sapUiTinyMarginBottom" text="{GlidHaulierModel>Name1}"/>
						<Text class="sapUiSmallMarginTop" text="{GlidHaulierModel>Lifnr}"/>
					</cells>
				</ColumnListItem>
				</items>
			</Table>
		</content>
		<!--<beginButton>-->
		<!--	<Button text="{i18n>addNewCustmer}" press="OnGetCustmerData" visible="{CustmerModel>/CustmerButon}"/>-->
		<!--</beginButton>-->
		<endButton>
			<Button text="{i18n>labelCancel}" press="onGlidCancel"/>
		</endButton>
	</Dialog>
</core:FragmentDefinition>