<core:FragmentDefinition xmlns:core="sap.ui.core" xmlns:lay="sap.ui.layout" xmlns="sap.m">
<Dialog verticalScrolling="false" horizontalScrolling="false" showHeader="false">
		<content>
			<HBox class="sapUiTinyMarginBegin" >
				<core:Icon class="iconTextcolor sapUiMediumMarginTop sapUiSmallMarginBegin" size="22px" color="green" src="sap-icon://sys-help-2"/>
				<Text class="iconTextcolor sapUiMediumMarginTop sapUiTinyMarginBegin"  text="{i18n>fragmentText}"/>
			</HBox>
			<VBox class="trailerbuttonAlign">
				<Button press="onIssueEmptyTrailerPress" text="{i18n>emptytrailer}" type="Emphasized" width="22rem"  class="BtnFont HookBtnPadding"/>
				<Button press="onIssueLoadedTrailerPress" text="{i18n>loadedtrrailer}"  type="Emphasized" width="22rem" class="BtnFont HookBtnPadding" />
				<Button press="onIssueBobtailPress" text="{i18n>none}" type="Emphasized"   width="22rem" class="BtnFont HookBtnPadding" />
			</VBox>
		</content>
	</Dialog>
</core:FragmentDefinition>