<core:FragmentDefinition xmlns:core="sap.ui.core" xmlns:lay="sap.ui.layout" xmlns="sap.m">
	<Dialog showHeader="false" verticalScrolling="false" horizontalScrolling="false">
		<content>
			<HBox>
				<core:Icon class="alertIcon sapUiTinyMarginBegin sapUiMediumMarginTop" size="22px" src="sap-icon://alert"/>
				<Text class="inBound sapUiTinyMarginBegin sapUiMediumMarginTop " text="{i18n>inBoundText}"/>
			</HBox>
		</content>
		<Button class="IDontHave okButtonAlign " press="onOKPress" text="{i18n>ok}" type="Accept" width="10rem"/>
	</Dialog>
</core:FragmentDefinition>