<core:FragmentDefinition xmlns:core="sap.ui.core" xmlns:f="sap.ui.layout.form" xmlns:l="sap.ui.layout" xmlns="sap.m">
	<Dialog class="dailogTitle titleBold" contentWidth="60%" design="Bold" title="{i18n>listOfDel}">
		<HBox>
			<VBox>
				<Table delete="onItemDelete" editable="true" id="DetailTable_ID" items="{path :'deliveryMod>/results'}"
					updateFinished="onUpdateFinishForAddDelivery">
					<columns>
						<Column hAlign="Left" minScreenWidth="Tablet" type="Active">
							<header>
								<Label class="" design="Bold" text="{i18n&gt;returnAdd}"/>
							</header>
						</Column>
						<Column hAlign="Left" minScreenWidth="Tablet" type="Active">
							<header>
								<Label design="Bold" text="{i18n&gt;delIcon}"/>
							</header>
						</Column>
					</columns>
					<items>
						<ColumnListItem>
							<cells>
								<Text id="Descr" text="{deliveryMod>chepdeliverynumber}" textAlign="Left"/>
								<Button icon="sap-icon://delete" id="dltDelv" press="onItemDelete" type="Reject"/>
							</cells>
						</ColumnListItem>
					</items>
				</Table>
			</VBox>
			<VBox>
				<Table delete="onItemDelete" editable="true" id="tipTableId" items="{path :'tipListMod>/results'}" updateFinished="TipForAddDelivery">
					<columns>
						<Column hAlign="Left" minScreenWidth="Tablet" type="Active">
							<header>
								<Label class="" design="Bold" text="{i18n&gt;issueAdd}"/>
							</header>
						</Column>
						<Column hAlign="Left" minScreenWidth="Tablet" type="Active">
							<header>
								<Label design="Bold" text="{i18n&gt;delIcon}"/>
							</header>
						</Column>
					</columns>
					<items>
						<ColumnListItem>
							<cells>
								<Text id="DescrTip" text="{tipListMod>chepdeliverynumber}" textAlign="Left"/>
								<Button icon="sap-icon://delete" id="dltDelvTip" press="onItemDeleteTip" type="Reject"/>
							</cells>
						</ColumnListItem>
					</items>
				</Table>
			</VBox>
		</HBox>
		<HBox>
			<Button class="listDelButton sapUiTinyMarginTop sapUiTinyMarginBegin sapUiTinyMarginBottom" press="onListDeliveriesOK" text="{i18n>ok}"
				type="Accept" width="10rem"/>
		</HBox>
	</Dialog>
</core:FragmentDefinition>