<core:FragmentDefinition xmlns:core="sap.ui.core" xmlns:lay="sap.ui.layout" xmlns="sap.m">
	<OverflowToolbar id="Header_Mobile_Bar_ID" class="overFlowBar">
		<VBox height="100%">
			<HBox>
				<HBox>
					<Label design="Bold" id="Plant_Label1" text="{i18n&gt;LabelPlant}" width="100%"/>
					<!--<Text class="sapUiTinyMarginBegin" id="Plant1" text=" {HeaderDetails&gt;/Plant} - {HeaderDetails&gt;/Name1}"/>-->
					<Text class="sapUiTinyMarginBegin" id="Plant1" 
						text="{ parts: [{path: 'HeaderDetails&gt;/ParentPlant' }, {path: 'HeaderDetails&gt;/Plant' }, {path: 'HeaderDetails&gt;/Name1' }], formatter:'.formatter.PlantChange'}"/>
				</HBox>
			</HBox>
			<HBox>
				<Label design="Bold" text="{i18n&gt;LabelUser}"/>
				<!--<Text id="empNameID1" text=" {HeaderDetails&gt;/Firstname} {HeaderDetails&gt;/Lastname}" class="sapUiTinyMarginBegin"/>-->
				<Text class="sapUiTinyMarginBegin" id="empNameID1" text=" "/>
			</HBox>
			<HBox>
				<Label design="Bold" text="{i18n&gt;LabelDate}"/>
				<Text class="sapUiTinyMarginBegin" id="oDateID1" text=" "/>
			</HBox>
		</VBox>
	</OverflowToolbar>
</core:FragmentDefinition>