<core:FragmentDefinition xmlns:core="sap.ui.core" xmlns:lay="sap.ui.layout" xmlns="sap.m">
	<OverflowToolbar id="Kiosk_Mobile_Bar_ID" class="overFlowBar1" >
		<VBox height="100%">
			<HBox>
				<HBox>
					<Label design="Bold" id="KioskId_Label1" text="{i18n&gt;LabelKioskid}" width="100%" class="sapUiTinyMarginTop"/>
					<Text class="sapUiTinyMarginBegin sapUiTinyMarginTop " id="kioskId1" maxLines="0" text=""/>
				</HBox>
			</HBox>
			<HBox>
				<Label design="Bold" text="{i18n&gt;LabelLang}" width="100%" />
				<Text class="sapUiTinyMarginBegin" id="langId1"  text=" "/>
			</HBox>
		</VBox>
	</OverflowToolbar>
</core:FragmentDefinition>