<core:FragmentDefinition xmlns:core="sap.ui.core" xmlns:f="sap.ui.layout.form" xmlns:l="sap.ui.layout" xmlns="sap.m">
	<Dialog showHeader="false" verticalScrolling="false" horizontalScrolling="false">
		<HBox class="sapUiTinyMarginTop">
			<core:Icon class="iconTextcolor sapUiSmallMarginBegin" size="22px" src="sap-icon://message-information"/>
			<Text class="iconTextcolor sapUiSmallMarginBegin" text="{i18n>outBoundTitle}"/>
		</HBox>
		<HBox class="sapUiTinyMarginTop ">
			<Label class="sapUiSmallMarginBegin sapUiSmallMarginTop" design="Bold" text="{i18n>orderNum}:"/>
			<VBox>
				<Input class="sapUiLargeMarginBegin inputFontSize" id="docId" liveChange="outBoundLiveChange" type="Number" width="16rem"/>
				<Button class="IDontHave Bold sapUiLargeMarginBegin sapUiSmallMarginTop" press="onOutBoundDontHaveOrderNumPress" text="{i18n>donthaveOrderNum}" width="16rem"/>
				<Button class="BtnFont Bold sapUiLargeMarginBegin sapUiSmallMarginTop" press="onOutBoundSubmitpress" text="{i18n>trailerSubmit}" type="Emphasized"
					width="16rem"/>
			</VBox>
		</HBox>
	</Dialog>
</core:FragmentDefinition>