<core:FragmentDefinition xmlns:core="sap.ui.core" xmlns:f="sap.ui.layout.form" xmlns:l="sap.ui.layout" xmlns="sap.m">
	<Dialog showHeader="false" verticalScrolling="false" horizontalScrolling="false">
		<HBox>
			<core:Icon class="alertIcon sapUiTinyMarginBegin sapUiSmallMarginTop" size="22px" src="sap-icon://alert"/>
			<Text class="inBound sapUiSmallMarginTop sapUiSmallMarginBegin sapUiSmallMarginBottom" text="{i18n>outBoundAssistance}"/>
		</HBox>
		<HBox class="sapUiSmallMarginBegin sapUiTinyMarginTop">
			<Label class="sapUiSmallMarginTop" design="Bold" text="{i18n>orderNum}:"/>
			<Input class="sapUiSmallMarginBegin inputFontSize" id="notValidRefNum" width="15rem" liveChange="notValidLiveChange"/>
		</HBox>
		<HBox class="notValidButtons">
			<Button class="BtnFont sapUiSmallMarginBegin" id="notValidSubmit" press="onOutBoundNvSubmitPress" text="{i18n>trailerSubmit}" type="Accept" width="10rem"/>
			<Button class="notValidCancel BtnFont sapUiSmallMarginEnd" id="notValidSCancel" press="onOutBoundNvCancelPress" text="{i18n>labelCancel}" type="Reject"
				width="10rem"/>
		</HBox>
	</Dialog>
</core:FragmentDefinition>