<core:FragmentDefinition xmlns:core="sap.ui.core" xmlns:f="sap.ui.layout.form" xmlns:l="sap.ui.layout" xmlns="sap.m">
	<Dialog class="covidDialogStyle" title="{i18n>privacyNotice}">
		<content>
			<TextArea value="{i18n>privacyNote}" class="sapUiTinyMarginBegin sapUiSmallMarginBottom sapUiTinyMarginEnd" cols="200" rows="12" editable="false"/>
		</content>
		<beginButton>
			<Button class="buttonTextBold" text="{i18n>AcceptAgreement}" type="Accept" press="onAcceptPrivacyNote" width="15rem"/>
		</beginButton>
		<endButton>
			<Button class="buttonTextBold" text="{i18n>DeclineAgreement}" type="Reject" press="onDeclinePrivacyNote" width="15rem"/>
		</endButton>
	</Dialog>
</core:FragmentDefinition>