<core:FragmentDefinition xmlns:core="sap.ui.core" xmlns:lay="sap.ui.layout" xmlns="sap.m">
	<Dialog class="cacheDailogClass" showHeader="false" verticalScrolling="false" horizontalScrolling="false">
		<content>
			<HBox>
				<!--<core:Icon class="helpIcon sapUiMediumMarginTop sapUiSmallMarginBegin" size="22px" src="sap-icon://sys-help-2"/>-->
				<Text class="DropAndHook sapUiMediumMarginTop sapUiSmallMarginBegin" text="{i18n>cacheClearText}"/>
			</HBox>
			<HBox class="HookOk">
				<Button class="BtnFont sapUiTinyMarginBegin" press="onCacheYes" text="{i18n>trlhookyes}" type="Accept" width="12rem"/>
				<Button class="hookNo BtnFont sapUiTinyMarginEnd" press="onCacheNo" text="{i18n>trlhookno}" type="Reject" width="12rem"/>
			</HBox>
		</content>
	</Dialog>
</core:FragmentDefinition>