<core:FragmentDefinition xmlns:core="sap.ui.core" xmlns:lay="sap.ui.layout" xmlns="sap.m">
	<Dialog verticalScrolling="false" horizontalScrolling="false" showHeader="false">
		<content>
			<Text class="DropAndHook sapUiMediumMarginTop sapUiSmallMarginBegin" text="{i18n>trailerTypeSelect}"/>
			<HBox class="HookOk">
				<Button class="BtnFont sapUiTinyMarginBegin " press="onFlatBedPress" text="{i18n>flatbed}" type="Emphasized" width="12rem"/>
				<Button class="hookNo BtnFont sapUiTinyMarginEnd " press="ontrailerVanPress" text="{i18n>van}" type="Emphasized" width="12rem"/>
			</HBox>
		</content>
	</Dialog>
</core:FragmentDefinition>