<core:FragmentDefinition xmlns:core="sap.ui.core" xmlns:f="sap.ui.layout.form" xmlns:l="sap.ui.layout" xmlns="sap.m">
	<Dialog horizontalScrolling="false" showHeader="false" verticalScrolling="false">
		<HBox>
			<Label class="sapUiSmallMarginBegin sapUiMediumMarginTop transName" design="Bold"  text="{i18n>newTransName}"/>
			<Input class="inputFontSize sapUiSmallMarginTop sapUiSmallMarginBegin"  id="newTransportName" value="" width="13rem"/>
		</HBox>
			<HBox class="addDelButtons">
			<Button class="sapUiSmallMarginBegin addOrderBtn" press="addNewTransName" text="{i18n>addTransName}" type="Accept" width="11rem"/>
			<Button class=" sapUiSmallMarginEnd orderCancelBtn"  press="cancelTransName" text="{i18n>labelCancel}" type="Reject" width="13rem"/>
			</HBox>
	</Dialog>
</core:FragmentDefinition>